
> crm v react@1.0.0 build
> webpack --config webpack.config.prod.js

Browserslist: browsers data (caniuse-lite) is 9 months old. Please run:
  npx update-browserslist-db@latest
  Why you should do it regularly: https://github.com/browserslist/update-db#readme
assets by status 872 KiB [1m[32m[cached][39m[22m 5 assets
Entrypoint [1mindex[39m[22m = [1m[32m771.e20d802f89060998297c.322c745b-9326-436f-a7e5-016c47a2f157.js[39m[22m [1m[32mindex.b4e47df96ca6a51133e2.322c745b-9326-436f-a7e5-016c47a2f157.js[39m[22m 1 auxiliary asset
orphan modules 1.25 MiB [1m[33m[orphan][39m[22m 444 modules
runtime modules 4.72 KiB 10 modules
cacheable modules 2.32 MiB (javascript) 197 bytes (asset) 278 modules

[1m[33mWARNING[39m[22m in [1m[eslint] 
C:\Users\blaha5\Downloads\da\reactkys\crmWAcv\src\components\campaignContactsList.jsx
   72:7   warning  [1m[31mUnexpected[39m[22m[1m alert    no-alert
  133:7   warning  [1m[31mUnexpected[39m[22m[1m alert    no-alert
  171:27  warning  [1m[31mUnexpected[39m[22m[1m confirm  no-alert

C:\Users\blaha5\Downloads\da\reactkys\crmWAcv\src\components\campaignList.jsx
  70:23  warning  [1m[31mUnexpected[39m[22m[1m confirm  no-alert

C:\Users\blaha5\Downloads\da\reactkys\crmWAcv\src\components\columnList.jsx
  52:23  warning  [1m[31mUnexpected[39m[22m[1m confirm  no-alert

C:\Users\blaha5\Downloads\da\reactkys\crmWAcv\src\components\contactList.jsx
  70:23  warning  [1m[31mUnexpected[39m[22m[1m confirm  no-alert

C:\Users\blaha5\Downloads\da\reactkys\crmWAcv\src\components\eventsList.jsx
  189:23  warning  [1m[31mUnexpected[39m[22m[1m confirm  no-alert

C:\Users\blaha5\Downloads\da\reactkys\crmWAcv\src\components\firmList.jsx
  341:23  warning  [1m[31mUnexpected[39m[22m[1m confirm  no-alert

C:\Users\blaha5\Downloads\da\reactkys\crmWAcv\src\components\giftList.jsx
  59:23  warning  [1m[31mUnexpected[39m[22m[1m confirm  no-alert

C:\Users\blaha5\Downloads\da\reactkys\crmWAcv\src\components\meetList.jsx
  61:23  warning  [1m[31mUnexpected[39m[22m[1m confirm  no-alert

C:\Users\blaha5\Downloads\da\reactkys\crmWAcv\src\components\nav.jsx
  25:18  warning  [1m[31mUnexpected[39m[22m[1m confirm  no-alert

C:\Users\blaha5\Downloads\da\reactkys\crmWAcv\src\components\practiceList.jsx
  59:23  warning  [1m[31mUnexpected[39m[22m[1m confirm  no-alert

C:\Users\blaha5\Downloads\da\reactkys\crmWAcv\src\components\practiceListTable.jsx
  190:23  warning  [1m[31mUnexpected[39m[22m[1m confirm  no-alert

C:\Users\blaha5\Downloads\da\reactkys\crmWAcv\src\components\workshoplist.jsx
  65:23  warning  [1m[31mUnexpected[39m[22m[1m confirm  no-alert

Ôťľ 3140 problems (3126 errors, 14 warnings)
  3124 errors and 0 warnings potentially fixable with the `--fix` option.
[39m[22m

[1m[31mERROR[39m[22m in [1m[eslint] 
C:\Users\blaha5\Downloads\da\reactkys\crmWAcv\src\App.jsx
    1:42  [1m[31merror[39m[22m[1m  Expected linebreaks to be 'LF' but found 'CRLF'                                                 linebreak-style
    2:9   [1m[31merror[39m[22m[1m  Expected linebreaks to be 'LF' but found 'CRLF'                                                 linebreak-style
    3:45  [1m[31merror[39m[22m[1m  Expected linebreaks to be 'LF' but found 'CRLF'                                                 linebreak-style
    4:27  [1m[31merror[39m[22m[1m  Expected linebreaks to be 'LF' but found 'CRLF'                                                 linebreak-style
    5:48  [1m[31merror[39m[22m[1m  Expected linebreaks to be 'LF' but found 'CRLF'                                                 linebreak-style
    6:54  [1m[31merror[39m[22m[1m  Expected linebreaks to be 'LF' but found 'CRLF'                                                 linebreak-style
    7:70  [1m[31merror[39m[22m[1m  Expected linebreaks to be 'LF' but found 'CRLF'                                                 linebreak-style
    8:54  [1m[31merror[39m[22m[1m  Expected linebreaks to be 'LF' but found 'CRLF'                                                 linebreak-style
    9:58  [1m[31merror[39m[22m[1m  Expected linebreaks to be 'LF' but found 'CRLF'                                                 linebreak-style
   10:50  [1m[31merror[39m[22m[1m  Expected linebreaks to be 'LF' but found 'CRLF'                                                 linebreak-style
   11:1   [1m[31merror[39m[22m[1m  `./components/editCampaignForm` import should occur after import of `./components/contactList`  import/order
   11:58  [1m[31merror[39m[22m[1m  Expected linebreaks to be 'LF' but found 'CRLF'                                                 linebreak-style
   12:1   [1m[31merror[39m[22m[1m  `./components/editEventForm` import should occur after import of `./components/contactList`     import/order
   12:56  [1m[31merror[39m[22m[1m  Expected linebreaks to be 'LF' but found 'CRLF'                                                 linebreak-style
   13:1   [1m[31merror[39m[22m[1m  `./components/eventsList` import should occur after import of `./components/contactList`        import/order
   13:49  [1m[31merror[39m[22m[1m  Expected linebreaks to be 'LF' but found 'CRLF'                                                 linebreak-style
   14:1   [1m[31merror[39m[22m[1m  `./components/exportForm` import should occur after import of `./components/contactList`        import/order
   14:50  [1m[31merror[39m[22m[1m  Expected linebreaks to be 'LF' but found 'CRLF'                                                 linebreak-style
   15:1   [1m[31merror[39m[22m[1m  `./components/firmList` import should occur after import of `./components/contactList`          import/order
   15:46  [1m[31merror[39m[22m[1m  Expected linebreaks to be 'LF' but found 'CRLF'                                                 linebreak-style
   16:52  [1m[31merror[39m[22m[1m  Expected linebreaks to be 'LF' but found 'CRLF'                                                 linebreak-style
   17:1   [1m[31merror[39m[22m[1m  `./components/meetList` import should occur after import of `./components/hideColm`             import/order
   17:46  [1m[31merror[39m[22m[1m  Expected linebreaks to be 'LF' but found 'CRLF'                                                 linebreak-style
   18:1   [1m[31merror[39m[22m[1m  `./components/workshoplist` import should occur after import of `./components/UrlProvider`      import/order
   18:54  [1m[31merror[39m[22m[1m  Expected linebreaks to be 'LF' but found 'CRLF'                                                 linebreak-style
   19:71  [1m[31merror[39m[22m[1m  Expected linebreaks to be 'LF' but found 'CRLF'                                                 linebreak-style
   20:46  [1m[31merror[39m[22m[1m  Expected linebreaks to be 'LF' but found 'CRLF'                                                 linebreak-style
   21:36  [1m[31merror[39m[22m[1m  Expected linebreaks to be 'LF' but found 'CRLF'                                                 linebreak-style
   22:64  [1m[31merror[39m[22m[1m  Expected linebreaks to be 'LF' but found 'CRLF'                                                 linebreak-style
   23:40  [1m[31merror[39m[22m[1m  Expected linebreaks to be 'LF' but found 'CRLF'                                                 linebreak-style
   24:54  [1m[31merror[39m[22m[1m  Expected linebreaks to be 'LF' but found 'CRLF'                                                 linebreak-style
   25:62  [1m[31merror[39m[22m[1m  Expected linebreaks to be 'LF' but found 'CRLF'                                                 linebreak-style
   26:52  [1m[31merror[39m[22m[1m  Expected linebreaks to be 'LF' but found 'CRLF'                                                 linebreak-style
   27:1   [1m[31merror[39m[22m[1m  Expected linebreaks to be 'LF' but found 'CRLF'                                                 linebreak-style
   28:32  [1m[31merror[39m[22m[1m  Expected linebreaks to be 'LF' but found 'CRLF'                                                 linebreak-style
   29:34  [1m[31merror[39m[22m[1m  Expected linebreaks to be 'LF' but found 'CRLF'                                                 linebreak-style
   30:1   [1m[31merror[39m[22m[1m  Expected linebreaks to be 'LF' but found 'CRLF'                                                 linebreak-style
   31:20  [1m[31merror[39m[22m[1m  Expected linebreaks to be 'LF' but found 'CRLF'                                                 linebreak-style
   32:79  [1m[31merror[39m[22m[1m  Expected linebreaks to be 'LF' but found 'CRLF'                                                 linebreak-style
   33:32  [1m[31merror[39m[22m[1m  Expected linebreaks to be 'LF' but found 'CRLF'                                                 linebreak-style
   34:64  [1m[31merror[39m[22m[1m  Expected linebreaks to be 'LF' but found 'CRLF'                                                 linebreak-style
   35:37  [1m[31merror[39m[22m[1m  Expected linebreaks to be 'LF' but found 'CRLF'                                                 linebreak-style
   36:60  [1m[31merror[39m[22m[1m  Expected linebreaks to be 'LF' but found 'CRLF'                                                 linebreak-style
   37:58  [1m[31merror[39m[22m[1m  Expected linebreaks to be 'LF' but found 'CRLF'                                                 linebreak-style
   38:6   [1m[31merror[39m[22m[1m  Expected linebreaks to be 'LF' but found 'CRLF'                                                 linebreak-style
   39:1   [1m[31merror[39m[22m[1m  Expected linebreaks to be 'LF' but found 'CRLF'                                                 linebreak-style
   40:55  [1m[31merror[39m[22m[1m  Expected linebreaks to be 'LF' but found 'CRLF'                                                 linebreak-style
   41:1   [1m[31merror[39m[22m[1m  Expected linebreaks to be 'LF' but found 'CRLF'                                                 linebreak-style
   42:74  [1m[31merror[39m[22m[1m  Expected linebreaks to be 'LF' but found 'CRLF'                                                 linebreak-style
   43:31  [1m[31merror[39m[22m[1m  Expected linebreaks to be 'LF' but found 'CRLF'                                                 linebreak-style
   44:1   [1m[31merror[39m[22m[1m  Expected linebreaks to be 'LF' but found 'CRLF'                                                 linebreak-style
   45:39  [1m[31merror[39m[22m[1m  Expected linebreaks to be 'LF' but found 'CRLF'                                                 linebreak-style
   46:41  [1m[31merror[39m[22m[1m  Expected linebreaks to be 'LF' but found 'CRLF'                                                 linebreak-style
   47:71  [1m[31merror[39m[22m[1m  Expected linebreaks to be 'LF' but found 'CRLF'                                                 linebreak-style
   48:75  [1m[31merror[39m[22m[1m  Expected linebreaks to be 'LF' but found 'CRLF'                                                 linebreak-style
   49:56  [1m[31merror[39m[22m[1m  Expected linebreaks to be 'LF' but found 'CRLF'                                                 linebreak-style
   50:32  [1m[31merror[39m[22m[1m  Expected linebreaks to be 'LF' but found 'CRLF'                                                 linebreak-style
   51:1   [1m[31merror[39m[22m[1m  Expected linebreaks to be 'LF' but found 'CRLF'                                                 linebreak-style
   52:42  [1m[31merror[39m[22m[1m  Expected linebreaks to be 'LF' but found 'CRLF'                                                 linebreak-style
   53:18  [1m[31merror[39m[22m[1m  Expected linebreaks to be 'LF' but found 'CRLF'                                                 linebreak-style
   54:1   [1m[31merror[39m[22m[1m  Expected linebreaks to be 'LF' but found 'CRLF'                                                 linebreak-style
   55:11  [1m[31merror[39m[22m[1m  Expected linebreaks to be 'LF' but found 'CRLF'                                                 linebreak-style
   56:7   [1m[31merror[39m[22m[1m  Expected linebreaks to be 'LF' but found 'CRLF'                                                 linebreak-style
   57:14  [1m[31merror[39m[22m[1m  Expected linebreaks to be 'LF' but found 'CRLF'                                                 linebreak-style
   58:15  [1m[31merror[39m[22m[1m  Expected linebreaks to be 'LF' but found 'CRLF'                                                 linebreak-style
   59:54  [1m[31merror[39m[22m[1m  Expected linebreaks to be 'LF' but found 'CRLF'                                                 linebreak-style
   60:54  [1m[31merror[39m[22m[1m  Expected linebreaks to be 'LF' but found 'CRLF'                                                 linebreak-style
   61:64  [1m[31merror[39m[22m[1m  Expected linebreaks to be 'LF' but found 'CRLF'                                                 linebreak-style
   62:60  [1m[31merror[39m[22m[1m  Expected linebreaks to be 'LF' but found 'CRLF'                                                 linebreak-style
   63:57  [1m[31merror[39m[22m[1m  Expected linebreaks to be 'LF' but found 'CRLF'                                                 linebreak-style
   64:61  [1m[31merror[39m[22m[1m  Expected linebreaks to be 'LF' but found 'CRLF'                                                 linebreak-style
   65:74  [1m[31merror[39m[22m[1m  Expected linebreaks to be 'LF' but found 'CRLF'                                                 linebreak-style
   66:52  [1m[31merror[39m[22m[1m  Expected linebreaks to be 'LF' but found 'CRLF'                                                 linebreak-style
   67:60  [1m[31merror[39m[22m[1m  Expected linebreaks to be 'LF' but found 'CRLF'                                                 linebreak-style
   68:61  [1m[31merror[39m[22m[1m  Expected linebreaks to be 'LF' but found 'CRLF'                                                 linebreak-style
   69:66  [1m[31merror[39m[22m[1m  Expected linebreaks to be 'LF' but found 'CRLF'                                                 linebreak-style
   70:74  [1m[31merror[39m[22m[1m  Expected linebreaks to be 'LF' but found 'CRLF'                                                 linebreak-style
   71:58  [1m[31merror[39m[22m[1m  Expected linebreaks to be 'LF' but found 'CRLF'                                                 linebreak-style
   72:62  [1m[31merror[39m[22m[1m  Expected linebreaks to be 'LF' but found 'CRLF'                                                 linebreak-style
   73:69  [1m[31merror[39m[22m[1m  Expected linebreaks to be 'LF' but found 'CRLF'                                                 linebreak-style
   74:85  [1m[31merror[39m[22m[1m  Expected linebreaks to be 'LF' but found 'CRLF'                                                 linebreak-style
   75:84  [1m[31merror[39m[22m[1m  Expected linebreaks to be 'LF' but found 'CRLF'                                                 linebreak-style
   76:76  [1m[31merror[39m[22m[1m  Expected linebreaks to be 'LF' but found 'CRLF'                                                 linebreak-style
   77:65  [1m[31merror[39m[22m[1m  Expected linebreaks to be 'LF' but found 'CRLF'                                                 linebreak-style
   78:62  [1m[31merror[39m[22m[1m  Expected linebreaks to be 'LF' but found 'CRLF'                                                 linebreak-style
   79:62  [1m[31merror[39m[22m[1m  Expected linebreaks to be 'LF' but found 'CRLF'                                                 linebreak-style
   80:74  [1m[31merror[39m[22m[1m  Expected linebreaks to be 'LF' but found 'CRLF'                                                 linebreak-style
   81:68  [1m[31merror[39m[22m[1m  Expected linebreaks to be 'LF' but found 'CRLF'                                                 linebreak-style
   82:76  [1m[31merror[39m[22m[1m  Expected linebreaks to be 'LF' but found 'CRLF'                                                 linebreak-style
   83:16  [1m[31merror[39m[22m[1m  Expected linebreaks to be 'LF' but found 'CRLF'                                                 linebreak-style
   84:8   [1m[31merror[39m[22m[1m  Expected linebreaks to be 'LF' but found 'CRLF'                                                 linebreak-style
   85:5   [1m[31merror[39m[22m[1m  Expected linebreaks to be 'LF' but found 'CRLF'                                                 linebreak-style
   86:3   [1m[31merror[39m[22m[1m  Expected linebreaks to be 'LF' but found 'CRLF'                                                 linebreak-style
   87:1   [1m[31merror[39m[22m[1m  Expected linebreaks to be 'LF' but found 'CRLF'                                                 linebreak-style
   88:27  [1m[31merror[39m[22m[1m  Expected linebreaks to be 'LF' but found 'CRLF'                                                 linebreak-style
   89:18  [1m[31merror[39m[22m[1m  Expected linebreaks to be 'LF' but found 'CRLF'                                                 linebreak-style
   90:19  [1m[31merror[39m[22m[1m  Expected linebreaks to be 'LF' but found 'CRLF'                                                 linebreak-style
   91:26  [1m[31merror[39m[22m[1m  Expected linebreaks to be 'LF' but found 'CRLF'                                                 linebreak-style
   92:20  [1m[31merror[39m[22m[1m  Expected linebreaks to be 'LF' but found 'CRLF'                                                 linebreak-style
   93:19  [1m[31merror[39m[22m[1m  Expected linebreaks to be 'LF' but found 'CRLF'                                                 linebreak-style
   94:1   [1m[31merror[39m[22m[1m  Expected linebreaks to be 'LF' but found 'CRLF'                                                 linebreak-style
   95:3   [1m[31merror[39m[22m[1m  Expected linebreaks to be 'LF' but found 'CRLF'                                                 linebreak-style
   96:1   [1m[31merror[39m[22m[1m  Expected linebreaks to be 'LF' but found 'CRLF'                                                 linebreak-style
   97:20  [1m[31merror[39m[22m[1m  Expected linebreaks to be 'LF' but found 'CRLF'                                                 linebreak-style
   98:16  [1m[31merror[39m[22m[1m  Expected linebreaks to be 'LF' but found 'CRLF'                                                 linebreak-style
   99:19  [1m[31merror[39m[22m[1m  Expected linebreaks to be 'LF' but found 'CRLF'                                                 linebreak-style
  100:17  [1m[31merror[39m[22m[1m  Expected linebreaks to be 'LF' but found 'CRLF'                                                 linebreak-style
  101:3   [1m[31merror[39m[22m[1m  Expected linebreaks to be 'LF' but found 'CRLF'                                                 linebreak-style
  102:1   [1m[31merror[39m[22m[1m  Expected linebreaks to be 'LF' but found 'CRLF'                                                 linebreak-style
  103:20  [1m[31merror[39m[22m[1m  Expected linebreaks to be 'LF' but found 'CRLF'                                                 linebreak-style

C:\Users\blaha5\Downloads\da\reactkys\crmWAcv\src\components\Auth401Guard.jsx
   1:36  [1m[31merror[39m[22m[1m  Expected linebreaks to be 'LF' but found 'CRLF'  linebreak-style
   2:43  [1m[31merror[39m[22m[1m  Expected linebreaks to be 'LF' but found 'CRLF'  linebreak-style
   3:40  [1m[31merror[39m[22m[1m  Expected linebreaks to be 'LF' but found 'CRLF'  linebreak-style
   4:1   [1m[31merror[39m[22m[1m  Expected linebreaks to be 'LF' but found 'CRLF'  linebreak-style
   5:41  [1m[31merror[39m[22m[1m  Expected linebreaks to be 'LF' but found 'CRLF'  linebreak-style
   6:28  [1m[31merror[39m[22m[1m  Expected linebreaks to be 'LF' but found 'CRLF'  linebreak-style
   7:39  [1m[31merror[39m[22m[1m  Expected linebreaks to be 'LF' but found 'CRLF'  linebreak-style
   8:1   [1m[31merror[39m[22m[1m  Expected linebreaks to be 'LF' but found 'CRLF'  linebreak-style
   9:20  [1m[31merror[39m[22m[1m  Expected linebreaks to be 'LF' but found 'CRLF'  linebreak-style
  10:46  [1m[31merror[39m[22m[1m  Expected linebreaks to be 'LF' but found 'CRLF'  linebreak-style
  11:1   [1m[31merror[39m[22m[1m  Expected linebreaks to be 'LF' but found 'CRLF'  linebreak-style
  12:36  [1m[31merror[39m[22m[1m  Expected linebreaks to be 'LF' but found 'CRLF'  linebreak-style
  13:89  [1m[31merror[39m[22m[1m  Expected linebreaks to be 'LF' but found 'CRLF'  linebreak-style
  14:35  [1m[31merror[39m[22m[1m  Expected linebreaks to be 'LF' but found 'CRLF'  linebreak-style
  15:16  [1m[31merror[39m[22m[1m  Expected linebreaks to be 'LF' but found 'CRLF'  linebreak-style
  16:8   [1m[31merror[39m[22m[1m  Expected linebreaks to be 'LF' but found 'CRLF'  linebreak-style
  17:1   [1m[31merror[39m[22m[1m  Expected linebreaks to be 'LF' but found 'CRLF'  linebreak-style
  18:12  [1m[31merror[39m[22m[1m  Expected linebreaks to be 'LF' but found 'CRLF'  linebreak-style
  19:57  [1m[31merror[39m[22m[1m  Expected linebreaks to be 'LF' but found 'CRLF'  linebreak-style
  20:25  [1m[31merror[39m[22m[1m  Expected linebreaks to be 'LF' but found 'CRLF'  linebreak-style
  21:34  [1m[31merror[39m[22m[1m  Expected linebreaks to be 'LF' but found 'CRLF'  linebreak-style
  22:37  [1m[31merror[39m[22m[1m  Expected linebreaks to be 'LF' but found 'CRLF'  linebreak-style
  23:21  [1m[31merror[39m[22m[1m  Expected linebreaks to be 'LF' but found 'CRLF'  linebreak-style
  24:40  [1m[31merror[39m[22m[1m  Expected linebreaks to be 'LF' but found 'CRLF'  linebreak-style
  25:13  [1m[31merror[39m[22m[1m  Expected linebreaks to be 'LF' but found 'CRLF'  linebreak-style
  26:12  [1m[31merror[39m[22m[1m  Expected linebreaks to be 'LF' but found 'CRLF'  linebreak-style
  27:1   [1m[31merror[39m[22m[1m  Expected linebreaks to be 'LF' but found 'CRLF'  linebreak-style
  28:34  [1m[31merror[39m[22m[1m  Expected linebreaks to be 'LF' but found 'CRLF'  linebreak-style
  29:40  [1m[31merror[39m[22m[1m  Expected linebreaks to be 'LF' but found 'CRLF'  linebreak-style
  30:48  [1m[31merror[39m[22m[1m  Expected linebreaks to be 'LF' but found 'CRLF'  linebreak-style
  31:68  [1m[31merror[39m[22m[1m  Expected linebreaks to be 'LF' but found 'CRLF'  linebreak-style
  32:13  [1m[31merror[39m[22m[1m  Expected linebreaks to be 'LF' but found 'CRLF'  linebreak-style
  33:1   [1m[31merror[39m[22m[1m  Expected linebreaks to be 'LF' but found 'CRLF'  linebreak-style
  34:66  [1m[31merror[39m[22m[1m  Expected linebreaks to be 'LF' but found 'CRLF'  linebreak-style
  35:10  [1m[31merror[39m[22m[1m  Expected linebreaks to be 'LF' but found 'CRLF'  linebreak-style
  36:20  [1m[31merror[39m[22m[1m  Expected linebreaks to be 'LF' but found 'CRLF'  linebreak-style
  37:24  [1m[31merror[39m[22m[1m  Expected linebreaks to be 'LF' but found 'CRLF'  linebreak-style
  38:8   [1m[31merror[39m[22m[1m  Expected linebreaks to be 'LF' but found 'CRLF'  linebreak-style
  39:7   [1m[31merror[39m[22m[1m  Expected linebreaks to be 'LF' but found 'CRLF'  linebreak-style
  40:1   [1m[31merror[39m[22m[1m  Expected linebreaks to be 'LF' but found 'CRLF'  linebreak-style
  41:17  [1m[31merror[39m[22m[1m  Expected linebreaks to be 'LF' but found 'CRLF'  linebreak-style
  42:1   [1m[31merror[39m[22m[1m  Expected linebreaks to be 'LF' but found 'CRLF'  linebreak-style
  43:19  [1m[31merror[39m[22m[1m  Expected linebreaks to be 'LF' but found 'CRLF'  linebreak-style
  44:26  [1m[31merror[39m[22m[1m  Expected linebreaks to be 'LF' but found 'CRLF'  linebreak-style
  45:7   [1m[31merror[39m[22m[1m  Expected linebreaks to be 'LF' but found 'CRLF'  linebreak-style
  46:13  [1m[31merror[39m[22m[1m  Expected linebreaks to be 'LF' but found 'CRLF'  linebreak-style
  47:1   [1m[31merror[39m[22m[1m  Expected linebreaks to be 'LF' but found 'CRLF'  linebreak-style
  48:19  [1m[31merror[39m[22m[1m  Expected linebreaks to be 'LF' but found 'CRLF'  linebreak-style
  49:3   [1m[31merror[39m[22m[1m  Expected linebreaks to be 'LF' but found 'CRLF'  linebreak-style
  50:1   [1m[31merror[39m[22m[1m  Expected linebreaks to be 'LF' but found 'CRLF'  linebreak-style
  51:27  [1m[31merror[39m[22m[1m  Expected linebreaks to be 'LF' but found 'CRLF'  linebreak-style
  52:39  [1m[31merror[39m[22m[1m  Expected linebreaks to be 'LF' but found 'CRLF'  linebreak-style
  53:3   [1m[31merror[39m[22m[1m  Expected linebreaks to be 'LF' but found 'CRLF'  linebreak-style
  54:1   [1m[31merror[39m[22m[1m  Expected linebreaks to be 'LF' but found 'CRLF'  linebreak-style
  55:29  [1m[31merror[39m[22m[1m  Expected linebreaks to be 'LF' but found 'CRLF'  linebreak-style

C:\Users\blaha5\Downloads\da\reactkys\crmWAcv\src\components\UrlProvider.jsx
   1:36  [1m[31merror[39m[22m[1m  Expected linebreaks to be 'LF' but found 'CRLF'  linebreak-style
   2:16  [1m[31merror[39m[22m[1m  Expected linebreaks to be 'LF' but found 'CRLF'  linebreak-style
   3:59  [1m[31merror[39m[22m[1m  Expected linebreaks to be 'LF' but found 'CRLF'  linebreak-style
   4:16  [1m[31merror[39m[22m[1m  Expected linebreaks to be 'LF' but found 'CRLF'  linebreak-style
   5:1   [1m[31merror[39m[22m[1m  Expected linebreaks to be 'LF' but found 'CRLF'  linebreak-style
   6:40  [1m[31merror[39m[22m[1m  Expected linebreaks to be 'LF' but found 'CRLF'  linebreak-style
   7:1   [1m[31merror[39m[22m[1m  Expected linebreaks to be 'LF' but found 'CRLF'  linebreak-style
   8:40  [1m[31merror[39m[22m[1m  Expected linebreaks to be 'LF' but found 'CRLF'  linebreak-style
   9:49  [1m[31merror[39m[22m[1m  Expected linebreaks to be 'LF' but found 'CRLF'  linebreak-style
  10:25  [1m[31merror[39m[22m[1m  Expected linebreaks to be 'LF' but found 'CRLF'  linebreak-style
  11:38  [1m[31merror[39m[22m[1m  Expected linebreaks to be 'LF' but found 'CRLF'  linebreak-style
  12:27  [1m[31merror[39m[22m[1m  Expected linebreaks to be 'LF' but found 'CRLF'  linebreak-style
  13:1   [1m[31merror[39m[22m[1m  Expected linebreaks to be 'LF' but found 'CRLF'  linebreak-style
  14:58  [1m[31merror[39m[22m[1m  Expected linebreaks to be 'LF' but found 'CRLF'  linebreak-style
  15:1   [1m[31merror[39m[22m[1m  Expected linebreaks to be 'LF' but found 'CRLF'  linebreak-style
  16:40  [1m[31merror[39m[22m[1m  Expected linebreaks to be 'LF' but found 'CRLF'  linebreak-style
  17:20  [1m[31merror[39m[22m[1m  Expected linebreaks to be 'LF' but found 'CRLF'  linebreak-style
  18:36  [1m[31merror[39m[22m[1m  Expected linebreaks to be 'LF' but found 'CRLF'  linebreak-style
  19:27  [1m[31merror[39m[22m[1m  Expected linebreaks to be 'LF' but found 'CRLF'  linebreak-style
  20:12  [1m[31merror[39m[22m[1m  Expected linebreaks to be 'LF' but found 'CRLF'  linebreak-style
  21:61  [1m[31merror[39m[22m[1m  Expected linebreaks to be 'LF' but found 'CRLF'  linebreak-style
  22:28  [1m[31merror[39m[22m[1m  Expected linebreaks to be 'LF' but found 'CRLF'  linebreak-style
  23:23  [1m[31merror[39m[22m[1m  Expected linebreaks to be 'LF' but found 'CRLF'  linebreak-style
  24:10  [1m[31merror[39m[22m[1m  Expected linebreaks to be 'LF' but found 'CRLF'  linebreak-style
  25:38  [1m[31merror[39m[22m[1m  Expected linebreaks to be 'LF' but found 'CRLF'  linebreak-style
  26:23  [1m[31merror[39m[22m[1m  Expected linebreaks to be 'LF' but found 'CRLF'  linebreak-style
  27:24  [1m[31merror[39m[22m[1m  Expected linebreaks to be 'LF' but found 'CRLF'  linebreak-style
  28:54  [1m[31merror[39m[22m[1m  Expected linebreaks to be 'LF' but found 'CRLF'  linebreak-style
  29:8   [1m[31merror[39m[22m[1m  Expected linebreaks to be 'LF' but found 'CRLF'  linebreak-style
  30:7   [1m[31merror[39m[22m[1m  Expected linebreaks to be 'LF' but found 'CRLF'  linebreak-style
  31:17  [1m[31merror[39m[22m[1m  Expected linebreaks to be 'LF' but found 'CRLF'  linebreak-style
  32:13  [1m[31merror[39m[22m[1m  Expected linebreaks to be 'LF' but found 'CRLF'  linebreak-style
  33:1   [1m[31merror[39m[22m[1m  Expected linebreaks to be 'LF' but found 'CRLF'  linebreak-style
  34:21  [1m[31merror[39m[22m[1m  Expected linebreaks to be 'LF' but found 'CRLF'  linebreak-style
  35:1   [1m[31merror[39m[22m[1m  Expected linebreaks to be 'LF' but found 'CRLF'  linebreak-style
  36:21  [1m[31merror[39m[22m[1m  Expected linebreaks to be 'LF' but found 'CRLF'  linebreak-style
  37:40  [1m[31merror[39m[22m[1m  Expected linebreaks to be 'LF' but found 'CRLF'  linebreak-style
  38:44  [1m[31merror[39m[22m[1m  Expected linebreaks to be 'LF' but found 'CRLF'  linebreak-style
  39:37  [1m[31merror[39m[22m[1m  Expected linebreaks to be 'LF' but found 'CRLF'  linebreak-style
  40:1   [1m[31merror[39m[22m[1m  Expected linebreaks to be 'LF' but found 'CRLF'  linebreak-style
  41:11  [1m[31merror[39m[22m[1m  Expected linebreaks to be 'LF' but found 'CRLF'  linebreak-style
  42:47  [1m[31merror[39m[22m[1m  Expected linebreaks to be 'LF' but found 'CRLF'  linebreak-style
  43:17  [1m[31merror[39m[22m[1m  Expected linebreaks to be 'LF' but found 'CRLF'  linebreak-style
  44:27  [1m[31merror[39m[22m[1m  Expected linebreaks to be 'LF' but found 'CRLF'  linebreak-style
  45:5   [1m[31merror[39m[22m[1m  Expected linebreaks to be 'LF' but found 'CRLF'  linebreak-style
  46:3   [1m[31merror[39m[22m[1m  Expected linebreaks to be 'LF' but found 'CRLF'  linebreak-style
  47:1   [1m[31merror[39m[22m[1m  Expected linebreaks to be 'LF' but found 'CRLF'  linebreak-style
  48:26  [1m[31merror[39m[22m[1m  Expected linebreaks to be 'LF' but found 'CRLF'  linebreak-style
  49:39  [1m[31merror[39m[22m[1m  Expected linebreaks to be 'LF' but found 'CRLF'  linebreak-style
  50:3   [1m[31merror[39m[22m[1m  Expected linebreaks to be 'LF' but found 'CRLF'  linebreak-style
  51:1   [1m[31merror[39m[22m[1m  Expected linebreaks to be 'LF' but found 'CRLF'  linebreak-style
  52:52  [1m[31merror[39m[22m[1m  Expected linebreaks to be 'LF' but found 'CRLF'  linebreak-style
  53:1   [1m[31merror[39m[22m[1m  Expected linebreaks to be 'LF' but found 'CRLF'  linebreak-style
  54:53  [1m[31merror[39m[22m[1m  Expected linebreaks to be 'LF' but found 'CRLF'  linebreak-style
  55:1   [1m[31merror[39m[22m[1m  Expected linebreaks to be 'LF' but found 'CRLF'  linebreak-style
  56:28  [1m[31merror[39m[22m[1m  Expected linebreaks to be 'LF' but found 'CRLF'  linebreak-style

C:\Users\blaha5\Downloads\da\reactkys\crmWAcv\src\components\allWSlist.jsx
    1:59   [1m[31merror[39m[22m[1m  Expected linebreaks to be 'LF' but found 'CRLF'  linebreak-style
    2:27   [1m[31merror[39m[22m[1m  Expected linebreaks to be 'LF' but found 'CRLF'  linebreak-style
    3:52   [1m[31merror[39m[22m[1m  Expected linebreaks to be 'LF' but found 'CRLF'  linebreak-style
    4:40   [1m[31merror[39m[22m[1m  Expected linebreaks to be 'LF' but found 'CRLF'  linebreak-style
    5:1    [1m[31merror[39m[22m[1m  Expected linebreaks to be 'LF' but found 'CRLF'  linebreak-style
    6:26   [1m[31merror[39m[22m[1m  Expected linebreaks to be 'LF' but found 'CRLF'  linebreak-style
    7:40   [1m[31merror[39m[22m[1m  Expected linebreaks to be 'LF' but found 'CRLF'  linebreak-style
    8:48   [1m[31merror[39m[22m[1m  Expected linebreaks to be 'LF' but found 'CRLF'  linebreak-style
    9:48   [1m[31merror[39m[22m[1m  Expected linebreaks to be 'LF' but found 'CRLF'  linebreak-style
   10:44   [1m[31merror[39m[22m[1m  Expected linebreaks to be 'LF' but found 'CRLF'  linebreak-style
   11:36   [1m[31merror[39m[22m[1m  Expected linebreaks to be 'LF' but found 'CRLF'  linebreak-style
   12:52   [1m[31merror[39m[22m[1m  Expected linebreaks to be 'LF' but found 'CRLF'  linebreak-style
   13:1    [1m[31merror[39m[22m[1m  Expected linebreaks to be 'LF' but found 'CRLF'  linebreak-style
   14:56   [1m[31merror[39m[22m[1m  Expected linebreaks to be 'LF' but found 'CRLF'  linebreak-style
   15:34   [1m[31merror[39m[22m[1m  Expected linebreaks to be 'LF' but found 'CRLF'  linebreak-style
   16:10   [1m[31merror[39m[22m[1m  Expected linebreaks to be 'LF' but found 'CRLF'  linebreak-style
   17:68   [1m[31merror[39m[22m[1m  Expected linebreaks to be 'LF' but found 'CRLF'  linebreak-style
   18:30   [1m[31merror[39m[22m[1m  Expected linebreaks to be 'LF' but found 'CRLF'  linebreak-style
   19:34   [1m[31merror[39m[22m[1m  Expected linebreaks to be 'LF' but found 'CRLF'  linebreak-style
   20:20   [1m[31merror[39m[22m[1m  Expected linebreaks to be 'LF' but found 'CRLF'  linebreak-style
   21:29   [1m[31merror[39m[22m[1m  Expected linebreaks to be 'LF' but found 'CRLF'  linebreak-style
   22:16   [1m[31merror[39m[22m[1m  Expected linebreaks to be 'LF' but found 'CRLF'  linebreak-style
   23:25   [1m[31merror[39m[22m[1m  Expected linebreaks to be 'LF' but found 'CRLF'  linebreak-style
   24:6    [1m[31merror[39m[22m[1m  Expected linebreaks to be 'LF' but found 'CRLF'  linebreak-style
   25:5    [1m[31merror[39m[22m[1m  Expected linebreaks to be 'LF' but found 'CRLF'  linebreak-style
   26:1    [1m[31merror[39m[22m[1m  Expected linebreaks to be 'LF' but found 'CRLF'  linebreak-style
   27:20   [1m[31merror[39m[22m[1m  Expected linebreaks to be 'LF' but found 'CRLF'  linebreak-style
   28:17   [1m[31merror[39m[22m[1m  Expected linebreaks to be 'LF' but found 'CRLF'  linebreak-style
   29:10   [1m[31merror[39m[22m[1m  Expected linebreaks to be 'LF' but found 'CRLF'  linebreak-style
   30:1    [1m[31merror[39m[22m[1m  Expected linebreaks to be 'LF' but found 'CRLF'  linebreak-style
   31:36   [1m[31merror[39m[22m[1m  Expected linebreaks to be 'LF' but found 'CRLF'  linebreak-style
   32:36   [1m[31merror[39m[22m[1m  Expected linebreaks to be 'LF' but found 'CRLF'  linebreak-style
   33:26   [1m[31merror[39m[22m[1m  Expected linebreaks to be 'LF' but found 'CRLF'  linebreak-style
   34:32   [1m[31merror[39m[22m[1m  Expected linebreaks to be 'LF' but found 'CRLF'  linebreak-style
   35:38   [1m[31merror[39m[22m[1m  Expected linebreaks to be 'LF' but found 'CRLF'  linebreak-style
   36:25   [1m[31merror[39m[22m[1m  Expected linebreaks to be 'LF' but found 'CRLF'  linebreak-style
   37:6    [1m[31merror[39m[22m[1m  Expected linebreaks to be 'LF' but found 'CRLF'  linebreak-style
   38:60   [1m[31merror[39m[22m[1m  Expected linebreaks to be 'LF' but found 'CRLF'  linebreak-style
   39:25   [1m[31merror[39m[22m[1m  Expected linebreaks to be 'LF' but found 'CRLF'  linebreak-style
   40:13   [1m[31merror[39m[22m[1m  Expected linebreaks to be 'LF' but found 'CRLF'  linebreak-style
   41:100  [1m[31merror[39m[22m[1m  Expected linebreaks to be 'LF' but found 'CRLF'  linebreak-style
   42:54   [1m[31merror[39m[22m[1m  Expected linebreaks to be 'LF' but found 'CRLF'  linebreak-style
   43:127  [1m[31merror[39m[22m[1m  Expected linebreaks to be 'LF' but found 'CRLF'  linebreak-style
   44:51   [1m[31merror[39m[22m[1m  Expected linebreaks to be 'LF' but found 'CRLF'  linebreak-style
   45:10   [1m[31merror[39m[22m[1m  Expected linebreaks to be 'LF' but found 'CRLF'  linebreak-style
   46:32   [1m[31merror[39m[22m[1m  Expected linebreaks to be 'LF' but found 'CRLF'  linebreak-style
   47:6    [1m[31merror[39m[22m[1m  Expected linebreaks to be 'LF' but found 'CRLF'  linebreak-style
   48:5    [1m[31merror[39m[22m[1m  Expected linebreaks to be 'LF' but found 'CRLF'  linebreak-style
   49:81   [1m[31merror[39m[22m[1m  Expected linebreaks to be 'LF' but found 'CRLF'  linebreak-style
   50:1    [1m[31merror[39m[22m[1m  Expected linebreaks to be 'LF' but found 'CRLF'  linebreak-style
   51:31   [1m[31merror[39m[22m[1m  Expected linebreaks to be 'LF' but found 'CRLF'  linebreak-style
   52:27   [1m[31merror[39m[22m[1m  Expected linebreaks to be 'LF' but found 'CRLF'  linebreak-style
   53:68   [1m[31merror[39m[22m[1m  Expected linebreaks to be 'LF' but found 'CRLF'  linebreak-style
   54:26   [1m[31merror[39m[22m[1m  Expected linebreaks to be 'LF' but found 'CRLF'  linebreak-style
   55:6    [1m[31merror[39m[22m[1m  Expected linebreaks to be 'LF' but found 'CRLF'  linebreak-style
   56:54   [1m[31merror[39m[22m[1m  Expected linebreaks to be 'LF' but found 'CRLF'  linebreak-style
   57:29   [1m[31merror[39m[22m[1m  Expected linebreaks to be 'LF' but found 'CRLF'  linebreak-style
   58:45   [1m[31merror[39m[22m[1m  Expected linebreaks to be 'LF' but found 'CRLF'  linebreak-style
   59:8    [1m[31merror[39m[22m[1m  Expected linebreaks to be 'LF' but found 'CRLF'  linebreak-style
   60:29   [1m[31merror[39m[22m[1m  Expected linebreaks to be 'LF' but found 'CRLF'  linebreak-style
   61:45   [1m[31merror[39m[22m[1m  Expected linebreaks to be 'LF' but found 'CRLF'  linebreak-style
   62:8    [1m[31merror[39m[22m[1m  Expected linebreaks to be 'LF' but found 'CRLF'  linebreak-style
   63:16   [1m[31merror[39m[22m[1m  Expected linebreaks to be 'LF' but found 'CRLF'  linebreak-style
   64:8    [1m[31merror[39m[22m[1m  Expected linebreaks to be 'LF' but found 'CRLF'  linebreak-style
   65:1    [1m[31merror[39m[22m[1m  Expected linebreaks to be 'LF' but found 'CRLF'  linebreak-style
   66:25   [1m[31merror[39m[22m[1m  Expected linebreaks to be 'LF' but found 'CRLF'  linebreak-style
   67:39   [1m[31merror[39m[22m[1m  Expected linebreaks to be 'LF' but found 'CRLF'  linebreak-style
   68:5    [1m[31merror[39m[22m[1m  Expected linebreaks to be 'LF' but found 'CRLF'  linebreak-style
   69:1    [1m[31merror[39m[22m[1m  Expected linebreaks to be 'LF' but found 'CRLF'  linebreak-style
   70:33   [1m[31merror[39m[22m[1m  Expected linebreaks to be 'LF' but found 'CRLF'  linebreak-style
   71:34   [1m[31merror[39m[22m[1m  Expected linebreaks to be 'LF' but found 'CRLF'  linebreak-style
   72:17   [1m[31merror[39m[22m[1m  Expected linebreaks to be 'LF' but found 'CRLF'  linebreak-style
   73:6    [1m[31merror[39m[22m[1m  Expected linebreaks to be 'LF' but found 'CRLF'  linebreak-style
   74:55   [1m[31merror[39m[22m[1m  Expected linebreaks to be 'LF' but found 'CRLF'  linebreak-style
   75:5    [1m[31merror[39m[22m[1m  Expected linebreaks to be 'LF' but found 'CRLF'  linebreak-style
   76:1    [1m[31merror[39m[22m[1m  Expected linebreaks to be 'LF' but found 'CRLF'  linebreak-style
   77:17   [1m[31merror[39m[22m[1m  Expected linebreaks to be 'LF' but found 'CRLF'  linebreak-style
   78:31   [1m[31merror[39m[22m[1m  Expected linebreaks to be 'LF' but found 'CRLF'  linebreak-style
   79:4    [1m[31merror[39m[22m[1m  Expected linebreaks to be 'LF' but found 'CRLF'  linebreak-style
   80:1    [1m[31merror[39m[22m[1m  Expected linebreaks to be 'LF' but found 'CRLF'  linebreak-style
   81:15   [1m[31merror[39m[22m[1m  Expected linebreaks to be 'LF' but found 'CRLF'  linebreak-style
   82:13   [1m[31merror[39m[22m[1m  Expected linebreaks to be 'LF' but found 'CRLF'  linebreak-style
   83:10   [1m[31merror[39m[22m[1m  Expected linebreaks to be 'LF' but found 'CRLF'  linebreak-style
   84:21   [1m[31merror[39m[22m[1m  Expected linebreaks to be 'LF' but found 'CRLF'  linebreak-style
   85:16   [1m[31merror[39m[22m[1m  Expected linebreaks to be 'LF' but found 'CRLF'  linebreak-style
   86:41   [1m[31merror[39m[22m[1m  Expected linebreaks to be 'LF' but found 'CRLF'  linebreak-style
   87:11   [1m[31merror[39m[22m[1m  Expected linebreaks to be 'LF' but found 'CRLF'  linebreak-style
   88:7    [1m[31merror[39m[22m[1m  Expected linebreaks to be 'LF' but found 'CRLF'  linebreak-style
   89:4    [1m[31merror[39m[22m[1m  Expected linebreaks to be 'LF' but found 'CRLF'  linebreak-style
   90:1    [1m[31merror[39m[22m[1m  Expected linebreaks to be 'LF' but found 'CRLF'  linebreak-style
   91:27   [1m[31merror[39m[22m[1m  Expected linebreaks to be 'LF' but found 'CRLF'  linebreak-style
   92:13   [1m[31merror[39m[22m[1m  Expected linebreaks to be 'LF' but found 'CRLF'  linebreak-style
   93:9    [1m[31merror[39m[22m[1m  Expected linebreaks to be 'LF' but found 'CRLF'  linebreak-style
   94:12   [1m[31merror[39m[22m[1m  Expected linebreaks to be 'LF' but found 'CRLF'  linebreak-style
   95:22   [1m[31merror[39m[22m[1m  Expected linebreaks to be 'LF' but found 'CRLF'  linebreak-style
   96:13   [1m[31merror[39m[22m[1m  Expected linebreaks to be 'LF' but found 'CRLF'  linebreak-style
   97:15   [1m[31merror[39m[22m[1m  Expected linebreaks to be 'LF' but found 'CRLF'  linebreak-style
   98:22   [1m[31merror[39m[22m[1m  Expected linebreaks to be 'LF' but found 'CRLF'  linebreak-style
   99:22   [1m[31merror[39m[22m[1m  Expected linebreaks to be 'LF' but found 'CRLF'  linebreak-style
  100:29   [1m[31merror[39m[22m[1m  Expected linebreaks to be 'LF' but found 'CRLF'  linebreak-style
  101:36   [1m[31merror[39m[22m[1m  Expected linebreaks to be 'LF' but found 'CRLF'  linebreak-style
  102:29   [1m[31merror[39m[22m[1m  Expected linebreaks to be 'LF' but found 'CRLF'  linebreak-style
  103:44   [1m[31merror[39m[22m[1m  Expected linebreaks to be 'LF' but found 'CRLF'  linebreak-style
  104:35   [1m[31merror[39m[22m[1m  Expected linebreaks to be 'LF' but found 'CRLF'  linebreak-style
  105:11   [1m[31merror[39m[22m[1m  Expected linebreaks to be 'LF' but found 'CRLF'  linebreak-style
  106:10   [1m[31merror[39m[22m[1m  Expected linebreaks to be 'LF' but found 'CRLF'  linebreak-style
  107:7    [1m[31merror[39m[22m[1m  Expected linebreaks to be 'LF' but found 'CRLF'  linebreak-style
  108:4    [1m[31merror[39m[22m[1m  Expected linebreaks to be 'LF' but found 'CRLF'  linebreak-style
  109:1    [1m[31merror[39m[22m[1m  Expected linebreaks to be 'LF' but found 'CRLF'  linebreak-style
  110:44   [1m[31merror[39m[22m[1m  Expected linebreaks to be 'LF' but found 'CRLF'  linebreak-style
  111:42   [1m[31merror[39m[22m[1m  Expected linebreaks to be 'LF' but found 'CRLF'  linebreak-style
  112:27   [1m[31merror[39m[22m[1m  Expected linebreaks to be 'LF' but found 'CRLF'  linebreak-style
  113:31   [1m[31merror[39m[22m[1m  Expected linebreaks to be 'LF' but found 'CRLF'  linebreak-style
  114:35   [1m[31merror[39m[22m[1m  Expected linebreaks to be 'LF' but found 'CRLF'  linebreak-style
  115:8    [1m[31merror[39m[22m[1m  Expected linebreaks to be 'LF' but found 'CRLF'  linebreak-style
  116:23   [1m[31merror[39m[22m[1m  Expected linebreaks to be 'LF' but found 'CRLF'  linebreak-style
  117:6    [1m[31merror[39m[22m[1m  Expected linebreaks to be 'LF' but found 'CRLF'  linebreak-style
  118:1    [1m[31merror[39m[22m[1m  Expected linebreaks to be 'LF' but found 'CRLF'  linebreak-style
  119:11   [1m[31merror[39m[22m[1m  Expected linebreaks to be 'LF' but found 'CRLF'  linebreak-style
  120:7    [1m[31merror[39m[22m[1m  Expected linebreaks to be 'LF' but found 'CRLF'  linebreak-style
  121:35   [1m[31merror[39m[22m[1m  Expected linebreaks to be 'LF' but found 'CRLF'  linebreak-style
  122:15   [1m[31merror[39m[22m[1m  Expected linebreaks to be 'LF' but found 'CRLF'  linebreak-style
  123:22   [1m[31merror[39m[22m[1m  Expected linebreaks to be 'LF' but found 'CRLF'  linebreak-style
  124:22   [1m[31merror[39m[22m[1m  Expected linebreaks to be 'LF' but found 'CRLF'  linebreak-style
  125:29   [1m[31merror[39m[22m[1m  Expected linebreaks to be 'LF' but found 'CRLF'  linebreak-style
  126:36   [1m[31merror[39m[22m[1m  Expected linebreaks to be 'LF' but found 'CRLF'  linebreak-style
  127:29   [1m[31merror[39m[22m[1m  Expected linebreaks to be 'LF' but found 'CRLF'  linebreak-style
  128:44   [1m[31merror[39m[22m[1m  Expected linebreaks to be 'LF' but found 'CRLF'  linebreak-style
  129:35   [1m[31merror[39m[22m[1m  Expected linebreaks to be 'LF' but found 'CRLF'  linebreak-style
  130:11   [1m[31merror[39m[22m[1m  Expected linebreaks to be 'LF' but found 'CRLF'  linebreak-style
  131:13   [1m[31merror[39m[22m[1m  Expected linebreaks to be 'LF' but found 'CRLF'  linebreak-style
  132:44   [1m[31merror[39m[22m[1m  Expected linebreaks to be 'LF' but found 'CRLF'  linebreak-style
  133:16   [1m[31merror[39m[22m[1m  Expected linebreaks to be 'LF' but found 'CRLF'  linebreak-style
  134:15   [1m[31merror[39m[22m[1m  Expected linebreaks to be 'LF' but found 'CRLF'  linebreak-style
  135:39   [1m[31merror[39m[22m[1m  Expected linebreaks to be 'LF' but found 'CRLF'  linebreak-style
  136:18   [1m[31merror[39m[22m[1m  Expected linebreaks to be 'LF' but found 'CRLF'  linebreak-style
  137:29   [1m[31merror[39m[22m[1m  Expected linebreaks to be 'LF' but found 'CRLF'  linebreak-style
  138:50   [1m[31merror[39m[22m[1m  Expected linebreaks to be 'LF' but found 'CRLF'  linebreak-style
  139:69   [1m[31merror[39m[22m[1m  Expected linebreaks to be 'LF' but found 'CRLF'  linebreak-style
  140:16   [1m[31merror[39m[22m[1m  Expected linebreaks to be 'LF' but found 'CRLF'  linebreak-style
  141:39   [1m[31merror[39m[22m[1m  Expected linebreaks to be 'LF' but found 'CRLF'  linebreak-style
  142:49   [1m[31merror[39m[22m[1m  Expected linebreaks to be 'LF' but found 'CRLF'  linebreak-style
  143:22   [1m[31merror[39m[22m[1m  Expected linebreaks to be 'LF' but found 'CRLF'  linebreak-style
  144:72   [1m[31merror[39m[22m[1m  Expected linebreaks to be 'LF' but found 'CRLF'  linebreak-style
  145:19   [1m[31merror[39m[22m[1m  Expected linebreaks to be 'LF' but found 'CRLF'  linebreak-style
  146:20   [1m[31merror[39m[22m[1m  Expected linebreaks to be 'LF' but found 'CRLF'  linebreak-style
  147:16   [1m[31merror[39m[22m[1m  Expected linebreaks to be 'LF' but found 'CRLF'  linebreak-style
  148:17   [1m[31merror[39m[22m[1m  Expected linebreaks to be 'LF' but found 'CRLF'  linebreak-style
  149:46   [1m[31merror[39m[22m[1m  Expected linebreaks to be 'LF' but found 'CRLF'  linebreak-style
  150:18   [1m[31merror[39m[22m[1m  Expected linebreaks to be 'LF' but found 'CRLF'  linebreak-style
  151:16   [1m[31merror[39m[22m[1m  Expected linebreaks to be 'LF' but found 'CRLF'  linebreak-style
  152:17   [1m[31merror[39m[22m[1m  Expected linebreaks to be 'LF' but found 'CRLF'  linebreak-style
  153:16   [1m[31merror[39m[22m[1m  Expected linebreaks to be 'LF' but found 'CRLF'  linebreak-style
  154:37   [1m[31merror[39m[22m[1m  Expected linebreaks to be 'LF' but found 'CRLF'  linebreak-style
  155:30   [1m[31merror[39m[22m[1m  Expected linebreaks to be 'LF' but found 'CRLF'  linebreak-style
  156:41   [1m[31merror[39m[22m[1m  Expected linebreaks to be 'LF' but found 'CRLF'  linebreak-style
  157:105  [1m[31merror[39m[22m[1m  Expected linebreaks to be 'LF' but found 'CRLF'  linebreak-style
  158:18   [1m[31merror[39m[22m[1m  Expected linebreaks to be 'LF' but found 'CRLF'  linebreak-style
  159:18   [1m[31merror[39m[22m[1m  Expected linebreaks to be 'LF' but found 'CRLF'  linebreak-style
  160:14   [1m[31merror[39m[22m[1m  Expected linebreaks to be 'LF' but found 'CRLF'  linebreak-style
  161:17   [1m[31merror[39m[22m[1m  Expected linebreaks to be 'LF' but found 'CRLF'  linebreak-style
  162:15   [1m[31merror[39m[22m[1m  Expected linebreaks to be 'LF' but found 'CRLF'  linebreak-style
  163:8    [1m[31merror[39m[22m[1m  Expected linebreaks to be 'LF' but found 'CRLF'  linebreak-style
  164:5    [1m[31merror[39m[22m[1m  Expected linebreaks to be 'LF' but found 'CRLF'  linebreak-style
  165:3    [1m[31merror[39m[22m[1m  Expected linebreaks to be 'LF' but found 'CRLF'  linebreak-style
  166:1    [1m[31merror[39m[22m[1m  Expected linebreaks to be 'LF' but found 'CRLF'  linebreak-style
  167:26   [1m[31merror[39m[22m[1m  Expected linebreaks to be 'LF' but found 'CRLF'  linebreak-style

C:\Users\blaha5\Downloads\da\reactkys\crmWAcv\src\components\campaignContactsList.jsx
    1:59  [1m[31merror[39m[22m[1m  Expected linebreaks to be 'LF' but found 'CRLF'  linebreak-style
    2:27  [1m[31merror[39m[22m[1m  Expected linebreaks to be 'LF' but found 'CRLF'  linebreak-style
    3:61  [1m[31merror[39m[22m[1m  Expected linebreaks to be 'LF' but found 'CRLF'  linebreak-style
    4:52  [1m[31merror[39m[22m[1m  Expected linebreaks to be 'LF' but found 'CRLF'  linebreak-style
    5:45  [1m[31merror[39m[22m[1m  Expected linebreaks to be 'LF' but found 'CRLF'  linebreak-style
    6:43  [1m[31merror[39m[22m[1m  Expected linebreaks to be 'LF' but found 'CRLF'  linebreak-style
    7:40  [1m[31merror[39m[22m[1m  Expected linebreaks to be 'LF' but found 'CRLF'  linebreak-style
    8:1   [1m[31merror[39m[22m[1m  Expected linebreaks to be 'LF' but found 'CRLF'  linebreak-style
    9:37  [1m[31merror[39m[22m[1m  Expected linebreaks to be 'LF' but found 'CRLF'  linebreak-style
   10:48  [1m[31merror[39m[22m[1m  Expected linebreaks to be 'LF' but found 'CRLF'  linebreak-style
   11:64  [1m[31merror[39m[22m[1m  Expected linebreaks to be 'LF' but found 'CRLF'  linebreak-style
   12:50  [1m[31merror[39m[22m[1m  Expected linebreaks to be 'LF' but found 'CRLF'  linebreak-style
   13:48  [1m[31merror[39m[22m[1m  Expected linebreaks to be 'LF' but found 'CRLF'  linebreak-style
   14:44  [1m[31merror[39m[22m[1m  Expected linebreaks to be 'LF' but found 'CRLF'  linebreak-style
   15:42  [1m[31merror[39m[22m[1m  Expected linebreaks to be 'LF' but found 'CRLF'  linebreak-style
   16:30  [1m[31merror[39m[22m[1m  Expected linebreaks to be 'LF' but found 'CRLF'  linebreak-style
   17:63  [1m[31merror[39m[22m[1m  Expected linebreaks to be 'LF' but found 'CRLF'  linebreak-style
   18:67  [1m[31merror[39m[22m[1m  Expected linebreaks to be 'LF' but found 'CRLF'  linebreak-style
   19:1   [1m[31merror[39m[22m[1m  Expected linebreaks to be 'LF' but found 'CRLF'  linebreak-style
   20:24  [1m[31merror[39m[22m[1m  Expected linebreaks to be 'LF' but found 'CRLF'  linebreak-style
   21:57  [1m[31merror[39m[22m[1m  Expected linebreaks to be 'LF' but found 'CRLF'  linebreak-style
   22:1   [1m[31merror[39m[22m[1m  Expected linebreaks to be 'LF' but found 'CRLF'  linebreak-style
   23:41  [1m[31merror[39m[22m[1m  Expected linebreaks to be 'LF' but found 'CRLF'  linebreak-style
   24:33  [1m[31merror[39m[22m[1m  Expected linebreaks to be 'LF' but found 'CRLF'  linebreak-style
   25:20  [1m[31merror[39m[22m[1m  Expected linebreaks to be 'LF' but found 'CRLF'  linebreak-style
   26:6   [1m[31merror[39m[22m[1m  Expected linebreaks to be 'LF' but found 'CRLF'  linebreak-style
   27:54  [1m[31merror[39m[22m[1m  Expected linebreaks to be 'LF' but found 'CRLF'  linebreak-style
   28:66  [1m[31merror[39m[22m[1m  Expected linebreaks to be 'LF' but found 'CRLF'  linebreak-style
   29:36  [1m[31merror[39m[22m[1m  Expected linebreaks to be 'LF' but found 'CRLF'  linebreak-style
   30:1   [1m[31merror[39m[22m[1m  Expected linebreaks to be 'LF' but found 'CRLF'  linebreak-style
   31:24  [1m[31merror[39m[22m[1m  Expected linebreaks to be 'LF' but found 'CRLF'  linebreak-style
   32:40  [1m[31merror[39m[22m[1m  Expected linebreaks to be 'LF' but found 'CRLF'  linebreak-style
   33:32  [1m[31merror[39m[22m[1m  Expected linebreaks to be 'LF' but found 'CRLF'  linebreak-style
   34:36  [1m[31merror[39m[22m[1m  Expected linebreaks to be 'LF' but found 'CRLF'  linebreak-style
   35:11  [1m[31merror[39m[22m[1m  Expected linebreaks to be 'LF' but found 'CRLF'  linebreak-style
   36:38  [1m[31merror[39m[22m[1m  Expected linebreaks to be 'LF' but found 'CRLF'  linebreak-style
   37:4   [1m[31merror[39m[22m[1m  Expected linebreaks to be 'LF' but found 'CRLF'  linebreak-style
   38:1   [1m[31merror[39m[22m[1m  Expected linebreaks to be 'LF' but found 'CRLF'  linebreak-style
   39:84  [1m[31merror[39m[22m[1m  Expected linebreaks to be 'LF' but found 'CRLF'  linebreak-style
   40:47  [1m[31merror[39m[22m[1m  Expected linebreaks to be 'LF' but found 'CRLF'  linebreak-style
   41:35  [1m[31merror[39m[22m[1m  Expected linebreaks to be 'LF' but found 'CRLF'  linebreak-style
   42:45  [1m[31merror[39m[22m[1m  Expected linebreaks to be 'LF' but found 'CRLF'  linebreak-style
   43:56  [1m[31merror[39m[22m[1m  Expected linebreaks to be 'LF' but found 'CRLF'  linebreak-style
   44:34  [1m[31merror[39m[22m[1m  Expected linebreaks to be 'LF' but found 'CRLF'  linebreak-style
   45:5   [1m[31merror[39m[22m[1m  Expected linebreaks to be 'LF' but found 'CRLF'  linebreak-style
   46:1   [1m[31merror[39m[22m[1m  Expected linebreaks to be 'LF' but found 'CRLF'  linebreak-style
   47:33  [1m[31merror[39m[22m[1m  Expected linebreaks to be 'LF' but found 'CRLF'  linebreak-style
   48:40  [1m[31merror[39m[22m[1m  Expected linebreaks to be 'LF' but found 'CRLF'  linebreak-style
   49:69  [1m[31merror[39m[22m[1m  Expected linebreaks to be 'LF' but found 'CRLF'  linebreak-style
   50:30  [1m[31merror[39m[22m[1m  Expected linebreaks to be 'LF' but found 'CRLF'  linebreak-style
   51:5   [1m[31merror[39m[22m[1m  Expected linebreaks to be 'LF' but found 'CRLF'  linebreak-style
   52:1   [1m[31merror[39m[22m[1m  Expected linebreaks to be 'LF' but found 'CRLF'  linebreak-style
   53:31  [1m[31merror[39m[22m[1m  Expected linebreaks to be 'LF' but found 'CRLF'  linebreak-style
   54:26  [1m[31merror[39m[22m[1m  Expected linebreaks to be 'LF' but found 'CRLF'  linebreak-style
   55:36  [1m[31merror[39m[22m[1m  Expected linebreaks to be 'LF' but found 'CRLF'  linebreak-style
   56:31  [1m[31merror[39m[22m[1m  Expected linebreaks to be 'LF' but found 'CRLF'  linebreak-style
   57:34  [1m[31merror[39m[22m[1m  Expected linebreaks to be 'LF' but found 'CRLF'  linebreak-style
   58:34  [1m[31merror[39m[22m[1m  Expected linebreaks to be 'LF' but found 'CRLF'  linebreak-style
   59:56  [1m[31merror[39m[22m[1m  Expected linebreaks to be 'LF' but found 'CRLF'  linebreak-style
   60:35  [1m[31merror[39m[22m[1m  Expected linebreaks to be 'LF' but found 'CRLF'  linebreak-style
   61:13  [1m[31merror[39m[22m[1m  Expected linebreaks to be 'LF' but found 'CRLF'  linebreak-style
   62:62  [1m[31merror[39m[22m[1m  Expected linebreaks to be 'LF' but found 'CRLF'  linebreak-style
   63:68  [1m[31merror[39m[22m[1m  Expected linebreaks to be 'LF' but found 'CRLF'  linebreak-style
   64:53  [1m[31merror[39m[22m[1m  Expected linebreaks to be 'LF' but found 'CRLF'  linebreak-style
   65:85  [1m[31merror[39m[22m[1m  Expected linebreaks to be 'LF' but found 'CRLF'  linebreak-style
   66:37  [1m[31merror[39m[22m[1m  Expected linebreaks to be 'LF' but found 'CRLF'  linebreak-style
   67:6   [1m[31merror[39m[22m[1m  Expected linebreaks to be 'LF' but found 'CRLF'  linebreak-style
   68:5   [1m[31merror[39m[22m[1m  Expected linebreaks to be 'LF' but found 'CRLF'  linebreak-style
   69:1   [1m[31merror[39m[22m[1m  Expected linebreaks to be 'LF' but found 'CRLF'  linebreak-style
   70:44  [1m[31merror[39m[22m[1m  Expected linebreaks to be 'LF' but found 'CRLF'  linebreak-style
   71:41  [1m[31merror[39m[22m[1m  Expected linebreaks to be 'LF' but found 'CRLF'  linebreak-style
   72:47  [1m[31merror[39m[22m[1m  Expected linebreaks to be 'LF' but found 'CRLF'  linebreak-style
   73:14  [1m[31merror[39m[22m[1m  Expected linebreaks to be 'LF' but found 'CRLF'  linebreak-style
   74:6   [1m[31merror[39m[22m[1m  Expected linebreaks to be 'LF' but found 'CRLF'  linebreak-style
   75:1   [1m[31merror[39m[22m[1m  Expected linebreaks to be 'LF' but found 'CRLF'  linebreak-style
   76:10  [1m[31merror[39m[22m[1m  Expected linebreaks to be 'LF' but found 'CRLF'  linebreak-style
   77:85  [1m[31merror[39m[22m[1m  Expected linebreaks to be 'LF' but found 'CRLF'  linebreak-style
   78:39  [1m[31merror[39m[22m[1m  Expected linebreaks to be 'LF' but found 'CRLF'  linebreak-style
   79:10  [1m[31merror[39m[22m[1m  Expected linebreaks to be 'LF' but found 'CRLF'  linebreak-style
   80:16  [1m[31merror[39m[22m[1m  Expected linebreaks to be 'LF' but found 'CRLF'  linebreak-style
   81:60  [1m[31merror[39m[22m[1m  Expected linebreaks to be 'LF' but found 'CRLF'  linebreak-style
   82:61  [1m[31merror[39m[22m[1m  Expected linebreaks to be 'LF' but found 'CRLF'  linebreak-style
   83:28  [1m[31merror[39m[22m[1m  Expected linebreaks to be 'LF' but found 'CRLF'  linebreak-style
   84:28  [1m[31merror[39m[22m[1m  Expected linebreaks to be 'LF' but found 'CRLF'  linebreak-style
   85:6   [1m[31merror[39m[22m[1m  Expected linebreaks to be 'LF' but found 'CRLF'  linebreak-style
   86:5   [1m[31merror[39m[22m[1m  Expected linebreaks to be 'LF' but found 'CRLF'  linebreak-style
   87:1   [1m[31merror[39m[22m[1m  Expected linebreaks to be 'LF' but found 'CRLF'  linebreak-style
   88:20  [1m[31merror[39m[22m[1m  Expected linebreaks to be 'LF' but found 'CRLF'  linebreak-style
   89:40  [1m[31merror[39m[22m[1m  Expected linebreaks to be 'LF' but found 'CRLF'  linebreak-style
   90:12  [1m[31merror[39m[22m[1m  Expected linebreaks to be 'LF' but found 'CRLF'  linebreak-style
   91:80  [1m[31merror[39m[22m[1m  Expected linebreaks to be 'LF' but found 'CRLF'  linebreak-style
   92:44  [1m[31merror[39m[22m[1m  Expected linebreaks to be 'LF' but found 'CRLF'  linebreak-style
   93:38  [1m[31merror[39m[22m[1m  Expected linebreaks to be 'LF' but found 'CRLF'  linebreak-style
   94:17  [1m[31merror[39m[22m[1m  Expected linebreaks to be 'LF' but found 'CRLF'  linebreak-style
   95:36  [1m[31merror[39m[22m[1m  Expected linebreaks to be 'LF' but found 'CRLF'  linebreak-style
   96:52  [1m[31merror[39m[22m[1m  Expected linebreaks to be 'LF' but found 'CRLF'  linebreak-style
   97:10  [1m[31merror[39m[22m[1m  Expected linebreaks to be 'LF' but found 'CRLF'  linebreak-style
   98:22  [1m[31merror[39m[22m[1m  Expected linebreaks to be 'LF' but found 'CRLF'  linebreak-style
   99:34  [1m[31merror[39m[22m[1m  Expected linebreaks to be 'LF' but found 'CRLF'  linebreak-style
  100:56  [1m[31merror[39m[22m[1m  Expected linebreaks to be 'LF' but found 'CRLF'  linebreak-style
  101:18  [1m[31merror[39m[22m[1m  Expected linebreaks to be 'LF' but found 'CRLF'  linebreak-style
  102:27  [1m[31merror[39m[22m[1m  Expected linebreaks to be 'LF' but found 'CRLF'  linebreak-style
  103:8   [1m[31merror[39m[22m[1m  Expected linebreaks to be 'LF' but found 'CRLF'  linebreak-style
  104:7   [1m[31merror[39m[22m[1m  Expected linebreaks to be 'LF' but found 'CRLF'  linebreak-style
  105:1   [1m[31merror[39m[22m[1m  Expected linebreaks to be 'LF' but found 'CRLF'  linebreak-style
  106:21  [1m[31merror[39m[22m[1m  Expected linebreaks to be 'LF' but found 'CRLF'  linebreak-style
  107:30  [1m[31merror[39m[22m[1m  Expected linebreaks to be 'LF' but found 'CRLF'  linebreak-style
  108:1   [1m[31merror[39m[22m[1m  Expected linebreaks to be 'LF' but found 'CRLF'  linebreak-style
  109:48  [1m[31merror[39m[22m[1m  Expected linebreaks to be 'LF' but found 'CRLF'  linebreak-style
  110:28  [1m[31merror[39m[22m[1m  Expected linebreaks to be 'LF' but found 'CRLF'  linebreak-style
  111:44  [1m[31merror[39m[22m[1m  Expected linebreaks to be 'LF' but found 'CRLF'  linebreak-style
  112:63  [1m[31merror[39m[22m[1m  Expected linebreaks to be 'LF' but found 'CRLF'  linebreak-style
  113:72  [1m[31merror[39m[22m[1m  Expected linebreaks to be 'LF' but found 'CRLF'  linebreak-style
  114:40  [1m[31merror[39m[22m[1m  Expected linebreaks to be 'LF' but found 'CRLF'  linebreak-style
  115:1   [1m[31merror[39m[22m[1m  Expected linebreaks to be 'LF' but found 'CRLF'  linebreak-style
  116:30  [1m[31merror[39m[22m[1m  Expected linebreaks to be 'LF' but found 'CRLF'  linebreak-style
  117:8   [1m[31merror[39m[22m[1m  Expected linebreaks to be 'LF' but found 'CRLF'  linebreak-style
  118:5   [1m[31merror[39m[22m[1m  Expected linebreaks to be 'LF' but found 'CRLF'  linebreak-style
  119:44  [1m[31merror[39m[22m[1m  Expected linebreaks to be 'LF' but found 'CRLF'  linebreak-style
  120:36  [1m[31merror[39m[22m[1m  Expected linebreaks to be 'LF' but found 'CRLF'  linebreak-style
  121:76  [1m[31merror[39m[22m[1m  Expected linebreaks to be 'LF' but found 'CRLF'  linebreak-style
  122:45  [1m[31merror[39m[22m[1m  Expected linebreaks to be 'LF' but found 'CRLF'  linebreak-style
  123:1   [1m[31merror[39m[22m[1m  Expected linebreaks to be 'LF' but found 'CRLF'  linebreak-style
  124:41  [1m[31merror[39m[22m[1m  Expected linebreaks to be 'LF' but found 'CRLF'  linebreak-style
  125:5   [1m[31merror[39m[22m[1m  Expected linebreaks to be 'LF' but found 'CRLF'  linebreak-style
  126:1   [1m[31merror[39m[22m[1m  Expected linebreaks to be 'LF' but found 'CRLF'  linebreak-style
  127:38  [1m[31merror[39m[22m[1m  Expected linebreaks to be 'LF' but found 'CRLF'  linebreak-style
  128:34  [1m[31merror[39m[22m[1m  Expected linebreaks to be 'LF' but found 'CRLF'  linebreak-style
  129:5   [1m[31merror[39m[22m[1m  Expected linebreaks to be 'LF' but found 'CRLF'  linebreak-style
  130:1   [1m[31merror[39m[22m[1m  Expected linebreaks to be 'LF' but found 'CRLF'  linebreak-style
  131:35  [1m[31merror[39m[22m[1m  Expected linebreaks to be 'LF' but found 'CRLF'  linebreak-style
  132:55  [1m[31merror[39m[22m[1m  Expected linebreaks to be 'LF' but found 'CRLF'  linebreak-style
  133:43  [1m[31merror[39m[22m[1m  Expected linebreaks to be 'LF' but found 'CRLF'  linebreak-style
  134:14  [1m[31merror[39m[22m[1m  Expected linebreaks to be 'LF' but found 'CRLF'  linebreak-style
  135:6   [1m[31merror[39m[22m[1m  Expected linebreaks to be 'LF' but found 'CRLF'  linebreak-style
  136:22  [1m[31merror[39m[22m[1m  Expected linebreaks to be 'LF' but found 'CRLF'  linebreak-style
  137:51  [1m[31merror[39m[22m[1m  Expected linebreaks to be 'LF' but found 'CRLF'  linebreak-style
  138:19  [1m[31merror[39m[22m[1m  Expected linebreaks to be 'LF' but found 'CRLF'  linebreak-style
  139:23  [1m[31merror[39m[22m[1m  Expected linebreaks to be 'LF' but found 'CRLF'  linebreak-style
  140:37  [1m[31merror[39m[22m[1m  Expected linebreaks to be 'LF' but found 'CRLF'  linebreak-style
  141:25  [1m[31merror[39m[22m[1m  Expected linebreaks to be 'LF' but found 'CRLF'  linebreak-style
  142:7   [1m[31merror[39m[22m[1m  Expected linebreaks to be 'LF' but found 'CRLF'  linebreak-style
  143:1   [1m[31merror[39m[22m[1m  Expected linebreaks to be 'LF' but found 'CRLF'  linebreak-style
  144:12  [1m[31merror[39m[22m[1m  Expected linebreaks to be 'LF' but found 'CRLF'  linebreak-style
  145:22  [1m[31merror[39m[22m[1m  Expected linebreaks to be 'LF' but found 'CRLF'  linebreak-style
  146:11  [1m[31merror[39m[22m[1m  Expected linebreaks to be 'LF' but found 'CRLF'  linebreak-style
  147:12  [1m[31merror[39m[22m[1m  Expected linebreaks to be 'LF' but found 'CRLF'  linebreak-style
  148:7   [1m[31merror[39m[22m[1m  Expected linebreaks to be 'LF' but found 'CRLF'  linebreak-style
  149:28  [1m[31merror[39m[22m[1m  Expected linebreaks to be 'LF' but found 'CRLF'  linebreak-style
  150:40  [1m[31merror[39m[22m[1m  Expected linebreaks to be 'LF' but found 'CRLF'  linebreak-style
  151:42  [1m[31merror[39m[22m[1m  Expected linebreaks to be 'LF' but found 'CRLF'  linebreak-style
  152:37  [1m[31merror[39m[22m[1m  Expected linebreaks to be 'LF' but found 'CRLF'  linebreak-style
  153:32  [1m[31merror[39m[22m[1m  Expected linebreaks to be 'LF' but found 'CRLF'  linebreak-style
  154:35  [1m[31merror[39m[22m[1m  Expected linebreaks to be 'LF' but found 'CRLF'  linebreak-style
  155:71  [1m[31merror[39m[22m[1m  Expected linebreaks to be 'LF' but found 'CRLF'  linebreak-style
  156:17  [1m[31merror[39m[22m[1m  Expected linebreaks to be 'LF' but found 'CRLF'  linebreak-style
  157:43  [1m[31merror[39m[22m[1m  Expected linebreaks to be 'LF' but found 'CRLF'  linebreak-style
  158:35  [1m[31merror[39m[22m[1m  Expected linebreaks to be 'LF' but found 'CRLF'  linebreak-style
  159:10  [1m[31merror[39m[22m[1m  Expected linebreaks to be 'LF' but found 'CRLF'  linebreak-style
  160:9   [1m[31merror[39m[22m[1m  Expected linebreaks to be 'LF' but found 'CRLF'  linebreak-style
  161:23  [1m[31merror[39m[22m[1m  Expected linebreaks to be 'LF' but found 'CRLF'  linebreak-style
  162:50  [1m[31merror[39m[22m[1m  Expected linebreaks to be 'LF' but found 'CRLF'  linebreak-style
  163:33  [1m[31merror[39m[22m[1m  Expected linebreaks to be 'LF' but found 'CRLF'  linebreak-style
  164:10  [1m[31merror[39m[22m[1m  Expected linebreaks to be 'LF' but found 'CRLF'  linebreak-style
  165:5   [1m[31merror[39m[22m[1m  Expected linebreaks to be 'LF' but found 'CRLF'  linebreak-style
  166:35  [1m[31merror[39m[22m[1m  Expected linebreaks to be 'LF' but found 'CRLF'  linebreak-style
  167:41  [1m[31merror[39m[22m[1m  Expected linebreaks to be 'LF' but found 'CRLF'  linebreak-style
  168:14  [1m[31merror[39m[22m[1m  Expected linebreaks to be 'LF' but found 'CRLF'  linebreak-style
  169:6   [1m[31merror[39m[22m[1m  Expected linebreaks to be 'LF' but found 'CRLF'  linebreak-style
  170:1   [1m[31merror[39m[22m[1m  Expected linebreaks to be 'LF' but found 'CRLF'  linebreak-style
  171:85  [1m[31merror[39m[22m[1m  Expected linebreaks to be 'LF' but found 'CRLF'  linebreak-style
  172:26  [1m[31merror[39m[22m[1m  Expected linebreaks to be 'LF' but found 'CRLF'  linebreak-style
  173:14  [1m[31merror[39m[22m[1m  Expected linebreaks to be 'LF' but found 'CRLF'  linebreak-style
  174:6   [1m[31merror[39m[22m[1m  Expected linebreaks to be 'LF' but found 'CRLF'  linebreak-style
  175:1   [1m[31merror[39m[22m[1m  Expected linebreaks to be 'LF' but found 'CRLF'  linebreak-style
  176:76  [1m[31merror[39m[22m[1m  Expected linebreaks to be 'LF' but found 'CRLF'  linebreak-style
  177:19  [1m[31merror[39m[22m[1m  Expected linebreaks to be 'LF' but found 'CRLF'  linebreak-style
  178:23  [1m[31merror[39m[22m[1m  Expected linebreaks to be 'LF' but found 'CRLF'  linebreak-style
  179:37  [1m[31merror[39m[22m[1m  Expected linebreaks to be 'LF' but found 'CRLF'  linebreak-style
  180:7   [1m[31merror[39m[22m[1m  Expected linebreaks to be 'LF' but found 'CRLF'  linebreak-style
  181:1   [1m[31merror[39m[22m[1m  Expected linebreaks to be 'LF' but found 'CRLF'  linebreak-style
  182:12  [1m[31merror[39m[22m[1m  Expected linebreaks to be 'LF' but found 'CRLF'  linebreak-style
  183:56  [1m[31merror[39m[22m[1m  Expected linebreaks to be 'LF' but found 'CRLF'  linebreak-style
  184:11  [1m[31merror[39m[22m[1m  Expected linebreaks to be 'LF' but found 'CRLF'  linebreak-style
  185:12  [1m[31merror[39m[22m[1m  Expected linebreaks to be 'LF' but found 'CRLF'  linebreak-style
  186:7   [1m[31merror[39m[22m[1m  Expected linebreaks to be 'LF' but found 'CRLF'  linebreak-style
  187:28  [1m[31merror[39m[22m[1m  Expected linebreaks to be 'LF' but found 'CRLF'  linebreak-style
  188:42  [1m[31merror[39m[22m[1m  Expected linebreaks to be 'LF' but found 'CRLF'  linebreak-style
  189:37  [1m[31merror[39m[22m[1m  Expected linebreaks to be 'LF' but found 'CRLF'  linebreak-style
  190:35  [1m[31merror[39m[22m[1m  Expected linebreaks to be 'LF' but found 'CRLF'  linebreak-style
  191:61  [1m[31merror[39m[22m[1m  Expected linebreaks to be 'LF' but found 'CRLF'  linebreak-style
  192:73  [1m[31merror[39m[22m[1m  Expected linebreaks to be 'LF' but found 'CRLF'  linebreak-style
  193:14  [1m[31merror[39m[22m[1m  Expected linebreaks to be 'LF' but found 'CRLF'  linebreak-style
  194:17  [1m[31merror[39m[22m[1m  Expected linebreaks to be 'LF' but found 'CRLF'  linebreak-style
  195:35  [1m[31merror[39m[22m[1m  Expected linebreaks to be 'LF' but found 'CRLF'  linebreak-style
  196:10  [1m[31merror[39m[22m[1m  Expected linebreaks to be 'LF' but found 'CRLF'  linebreak-style
  197:9   [1m[31merror[39m[22m[1m  Expected linebreaks to be 'LF' but found 'CRLF'  linebreak-style
  198:24  [1m[31merror[39m[22m[1m  Expected linebreaks to be 'LF' but found 'CRLF'  linebreak-style
  199:49  [1m[31merror[39m[22m[1m  Expected linebreaks to be 'LF' but found 'CRLF'  linebreak-style
  200:33  [1m[31merror[39m[22m[1m  Expected linebreaks to be 'LF' but found 'CRLF'  linebreak-style
  201:10  [1m[31merror[39m[22m[1m  Expected linebreaks to be 'LF' but found 'CRLF'  linebreak-style
  202:5   [1m[31merror[39m[22m[1m  Expected linebreaks to be 'LF' but found 'CRLF'  linebreak-style
  203:1   [1m[31merror[39m[22m[1m  Expected linebreaks to be 'LF' but found 'CRLF'  linebreak-style
  204:17  [1m[31merror[39m[22m[1m  Expected linebreaks to be 'LF' but found 'CRLF'  linebreak-style
  205:31  [1m[31merror[39m[22m[1m  Expected linebreaks to be 'LF' but found 'CRLF'  linebreak-style
  206:4   [1m[31merror[39m[22m[1m  Expected linebreaks to be 'LF' but found 'CRLF'  linebreak-style
  207:15  [1m[31merror[39m[22m[1m  Expected linebreaks to be 'LF' but found 'CRLF'  linebreak-style
  208:13  [1m[31merror[39m[22m[1m  Expected linebreaks to be 'LF' but found 'CRLF'  linebreak-style
  209:10  [1m[31merror[39m[22m[1m  Expected linebreaks to be 'LF' but found 'CRLF'  linebreak-style
  210:21  [1m[31merror[39m[22m[1m  Expected linebreaks to be 'LF' but found 'CRLF'  linebreak-style
  211:16  [1m[31merror[39m[22m[1m  Expected linebreaks to be 'LF' but found 'CRLF'  linebreak-style
  212:11  [1m[31merror[39m[22m[1m  Expected linebreaks to be 'LF' but found 'CRLF'  linebreak-style
  213:7   [1m[31merror[39m[22m[1m  Expected linebreaks to be 'LF' but found 'CRLF'  linebreak-style
  214:4   [1m[31merror[39m[22m[1m  Expected linebreaks to be 'LF' but found 'CRLF'  linebreak-style
  215:11  [1m[31merror[39m[22m[1m  Expected linebreaks to be 'LF' but found 'CRLF'  linebreak-style
  216:7   [1m[31merror[39m[22m[1m  Expected linebreaks to be 'LF' but found 'CRLF'  linebreak-style
  217:90  [1m[31merror[39m[22m[1m  Expected linebreaks to be 'LF' but found 'CRLF'  linebreak-style
  218:98  [1m[31merror[39m[22m[1m  Expected linebreaks to be 'LF' but found 'CRLF'  linebreak-style
  219:11  [1m[31merror[39m[22m[1m  Expected linebreaks to be 'LF' but found 'CRLF'  linebreak-style
  220:37  [1m[31merror[39m[22m[1m  Expected linebreaks to be 'LF' but found 'CRLF'  linebreak-style
  221:17  [1m[31merror[39m[22m[1m  Expected linebreaks to be 'LF' but found 'CRLF'  linebreak-style
  222:84  [1m[31merror[39m[22m[1m  Expected linebreaks to be 'LF' but found 'CRLF'  linebreak-style
  223:11  [1m[31merror[39m[22m[1m  Expected linebreaks to be 'LF' but found 'CRLF'  linebreak-style
  224:8   [1m[31merror[39m[22m[1m  Expected linebreaks to be 'LF' but found 'CRLF'  linebreak-style
  225:21  [1m[31merror[39m[22m[1m  Expected linebreaks to be 'LF' but found 'CRLF'  linebreak-style
  226:58  [1m[31merror[39m[22m[1m  Expected linebreaks to be 'LF' but found 'CRLF'  linebreak-style
  227:11  [1m[31merror[39m[22m[1m  Expected linebreaks to be 'LF' but found 'CRLF'  linebreak-style
  228:10  [1m[31merror[39m[22m[1m  Expected linebreaks to be 'LF' but found 'CRLF'  linebreak-style
  229:29  [1m[31merror[39m[22m[1m  Expected linebreaks to be 'LF' but found 'CRLF'  linebreak-style
  230:15  [1m[31merror[39m[22m[1m  Expected linebreaks to be 'LF' but found 'CRLF'  linebreak-style
  231:14  [1m[31merror[39m[22m[1m  Expected linebreaks to be 'LF' but found 'CRLF'  linebreak-style
  232:93  [1m[31merror[39m[22m[1m  Expected linebreaks to be 'LF' but found 'CRLF'  linebreak-style
  233:59  [1m[31merror[39m[22m[1m  Expected linebreaks to be 'LF' but found 'CRLF'  linebreak-style
  234:53  [1m[31merror[39m[22m[1m  Expected linebreaks to be 'LF' but found 'CRLF'  linebreak-style
  235:57  [1m[31merror[39m[22m[1m  Expected linebreaks to be 'LF' but found 'CRLF'  linebreak-style
  236:57  [1m[31merror[39m[22m[1m  Expected linebreaks to be 'LF' but found 'CRLF'  linebreak-style
  237:51  [1m[31merror[39m[22m[1m  Expected linebreaks to be 'LF' but found 'CRLF'  linebreak-style
  238:53  [1m[31merror[39m[22m[1m  Expected linebreaks to be 'LF' but found 'CRLF'  linebreak-style
  239:73  [1m[31merror[39m[22m[1m  Expected linebreaks to be 'LF' but found 'CRLF'  linebreak-style
  240:73  [1m[31merror[39m[22m[1m  Expected linebreaks to be 'LF' but found 'CRLF'  linebreak-style
  241:73  [1m[31merror[39m[22m[1m  Expected linebreaks to be 'LF' but found 'CRLF'  linebreak-style
  242:61  [1m[31merror[39m[22m[1m  Expected linebreaks to be 'LF' but found 'CRLF'  linebreak-style
  243:57  [1m[31merror[39m[22m[1m  Expected linebreaks to be 'LF' but found 'CRLF'  linebreak-style
  244:18  [1m[31merror[39m[22m[1m  Expected linebreaks to be 'LF' but found 'CRLF'  linebreak-style
  245:16  [1m[31merror[39m[22m[1m  Expected linebreaks to be 'LF' but found 'CRLF'  linebreak-style
  246:24  [1m[31merror[39m[22m[1m  Expected linebreaks to be 'LF' but found 'CRLF'  linebreak-style
  247:37  [1m[31merror[39m[22m[1m  Expected linebreaks to be 'LF' but found 'CRLF'  linebreak-style
  248:52  [1m[31merror[39m[22m[1m  Expected linebreaks to be 'LF' but found 'CRLF'  linebreak-style
  249:10  [1m[31merror[39m[22m[1m  Expected linebreaks to be 'LF' but found 'CRLF'  linebreak-style
  250:31  [1m[31merror[39m[22m[1m  Expected linebreaks to be 'LF' but found 'CRLF'  linebreak-style
  251:18  [1m[31merror[39m[22m[1m  Expected linebreaks to be 'LF' but found 'CRLF'  linebreak-style
  252:16  [1m[31merror[39m[22m[1m  Expected linebreaks to be 'LF' but found 'CRLF'  linebreak-style
  253:24  [1m[31merror[39m[22m[1m  Expected linebreaks to be 'LF' but found 'CRLF'  linebreak-style
  254:46  [1m[31merror[39m[22m[1m  Expected linebreaks to be 'LF' but found 'CRLF'  linebreak-style
  255:52  [1m[31merror[39m[22m[1m  Expected linebreaks to be 'LF' but found 'CRLF'  linebreak-style
  256:10  [1m[31merror[39m[22m[1m  Expected linebreaks to be 'LF' but found 'CRLF'  linebreak-style
  257:29  [1m[31merror[39m[22m[1m  Expected linebreaks to be 'LF' but found 'CRLF'  linebreak-style
  258:18  [1m[31merror[39m[22m[1m  Expected linebreaks to be 'LF' but found 'CRLF'  linebreak-style
  259:16  [1m[31merror[39m[22m[1m  Expected linebreaks to be 'LF' but found 'CRLF'  linebreak-style
  260:24  [1m[31merror[39m[22m[1m  Expected linebreaks to be 'LF' but found 'CRLF'  linebreak-style
  261:37  [1m[31merror[39m[22m[1m  Expected linebreaks to be 'LF' but found 'CRLF'  linebreak-style
  262:19  [1m[31merror[39m[22m[1m  Expected linebreaks to be 'LF' but found 'CRLF'  linebreak-style
  263:31  [1m[31merror[39m[22m[1m  Expected linebreaks to be 'LF' but found 'CRLF'  linebreak-style
  264:24  [1m[31merror[39m[22m[1m  Expected linebreaks to be 'LF' but found 'CRLF'  linebreak-style
  265:40  [1m[31merror[39m[22m[1m  Expected linebreaks to be 'LF' but found 'CRLF'  linebreak-style
  266:28  [1m[31merror[39m[22m[1m  Expected linebreaks to be 'LF' but found 'CRLF'  linebreak-style
  267:13  [1m[31merror[39m[22m[1m  Expected linebreaks to be 'LF' but found 'CRLF'  linebreak-style
  268:10  [1m[31merror[39m[22m[1m  Expected linebreaks to be 'LF' but found 'CRLF'  linebreak-style
  269:25  [1m[31merror[39m[22m[1m  Expected linebreaks to be 'LF' but found 'CRLF'  linebreak-style
  270:18  [1m[31merror[39m[22m[1m  Expected linebreaks to be 'LF' but found 'CRLF'  linebreak-style
  271:1   [1m[31merror[39m[22m[1m  Expected linebreaks to be 'LF' but found 'CRLF'  linebreak-style
  272:16  [1m[31merror[39m[22m[1m  Expected linebreaks to be 'LF' but found 'CRLF'  linebreak-style
  273:24  [1m[31merror[39m[22m[1m  Expected linebreaks to be 'LF' but found 'CRLF'  linebreak-style
  274:42  [1m[31merror[39m[22m[1m  Expected linebreaks to be 'LF' but found 'CRLF'  linebreak-style
  275:52  [1m[31merror[39m[22m[1m  Expected linebreaks to be 'LF' but found 'CRLF'  linebreak-style
  276:10  [1m[31merror[39m[22m[1m  Expected linebreaks to be 'LF' but found 'CRLF'  linebreak-style
  277:30  [1m[31merror[39m[22m[1m  Expected linebreaks to be 'LF' but found 'CRLF'  linebreak-style
  278:18  [1m[31merror[39m[22m[1m  Expected linebreaks to be 'LF' but found 'CRLF'  linebreak-style
  279:1   [1m[31merror[39m[22m[1m  Expected linebreaks to be 'LF' but found 'CRLF'  linebreak-style
  280:16  [1m[31merror[39m[22m[1m  Expected linebreaks to be 'LF' but found 'CRLF'  linebreak-style
  281:24  [1m[31merror[39m[22m[1m  Expected linebreaks to be 'LF' but found 'CRLF'  linebreak-style
  282:40  [1m[31merror[39m[22m[1m  Expected linebreaks to be 'LF' but found 'CRLF'  linebreak-style
  283:19  [1m[31merror[39m[22m[1m  Expected linebreaks to be 'LF' but found 'CRLF'  linebreak-style
  284:87  [1m[31merror[39m[22m[1m  Expected linebreaks to be 'LF' but found 'CRLF'  linebreak-style
  285:13  [1m[31merror[39m[22m[1m  Expected linebreaks to be 'LF' but found 'CRLF'  linebreak-style
  286:10  [1m[31merror[39m[22m[1m  Expected linebreaks to be 'LF' but found 'CRLF'  linebreak-style
  287:27  [1m[31merror[39m[22m[1m  Expected linebreaks to be 'LF' but found 'CRLF'  linebreak-style
  288:18  [1m[31merror[39m[22m[1m  Expected linebreaks to be 'LF' but found 'CRLF'  linebreak-style
  289:1   [1m[31merror[39m[22m[1m  Expected linebreaks to be 'LF' but found 'CRLF'  linebreak-style
  290:13  [1m[31merror[39m[22m[1m  Expected linebreaks to be 'LF' but found 'CRLF'  linebreak-style
  291:1   [1m[31merror[39m[22m[1m  Expected linebreaks to be 'LF' but found 'CRLF'  linebreak-style
  292:72  [1m[31merror[39m[22m[1m  Expected linebreaks to be 'LF' but found 'CRLF'  linebreak-style
  293:16  [1m[31merror[39m[22m[1m  Expected linebreaks to be 'LF' but found 'CRLF'  linebreak-style
  294:15  [1m[31merror[39m[22m[1m  Expected linebreaks to be 'LF' but found 'CRLF'  linebreak-style
  295:17  [1m[31merror[39m[22m[1m  Expected linebreaks to be 'LF' but found 'CRLF'  linebreak-style
  296:29  [1m[31merror[39m[22m[1m  Expected linebreaks to be 'LF' but found 'CRLF'  linebreak-style
  297:48  [1m[31merror[39m[22m[1m  Expected linebreaks to be 'LF' but found 'CRLF'  linebreak-style
  298:40  [1m[31merror[39m[22m[1m  Expected linebreaks to be 'LF' but found 'CRLF'  linebreak-style
  299:40  [1m[31merror[39m[22m[1m  Expected linebreaks to be 'LF' but found 'CRLF'  linebreak-style
  300:28  [1m[31merror[39m[22m[1m  Expected linebreaks to be 'LF' but found 'CRLF'  linebreak-style
  301:30  [1m[31merror[39m[22m[1m  Expected linebreaks to be 'LF' but found 'CRLF'  linebreak-style
  302:41  [1m[31merror[39m[22m[1m  Expected linebreaks to be 'LF' but found 'CRLF'  linebreak-style
  303:17  [1m[31merror[39m[22m[1m  Expected linebreaks to be 'LF' but found 'CRLF'  linebreak-style
  304:1   [1m[31merror[39m[22m[1m  Expected linebreaks to be 'LF' but found 'CRLF'  linebreak-style
  305:18  [1m[31merror[39m[22m[1m  Expected linebreaks to be 'LF' but found 'CRLF'  linebreak-style
  306:27  [1m[31merror[39m[22m[1m  Expected linebreaks to be 'LF' but found 'CRLF'  linebreak-style
  307:27  [1m[31merror[39m[22m[1m  Expected linebreaks to be 'LF' but found 'CRLF'  linebreak-style
  308:28  [1m[31merror[39m[22m[1m  Expected linebreaks to be 'LF' but found 'CRLF'  linebreak-style
  309:36  [1m[31merror[39m[22m[1m  Expected linebreaks to be 'LF' but found 'CRLF'  linebreak-style
  310:33  [1m[31merror[39m[22m[1m  Expected linebreaks to be 'LF' but found 'CRLF'  linebreak-style
  311:16  [1m[31merror[39m[22m[1m  Expected linebreaks to be 'LF' but found 'CRLF'  linebreak-style
  312:17  [1m[31merror[39m[22m[1m  Expected linebreaks to be 'LF' but found 'CRLF'  linebreak-style
  313:16  [1m[31merror[39m[22m[1m  Expected linebreaks to be 'LF' but found 'CRLF'  linebreak-style
  314:39  [1m[31merror[39m[22m[1m  Expected linebreaks to be 'LF' but found 'CRLF'  linebreak-style
  315:42  [1m[31merror[39m[22m[1m  Expected linebreaks to be 'LF' but found 'CRLF'  linebreak-style
  316:19  [1m[31merror[39m[22m[1m  Expected linebreaks to be 'LF' but found 'CRLF'  linebreak-style
  317:31  [1m[31merror[39m[22m[1m  Expected linebreaks to be 'LF' but found 'CRLF'  linebreak-style
  318:42  [1m[31merror[39m[22m[1m  Expected linebreaks to be 'LF' but found 'CRLF'  linebreak-style
  319:44  [1m[31merror[39m[22m[1m  Expected linebreaks to be 'LF' but found 'CRLF'  linebreak-style
  320:74  [1m[31merror[39m[22m[1m  Expected linebreaks to be 'LF' but found 'CRLF'  linebreak-style
  321:76  [1m[31merror[39m[22m[1m  Expected linebreaks to be 'LF' but found 'CRLF'  linebreak-style
  322:69  [1m[31merror[39m[22m[1m  Expected linebreaks to be 'LF' but found 'CRLF'  linebreak-style
  323:18  [1m[31merror[39m[22m[1m  Expected linebreaks to be 'LF' but found 'CRLF'  linebreak-style
  324:42  [1m[31merror[39m[22m[1m  Expected linebreaks to be 'LF' but found 'CRLF'  linebreak-style
  325:33  [1m[31merror[39m[22m[1m  Expected linebreaks to be 'LF' but found 'CRLF'  linebreak-style
  326:20  [1m[31merror[39m[22m[1m  Expected linebreaks to be 'LF' but found 'CRLF'  linebreak-style
  327:1   [1m[31merror[39m[22m[1m  Expected linebreaks to be 'LF' but found 'CRLF'  linebreak-style
  328:19  [1m[31merror[39m[22m[1m  Expected linebreaks to be 'LF' but found 'CRLF'  linebreak-style
  329:22  [1m[31merror[39m[22m[1m  Expected linebreaks to be 'LF' but found 'CRLF'  linebreak-style
  330:94  [1m[31merror[39m[22m[1m  Expected linebreaks to be 'LF' but found 'CRLF'  linebreak-style
  331:95  [1m[31merror[39m[22m[1m  Expected linebreaks to be 'LF' but found 'CRLF'  linebreak-style
  332:18  [1m[31merror[39m[22m[1m  Expected linebreaks to be 'LF' but found 'CRLF'  linebreak-style
  333:63  [1m[31merror[39m[22m[1m  Expected linebreaks to be 'LF' but found 'CRLF'  linebreak-style
  334:24  [1m[31merror[39m[22m[1m  Expected linebreaks to be 'LF' but found 'CRLF'  linebreak-style
  335:20  [1m[31merror[39m[22m[1m  Expected linebreaks to be 'LF' but found 'CRLF'  linebreak-style
  336:1   [1m[31merror[39m[22m[1m  Expected linebreaks to be 'LF' but found 'CRLF'  linebreak-style
  337:39  [1m[31merror[39m[22m[1m  Expected linebreaks to be 'LF' but found 'CRLF'  linebreak-style
  338:47  [1m[31merror[39m[22m[1m  Expected linebreaks to be 'LF' but found 'CRLF'  linebreak-style
  339:57  [1m[31merror[39m[22m[1m  Expected linebreaks to be 'LF' but found 'CRLF'  linebreak-style
  340:58  [1m[31merror[39m[22m[1m  Expected linebreaks to be 'LF' but found 'CRLF'  linebreak-style
  341:18  [1m[31merror[39m[22m[1m  Expected linebreaks to be 'LF' but found 'CRLF'  linebreak-style
  342:14  [1m[31merror[39m[22m[1m  Expected linebreaks to be 'LF' but found 'CRLF'  linebreak-style
  343:17  [1m[31merror[39m[22m[1m  Expected linebreaks to be 'LF' but found 'CRLF'  linebreak-style
  344:15  [1m[31merror[39m[22m[1m  Expected linebreaks to be 'LF' but found 'CRLF'  linebreak-style
  345:8   [1m[31merror[39m[22m[1m  Expected linebreaks to be 'LF' but found 'CRLF'  linebreak-style
  346:5   [1m[31merror[39m[22m[1m  Expected linebreaks to be 'LF' but found 'CRLF'  linebreak-style
  347:3   [1m[31merror[39m[22m[1m  Expected linebreaks to be 'LF' but found 'CRLF'  linebreak-style
  348:1   [1m[31merror[39m[22m[1m  Expected linebreaks to be 'LF' but found 'CRLF'  linebreak-style
  349:37  [1m[31merror[39m[22m[1m  Expected linebreaks to be 'LF' but found 'CRLF'  linebreak-style

C:\Users\blaha5\Downloads\da\reactkys\crmWAcv\src\components\campaignList.jsx
    1:59   [1m[31merror[39m[22m[1m  Expected linebreaks to be 'LF' but found 'CRLF'  linebreak-style
    2:59   [1m[31merror[39m[22m[1m  Expected linebreaks to be 'LF' but found 'CRLF'  linebreak-style
    3:61   [1m[31merror[39m[22m[1m  Expected linebreaks to be 'LF' but found 'CRLF'  linebreak-style
    4:27   [1m[31merror[39m[22m[1m  Expected linebreaks to be 'LF' but found 'CRLF'  linebreak-style
    5:52   [1m[31merror[39m[22m[1m  Expected linebreaks to be 'LF' but found 'CRLF'  linebreak-style
    6:48   [1m[31merror[39m[22m[1m  Expected linebreaks to be 'LF' but found 'CRLF'  linebreak-style
    7:40   [1m[31merror[39m[22m[1m  Expected linebreaks to be 'LF' but found 'CRLF'  linebreak-style
    8:45   [1m[31merror[39m[22m[1m  Expected linebreaks to be 'LF' but found 'CRLF'  linebreak-style
    9:1    [1m[31merror[39m[22m[1m  Expected linebreaks to be 'LF' but found 'CRLF'  linebreak-style
   10:33   [1m[31merror[39m[22m[1m  Expected linebreaks to be 'LF' but found 'CRLF'  linebreak-style
   11:49   [1m[31merror[39m[22m[1m  Expected linebreaks to be 'LF' but found 'CRLF'  linebreak-style
   12:19   [1m[31merror[39m[22m[1m  Expected linebreaks to be 'LF' but found 'CRLF'  linebreak-style
   13:3    [1m[31merror[39m[22m[1m  Expected linebreaks to be 'LF' but found 'CRLF'  linebreak-style
   14:1    [1m[31merror[39m[22m[1m  Expected linebreaks to be 'LF' but found 'CRLF'  linebreak-style
   15:29   [1m[31merror[39m[22m[1m  Expected linebreaks to be 'LF' but found 'CRLF'  linebreak-style
   16:50   [1m[31merror[39m[22m[1m  Expected linebreaks to be 'LF' but found 'CRLF'  linebreak-style
   17:37   [1m[31merror[39m[22m[1m  Expected linebreaks to be 'LF' but found 'CRLF'  linebreak-style
   18:48   [1m[31merror[39m[22m[1m  Expected linebreaks to be 'LF' but found 'CRLF'  linebreak-style
   19:44   [1m[31merror[39m[22m[1m  Expected linebreaks to be 'LF' but found 'CRLF'  linebreak-style
   20:34   [1m[31merror[39m[22m[1m  Expected linebreaks to be 'LF' but found 'CRLF'  linebreak-style
   21:53   [1m[31merror[39m[22m[1m  Expected linebreaks to be 'LF' but found 'CRLF'  linebreak-style
   22:1    [1m[31merror[39m[22m[1m  Expected linebreaks to be 'LF' but found 'CRLF'  linebreak-style
   23:29   [1m[31merror[39m[22m[1m  Expected linebreaks to be 'LF' but found 'CRLF'  linebreak-style
   24:30   [1m[31merror[39m[22m[1m  Expected linebreaks to be 'LF' but found 'CRLF'  linebreak-style
   25:5    [1m[31merror[39m[22m[1m  Expected linebreaks to be 'LF' but found 'CRLF'  linebreak-style
   26:1    [1m[31merror[39m[22m[1m  Expected linebreaks to be 'LF' but found 'CRLF'  linebreak-style
   27:20   [1m[31merror[39m[22m[1m  Expected linebreaks to be 'LF' but found 'CRLF'  linebreak-style
   28:40   [1m[31merror[39m[22m[1m  Expected linebreaks to be 'LF' but found 'CRLF'  linebreak-style
   29:36   [1m[31merror[39m[22m[1m  Expected linebreaks to be 'LF' but found 'CRLF'  linebreak-style
   30:1    [1m[31merror[39m[22m[1m  Expected linebreaks to be 'LF' but found 'CRLF'  linebreak-style
   31:12   [1m[31merror[39m[22m[1m  Expected linebreaks to be 'LF' but found 'CRLF'  linebreak-style
   32:66   [1m[31merror[39m[22m[1m  Expected linebreaks to be 'LF' but found 'CRLF'  linebreak-style
   33:71   [1m[31merror[39m[22m[1m  Expected linebreaks to be 'LF' but found 'CRLF'  linebreak-style
   34:48   [1m[31merror[39m[22m[1m  Expected linebreaks to be 'LF' but found 'CRLF'  linebreak-style
   35:39   [1m[31merror[39m[22m[1m  Expected linebreaks to be 'LF' but found 'CRLF'  linebreak-style
   36:17   [1m[31merror[39m[22m[1m  Expected linebreaks to be 'LF' but found 'CRLF'  linebreak-style
   37:38   [1m[31merror[39m[22m[1m  Expected linebreaks to be 'LF' but found 'CRLF'  linebreak-style
   38:39   [1m[31merror[39m[22m[1m  Expected linebreaks to be 'LF' but found 'CRLF'  linebreak-style
   39:10   [1m[31merror[39m[22m[1m  Expected linebreaks to be 'LF' but found 'CRLF'  linebreak-style
   40:22   [1m[31merror[39m[22m[1m  Expected linebreaks to be 'LF' but found 'CRLF'  linebreak-style
   41:26   [1m[31merror[39m[22m[1m  Expected linebreaks to be 'LF' but found 'CRLF'  linebreak-style
   42:31   [1m[31merror[39m[22m[1m  Expected linebreaks to be 'LF' but found 'CRLF'  linebreak-style
   43:18   [1m[31merror[39m[22m[1m  Expected linebreaks to be 'LF' but found 'CRLF'  linebreak-style
   44:27   [1m[31merror[39m[22m[1m  Expected linebreaks to be 'LF' but found 'CRLF'  linebreak-style
   45:8    [1m[31merror[39m[22m[1m  Expected linebreaks to be 'LF' but found 'CRLF'  linebreak-style
   46:7    [1m[31merror[39m[22m[1m  Expected linebreaks to be 'LF' but found 'CRLF'  linebreak-style
   47:1    [1m[31merror[39m[22m[1m  Expected linebreaks to be 'LF' but found 'CRLF'  linebreak-style
   48:21   [1m[31merror[39m[22m[1m  Expected linebreaks to be 'LF' but found 'CRLF'  linebreak-style
   49:16   [1m[31merror[39m[22m[1m  Expected linebreaks to be 'LF' but found 'CRLF'  linebreak-style
   50:1    [1m[31merror[39m[22m[1m  Expected linebreaks to be 'LF' but found 'CRLF'  linebreak-style
   51:42   [1m[31merror[39m[22m[1m  Expected linebreaks to be 'LF' but found 'CRLF'  linebreak-style
   52:45   [1m[31merror[39m[22m[1m  Expected linebreaks to be 'LF' but found 'CRLF'  linebreak-style
   53:5    [1m[31merror[39m[22m[1m  Expected linebreaks to be 'LF' but found 'CRLF'  linebreak-style
   54:45   [1m[31merror[39m[22m[1m  Expected linebreaks to be 'LF' but found 'CRLF'  linebreak-style
   55:10   [1m[31merror[39m[22m[1m  Expected linebreaks to be 'LF' but found 'CRLF'  linebreak-style
   56:74   [1m[31merror[39m[22m[1m  Expected linebreaks to be 'LF' but found 'CRLF'  linebreak-style
   57:37   [1m[31merror[39m[22m[1m  Expected linebreaks to be 'LF' but found 'CRLF'  linebreak-style
   58:24   [1m[31merror[39m[22m[1m  Expected linebreaks to be 'LF' but found 'CRLF'  linebreak-style
   59:83   [1m[31merror[39m[22m[1m  Expected linebreaks to be 'LF' but found 'CRLF'  linebreak-style
   60:15   [1m[31merror[39m[22m[1m  Expected linebreaks to be 'LF' but found 'CRLF'  linebreak-style
   61:46   [1m[31merror[39m[22m[1m  Expected linebreaks to be 'LF' but found 'CRLF'  linebreak-style
   62:8    [1m[31merror[39m[22m[1m  Expected linebreaks to be 'LF' but found 'CRLF'  linebreak-style
   63:20   [1m[31merror[39m[22m[1m  Expected linebreaks to be 'LF' but found 'CRLF'  linebreak-style
   64:29   [1m[31merror[39m[22m[1m  Expected linebreaks to be 'LF' but found 'CRLF'  linebreak-style
   65:16   [1m[31merror[39m[22m[1m  Expected linebreaks to be 'LF' but found 'CRLF'  linebreak-style
   66:25   [1m[31merror[39m[22m[1m  Expected linebreaks to be 'LF' but found 'CRLF'  linebreak-style
   67:6    [1m[31merror[39m[22m[1m  Expected linebreaks to be 'LF' but found 'CRLF'  linebreak-style
   68:5    [1m[31merror[39m[22m[1m  Expected linebreaks to be 'LF' but found 'CRLF'  linebreak-style
   69:35   [1m[31merror[39m[22m[1m  Expected linebreaks to be 'LF' but found 'CRLF'  linebreak-style
   70:64   [1m[31merror[39m[22m[1m  Expected linebreaks to be 'LF' but found 'CRLF'  linebreak-style
   71:21   [1m[31merror[39m[22m[1m  Expected linebreaks to be 'LF' but found 'CRLF'  linebreak-style
   72:26   [1m[31merror[39m[22m[1m  Expected linebreaks to be 'LF' but found 'CRLF'  linebreak-style
   73:6    [1m[31merror[39m[22m[1m  Expected linebreaks to be 'LF' but found 'CRLF'  linebreak-style
   74:5    [1m[31merror[39m[22m[1m  Expected linebreaks to be 'LF' but found 'CRLF'  linebreak-style
   75:32   [1m[31merror[39m[22m[1m  Expected linebreaks to be 'LF' but found 'CRLF'  linebreak-style
   76:44   [1m[31merror[39m[22m[1m  Expected linebreaks to be 'LF' but found 'CRLF'  linebreak-style
   77:5    [1m[31merror[39m[22m[1m  Expected linebreaks to be 'LF' but found 'CRLF'  linebreak-style
   78:1    [1m[31merror[39m[22m[1m  Expected linebreaks to be 'LF' but found 'CRLF'  linebreak-style
   79:17   [1m[31merror[39m[22m[1m  Expected linebreaks to be 'LF' but found 'CRLF'  linebreak-style
   80:50   [1m[31merror[39m[22m[1m  Expected linebreaks to be 'LF' but found 'CRLF'  linebreak-style
   81:4    [1m[31merror[39m[22m[1m  Expected linebreaks to be 'LF' but found 'CRLF'  linebreak-style
   82:15   [1m[31merror[39m[22m[1m  Expected linebreaks to be 'LF' but found 'CRLF'  linebreak-style
   83:13   [1m[31merror[39m[22m[1m  Expected linebreaks to be 'LF' but found 'CRLF'  linebreak-style
   84:30   [1m[31merror[39m[22m[1m  Expected linebreaks to be 'LF' but found 'CRLF'  linebreak-style
   85:15   [1m[31merror[39m[22m[1m  Expected linebreaks to be 'LF' but found 'CRLF'  linebreak-style
   86:16   [1m[31merror[39m[22m[1m  Expected linebreaks to be 'LF' but found 'CRLF'  linebreak-style
   87:11   [1m[31merror[39m[22m[1m  Expected linebreaks to be 'LF' but found 'CRLF'  linebreak-style
   88:7    [1m[31merror[39m[22m[1m  Expected linebreaks to be 'LF' but found 'CRLF'  linebreak-style
   89:4    [1m[31merror[39m[22m[1m  Expected linebreaks to be 'LF' but found 'CRLF'  linebreak-style
   90:1    [1m[31merror[39m[22m[1m  Expected linebreaks to be 'LF' but found 'CRLF'  linebreak-style
   91:11   [1m[31merror[39m[22m[1m  Expected linebreaks to be 'LF' but found 'CRLF'  linebreak-style
   92:10   [1m[31merror[39m[22m[1m  Expected linebreaks to be 'LF' but found 'CRLF'  linebreak-style
   93:24   [1m[31merror[39m[22m[1m  Expected linebreaks to be 'LF' but found 'CRLF'  linebreak-style
   94:90   [1m[31merror[39m[22m[1m  Expected linebreaks to be 'LF' but found 'CRLF'  linebreak-style
   95:16   [1m[31merror[39m[22m[1m  Expected linebreaks to be 'LF' but found 'CRLF'  linebreak-style
   96:15   [1m[31merror[39m[22m[1m  Expected linebreaks to be 'LF' but found 'CRLF'  linebreak-style
   97:17   [1m[31merror[39m[22m[1m  Expected linebreaks to be 'LF' but found 'CRLF'  linebreak-style
   98:17   [1m[31merror[39m[22m[1m  Expected linebreaks to be 'LF' but found 'CRLF'  linebreak-style
   99:20   [1m[31merror[39m[22m[1m  Expected linebreaks to be 'LF' but found 'CRLF'  linebreak-style
  100:37   [1m[31merror[39m[22m[1m  Expected linebreaks to be 'LF' but found 'CRLF'  linebreak-style
  101:83   [1m[31merror[39m[22m[1m  Expected linebreaks to be 'LF' but found 'CRLF'  linebreak-style
  102:50   [1m[31merror[39m[22m[1m  Expected linebreaks to be 'LF' but found 'CRLF'  linebreak-style
  103:16   [1m[31merror[39m[22m[1m  Expected linebreaks to be 'LF' but found 'CRLF'  linebreak-style
  104:19   [1m[31merror[39m[22m[1m  Expected linebreaks to be 'LF' but found 'CRLF'  linebreak-style
  105:22   [1m[31merror[39m[22m[1m  Expected linebreaks to be 'LF' but found 'CRLF'  linebreak-style
  106:18   [1m[31merror[39m[22m[1m  Expected linebreaks to be 'LF' but found 'CRLF'  linebreak-style
  107:27   [1m[31merror[39m[22m[1m  Expected linebreaks to be 'LF' but found 'CRLF'  linebreak-style
  108:37   [1m[31merror[39m[22m[1m  Expected linebreaks to be 'LF' but found 'CRLF'  linebreak-style
  109:36   [1m[31merror[39m[22m[1m  Expected linebreaks to be 'LF' but found 'CRLF'  linebreak-style
  110:36   [1m[31merror[39m[22m[1m  Expected linebreaks to be 'LF' but found 'CRLF'  linebreak-style
  111:44   [1m[31merror[39m[22m[1m  Expected linebreaks to be 'LF' but found 'CRLF'  linebreak-style
  112:38   [1m[31merror[39m[22m[1m  Expected linebreaks to be 'LF' but found 'CRLF'  linebreak-style
  113:48   [1m[31merror[39m[22m[1m  Expected linebreaks to be 'LF' but found 'CRLF'  linebreak-style
  114:32   [1m[31merror[39m[22m[1m  Expected linebreaks to be 'LF' but found 'CRLF'  linebreak-style
  115:30   [1m[31merror[39m[22m[1m  Expected linebreaks to be 'LF' but found 'CRLF'  linebreak-style
  116:19   [1m[31merror[39m[22m[1m  Expected linebreaks to be 'LF' but found 'CRLF'  linebreak-style
  117:16   [1m[31merror[39m[22m[1m  Expected linebreaks to be 'LF' but found 'CRLF'  linebreak-style
  118:17   [1m[31merror[39m[22m[1m  Expected linebreaks to be 'LF' but found 'CRLF'  linebreak-style
  119:16   [1m[31merror[39m[22m[1m  Expected linebreaks to be 'LF' but found 'CRLF'  linebreak-style
  120:41   [1m[31merror[39m[22m[1m  Expected linebreaks to be 'LF' but found 'CRLF'  linebreak-style
  121:35   [1m[31merror[39m[22m[1m  Expected linebreaks to be 'LF' but found 'CRLF'  linebreak-style
  122:37   [1m[31merror[39m[22m[1m  Expected linebreaks to be 'LF' but found 'CRLF'  linebreak-style
  123:18   [1m[31merror[39m[22m[1m  Expected linebreaks to be 'LF' but found 'CRLF'  linebreak-style
  124:57   [1m[31merror[39m[22m[1m  Expected linebreaks to be 'LF' but found 'CRLF'  linebreak-style
  125:16   [1m[31merror[39m[22m[1m  Expected linebreaks to be 'LF' but found 'CRLF'  linebreak-style
  126:46   [1m[31merror[39m[22m[1m  Expected linebreaks to be 'LF' but found 'CRLF'  linebreak-style
  127:20   [1m[31merror[39m[22m[1m  Expected linebreaks to be 'LF' but found 'CRLF'  linebreak-style
  128:47   [1m[31merror[39m[22m[1m  Expected linebreaks to be 'LF' but found 'CRLF'  linebreak-style
  129:49   [1m[31merror[39m[22m[1m  Expected linebreaks to be 'LF' but found 'CRLF'  linebreak-style
  130:43   [1m[31merror[39m[22m[1m  Expected linebreaks to be 'LF' but found 'CRLF'  linebreak-style
  131:50   [1m[31merror[39m[22m[1m  Expected linebreaks to be 'LF' but found 'CRLF'  linebreak-style
  132:52   [1m[31merror[39m[22m[1m  Expected linebreaks to be 'LF' but found 'CRLF'  linebreak-style
  133:59   [1m[31merror[39m[22m[1m  Expected linebreaks to be 'LF' but found 'CRLF'  linebreak-style
  134:48   [1m[31merror[39m[22m[1m  Expected linebreaks to be 'LF' but found 'CRLF'  linebreak-style
  135:39   [1m[31merror[39m[22m[1m  Expected linebreaks to be 'LF' but found 'CRLF'  linebreak-style
  136:19   [1m[31merror[39m[22m[1m  Expected linebreaks to be 'LF' but found 'CRLF'  linebreak-style
  137:44   [1m[31merror[39m[22m[1m  Expected linebreaks to be 'LF' but found 'CRLF'  linebreak-style
  138:24   [1m[31merror[39m[22m[1m  Expected linebreaks to be 'LF' but found 'CRLF'  linebreak-style
  139:74   [1m[31merror[39m[22m[1m  Expected linebreaks to be 'LF' but found 'CRLF'  linebreak-style
  140:103  [1m[31merror[39m[22m[1m  Expected linebreaks to be 'LF' but found 'CRLF'  linebreak-style
  141:124  [1m[31merror[39m[22m[1m  Expected linebreaks to be 'LF' but found 'CRLF'  linebreak-style
  142:115  [1m[31merror[39m[22m[1m  Expected linebreaks to be 'LF' but found 'CRLF'  linebreak-style
  143:27   [1m[31merror[39m[22m[1m  Expected linebreaks to be 'LF' but found 'CRLF'  linebreak-style
  144:25   [1m[31merror[39m[22m[1m  Expected linebreaks to be 'LF' but found 'CRLF'  linebreak-style
  145:22   [1m[31merror[39m[22m[1m  Expected linebreaks to be 'LF' but found 'CRLF'  linebreak-style
  146:21   [1m[31merror[39m[22m[1m  Expected linebreaks to be 'LF' but found 'CRLF'  linebreak-style
  147:19   [1m[31merror[39m[22m[1m  Expected linebreaks to be 'LF' but found 'CRLF'  linebreak-style
  148:20   [1m[31merror[39m[22m[1m  Expected linebreaks to be 'LF' but found 'CRLF'  linebreak-style
  149:18   [1m[31merror[39m[22m[1m  Expected linebreaks to be 'LF' but found 'CRLF'  linebreak-style
  150:14   [1m[31merror[39m[22m[1m  Expected linebreaks to be 'LF' but found 'CRLF'  linebreak-style
  151:17   [1m[31merror[39m[22m[1m  Expected linebreaks to be 'LF' but found 'CRLF'  linebreak-style
  152:15   [1m[31merror[39m[22m[1m  Expected linebreaks to be 'LF' but found 'CRLF'  linebreak-style
  153:11   [1m[31merror[39m[22m[1m  Expected linebreaks to be 'LF' but found 'CRLF'  linebreak-style
  154:5    [1m[31merror[39m[22m[1m  Expected linebreaks to be 'LF' but found 'CRLF'  linebreak-style
  155:3    [1m[31merror[39m[22m[1m  Expected linebreaks to be 'LF' but found 'CRLF'  linebreak-style
  156:1    [1m[31merror[39m[22m[1m  Expected linebreaks to be 'LF' but found 'CRLF'  linebreak-style
  157:29   [1m[31merror[39m[22m[1m  Expected linebreaks to be 'LF' but found 'CRLF'  linebreak-style

C:\Users\blaha5\Downloads\da\reactkys\crmWAcv\src\components\chartComponent.jsx
    1:27  [1m[31merror[39m[22m[1m  Expected linebreaks to be 'LF' but found 'CRLF'  linebreak-style
    2:9   [1m[31merror[39m[22m[1m  Expected linebreaks to be 'LF' but found 'CRLF'  linebreak-style
    3:20  [1m[31merror[39m[22m[1m  Expected linebreaks to be 'LF' but found 'CRLF'  linebreak-style
    4:17  [1m[31merror[39m[22m[1m  Expected linebreaks to be 'LF' but found 'CRLF'  linebreak-style
    5:15  [1m[31merror[39m[22m[1m  Expected linebreaks to be 'LF' but found 'CRLF'  linebreak-style
    6:14  [1m[31merror[39m[22m[1m  Expected linebreaks to be 'LF' but found 'CRLF'  linebreak-style
    7:9   [1m[31merror[39m[22m[1m  Expected linebreaks to be 'LF' but found 'CRLF'  linebreak-style
    8:11  [1m[31merror[39m[22m[1m  Expected linebreaks to be 'LF' but found 'CRLF'  linebreak-style
    9:10  [1m[31merror[39m[22m[1m  Expected linebreaks to be 'LF' but found 'CRLF'  linebreak-style
   10:19  [1m[31merror[39m[22m[1m  Expected linebreaks to be 'LF' but found 'CRLF'  linebreak-style
   11:57  [1m[31merror[39m[22m[1m  Expected linebreaks to be 'LF' but found 'CRLF'  linebreak-style
   12:52  [1m[31merror[39m[22m[1m  Expected linebreaks to be 'LF' but found 'CRLF'  linebreak-style
   13:39  [1m[31merror[39m[22m[1m  Expected linebreaks to be 'LF' but found 'CRLF'  linebreak-style
   14:43  [1m[31merror[39m[22m[1m  Expected linebreaks to be 'LF' but found 'CRLF'  linebreak-style
   15:40  [1m[31merror[39m[22m[1m  Expected linebreaks to be 'LF' but found 'CRLF'  linebreak-style
   16:40  [1m[31merror[39m[22m[1m  Expected linebreaks to be 'LF' but found 'CRLF'  linebreak-style
   17:48  [1m[31merror[39m[22m[1m  Expected linebreaks to be 'LF' but found 'CRLF'  linebreak-style
   18:1   [1m[31merror[39m[22m[1m  Expected linebreaks to be 'LF' but found 'CRLF'  linebreak-style
   19:18  [1m[31merror[39m[22m[1m  Expected linebreaks to be 'LF' but found 'CRLF'  linebreak-style
   20:17  [1m[31merror[39m[22m[1m  Expected linebreaks to be 'LF' but found 'CRLF'  linebreak-style
   21:15  [1m[31merror[39m[22m[1m  Expected linebreaks to be 'LF' but found 'CRLF'  linebreak-style
   22:14  [1m[31merror[39m[22m[1m  Expected linebreaks to be 'LF' but found 'CRLF'  linebreak-style
   23:9   [1m[31merror[39m[22m[1m  Expected linebreaks to be 'LF' but found 'CRLF'  linebreak-style
   24:11  [1m[31merror[39m[22m[1m  Expected linebreaks to be 'LF' but found 'CRLF'  linebreak-style
   25:10  [1m[31merror[39m[22m[1m  Expected linebreaks to be 'LF' but found 'CRLF'  linebreak-style
   26:19  [1m[31merror[39m[22m[1m  Expected linebreaks to be 'LF' but found 'CRLF'  linebreak-style
   27:3   [1m[31merror[39m[22m[1m  Expected linebreaks to be 'LF' but found 'CRLF'  linebreak-style
   28:1   [1m[31merror[39m[22m[1m  Expected linebreaks to be 'LF' but found 'CRLF'  linebreak-style
   29:31  [1m[31merror[39m[22m[1m  Expected linebreaks to be 'LF' but found 'CRLF'  linebreak-style
   30:40  [1m[31merror[39m[22m[1m  Expected linebreaks to be 'LF' but found 'CRLF'  linebreak-style
   31:45  [1m[31merror[39m[22m[1m  Expected linebreaks to be 'LF' but found 'CRLF'  linebreak-style
   32:48  [1m[31merror[39m[22m[1m  Expected linebreaks to be 'LF' but found 'CRLF'  linebreak-style
   33:44  [1m[31merror[39m[22m[1m  Expected linebreaks to be 'LF' but found 'CRLF'  linebreak-style
   34:31  [1m[31merror[39m[22m[1m  Expected linebreaks to be 'LF' but found 'CRLF'  linebreak-style
   35:32  [1m[31merror[39m[22m[1m  Expected linebreaks to be 'LF' but found 'CRLF'  linebreak-style
   36:1   [1m[31merror[39m[22m[1m  Expected linebreaks to be 'LF' but found 'CRLF'  linebreak-style
   37:20  [1m[31merror[39m[22m[1m  Expected linebreaks to be 'LF' but found 'CRLF'  linebreak-style
   38:36  [1m[31merror[39m[22m[1m  Expected linebreaks to be 'LF' but found 'CRLF'  linebreak-style
   39:12  [1m[31merror[39m[22m[1m  Expected linebreaks to be 'LF' but found 'CRLF'  linebreak-style
   40:68  [1m[31merror[39m[22m[1m  Expected linebreaks to be 'LF' but found 'CRLF'  linebreak-style
   41:13  [1m[31merror[39m[22m[1m  Expected linebreaks to be 'LF' but found 'CRLF'  linebreak-style
   42:39  [1m[31merror[39m[22m[1m  Expected linebreaks to be 'LF' but found 'CRLF'  linebreak-style
   43:40  [1m[31merror[39m[22m[1m  Expected linebreaks to be 'LF' but found 'CRLF'  linebreak-style
   44:45  [1m[31merror[39m[22m[1m  Expected linebreaks to be 'LF' but found 'CRLF'  linebreak-style
   45:12  [1m[31merror[39m[22m[1m  Expected linebreaks to be 'LF' but found 'CRLF'  linebreak-style
   46:35  [1m[31merror[39m[22m[1m  Expected linebreaks to be 'LF' but found 'CRLF'  linebreak-style
   47:17  [1m[31merror[39m[22m[1m  Expected linebreaks to be 'LF' but found 'CRLF'  linebreak-style
   48:38  [1m[31merror[39m[22m[1m  Expected linebreaks to be 'LF' but found 'CRLF'  linebreak-style
   49:34  [1m[31merror[39m[22m[1m  Expected linebreaks to be 'LF' but found 'CRLF'  linebreak-style
   50:10  [1m[31merror[39m[22m[1m  Expected linebreaks to be 'LF' but found 'CRLF'  linebreak-style
   51:22  [1m[31merror[39m[22m[1m  Expected linebreaks to be 'LF' but found 'CRLF'  linebreak-style
   52:31  [1m[31merror[39m[22m[1m  Expected linebreaks to be 'LF' but found 'CRLF'  linebreak-style
   53:18  [1m[31merror[39m[22m[1m  Expected linebreaks to be 'LF' but found 'CRLF'  linebreak-style
   54:27  [1m[31merror[39m[22m[1m  Expected linebreaks to be 'LF' but found 'CRLF'  linebreak-style
   55:8   [1m[31merror[39m[22m[1m  Expected linebreaks to be 'LF' but found 'CRLF'  linebreak-style
   56:7   [1m[31merror[39m[22m[1m  Expected linebreaks to be 'LF' but found 'CRLF'  linebreak-style
   57:1   [1m[31merror[39m[22m[1m  Expected linebreaks to be 'LF' but found 'CRLF'  linebreak-style
   58:17  [1m[31merror[39m[22m[1m  Expected linebreaks to be 'LF' but found 'CRLF'  linebreak-style
   59:10  [1m[31merror[39m[22m[1m  Expected linebreaks to be 'LF' but found 'CRLF'  linebreak-style
   60:1   [1m[31merror[39m[22m[1m  Expected linebreaks to be 'LF' but found 'CRLF'  linebreak-style
   61:64  [1m[31merror[39m[22m[1m  Expected linebreaks to be 'LF' but found 'CRLF'  linebreak-style
   62:33  [1m[31merror[39m[22m[1m  Expected linebreaks to be 'LF' but found 'CRLF'  linebreak-style
   63:28  [1m[31merror[39m[22m[1m  Expected linebreaks to be 'LF' but found 'CRLF'  linebreak-style
   64:28  [1m[31merror[39m[22m[1m  Expected linebreaks to be 'LF' but found 'CRLF'  linebreak-style
   65:41  [1m[31merror[39m[22m[1m  Expected linebreaks to be 'LF' but found 'CRLF'  linebreak-style
   66:1   [1m[31merror[39m[22m[1m  Expected linebreaks to be 'LF' but found 'CRLF'  linebreak-style
   67:71  [1m[31merror[39m[22m[1m  Expected linebreaks to be 'LF' but found 'CRLF'  linebreak-style
   68:30  [1m[31merror[39m[22m[1m  Expected linebreaks to be 'LF' but found 'CRLF'  linebreak-style
   69:47  [1m[31merror[39m[22m[1m  Expected linebreaks to be 'LF' but found 'CRLF'  linebreak-style
   70:6   [1m[31merror[39m[22m[1m  Expected linebreaks to be 'LF' but found 'CRLF'  linebreak-style
   71:1   [1m[31merror[39m[22m[1m  Expected linebreaks to be 'LF' but found 'CRLF'  linebreak-style
   72:23  [1m[31merror[39m[22m[1m  Expected linebreaks to be 'LF' but found 'CRLF'  linebreak-style
   73:69  [1m[31merror[39m[22m[1m  Expected linebreaks to be 'LF' but found 'CRLF'  linebreak-style
   74:20  [1m[31merror[39m[22m[1m  Expected linebreaks to be 'LF' but found 'CRLF'  linebreak-style
   75:32  [1m[31merror[39m[22m[1m  Expected linebreaks to be 'LF' but found 'CRLF'  linebreak-style
   76:69  [1m[31merror[39m[22m[1m  Expected linebreaks to be 'LF' but found 'CRLF'  linebreak-style
   77:10  [1m[31merror[39m[22m[1m  Expected linebreaks to be 'LF' but found 'CRLF'  linebreak-style
   78:6   [1m[31merror[39m[22m[1m  Expected linebreaks to be 'LF' but found 'CRLF'  linebreak-style
   79:19  [1m[31merror[39m[22m[1m  Expected linebreaks to be 'LF' but found 'CRLF'  linebreak-style
   80:5   [1m[31merror[39m[22m[1m  Expected linebreaks to be 'LF' but found 'CRLF'  linebreak-style
   81:40  [1m[31merror[39m[22m[1m  Expected linebreaks to be 'LF' but found 'CRLF'  linebreak-style
   82:1   [1m[31merror[39m[22m[1m  Expected linebreaks to be 'LF' but found 'CRLF'  linebreak-style
   83:32  [1m[31merror[39m[22m[1m  Expected linebreaks to be 'LF' but found 'CRLF'  linebreak-style
   84:37  [1m[31merror[39m[22m[1m  Expected linebreaks to be 'LF' but found 'CRLF'  linebreak-style
   85:31  [1m[31merror[39m[22m[1m  Expected linebreaks to be 'LF' but found 'CRLF'  linebreak-style
   86:29  [1m[31merror[39m[22m[1m  Expected linebreaks to be 'LF' but found 'CRLF'  linebreak-style
   87:29  [1m[31merror[39m[22m[1m  Expected linebreaks to be 'LF' but found 'CRLF'  linebreak-style
   88:32  [1m[31merror[39m[22m[1m  Expected linebreaks to be 'LF' but found 'CRLF'  linebreak-style
   89:31  [1m[31merror[39m[22m[1m  Expected linebreaks to be 'LF' but found 'CRLF'  linebreak-style
   90:5   [1m[31merror[39m[22m[1m  Expected linebreaks to be 'LF' but found 'CRLF'  linebreak-style
   91:1   [1m[31merror[39m[22m[1m  Expected linebreaks to be 'LF' but found 'CRLF'  linebreak-style
   92:28  [1m[31merror[39m[22m[1m  Expected linebreaks to be 'LF' but found 'CRLF'  linebreak-style
   93:1   [1m[31merror[39m[22m[1m  Expected linebreaks to be 'LF' but found 'CRLF'  linebreak-style
   94:22  [1m[31merror[39m[22m[1m  Expected linebreaks to be 'LF' but found 'CRLF'  linebreak-style
   95:79  [1m[31merror[39m[22m[1m  Expected linebreaks to be 'LF' but found 'CRLF'  linebreak-style
   96:16  [1m[31merror[39m[22m[1m  Expected linebreaks to be 'LF' but found 'CRLF'  linebreak-style
   97:8   [1m[31merror[39m[22m[1m  Expected linebreaks to be 'LF' but found 'CRLF'  linebreak-style
   98:43  [1m[31merror[39m[22m[1m  Expected linebreaks to be 'LF' but found 'CRLF'  linebreak-style
   99:50  [1m[31merror[39m[22m[1m  Expected linebreaks to be 'LF' but found 'CRLF'  linebreak-style
  100:52  [1m[31merror[39m[22m[1m  Expected linebreaks to be 'LF' but found 'CRLF'  linebreak-style
  101:46  [1m[31merror[39m[22m[1m  Expected linebreaks to be 'LF' but found 'CRLF'  linebreak-style
  102:24  [1m[31merror[39m[22m[1m  Expected linebreaks to be 'LF' but found 'CRLF'  linebreak-style
  103:26  [1m[31merror[39m[22m[1m  Expected linebreaks to be 'LF' but found 'CRLF'  linebreak-style
  104:9   [1m[31merror[39m[22m[1m  Expected linebreaks to be 'LF' but found 'CRLF'  linebreak-style
  105:8   [1m[31merror[39m[22m[1m  Expected linebreaks to be 'LF' but found 'CRLF'  linebreak-style
  106:43  [1m[31merror[39m[22m[1m  Expected linebreaks to be 'LF' but found 'CRLF'  linebreak-style
  107:50  [1m[31merror[39m[22m[1m  Expected linebreaks to be 'LF' but found 'CRLF'  linebreak-style
  108:52  [1m[31merror[39m[22m[1m  Expected linebreaks to be 'LF' but found 'CRLF'  linebreak-style
  109:46  [1m[31merror[39m[22m[1m  Expected linebreaks to be 'LF' but found 'CRLF'  linebreak-style
  110:24  [1m[31merror[39m[22m[1m  Expected linebreaks to be 'LF' but found 'CRLF'  linebreak-style
  111:26  [1m[31merror[39m[22m[1m  Expected linebreaks to be 'LF' but found 'CRLF'  linebreak-style
  112:9   [1m[31merror[39m[22m[1m  Expected linebreaks to be 'LF' but found 'CRLF'  linebreak-style
  113:8   [1m[31merror[39m[22m[1m  Expected linebreaks to be 'LF' but found 'CRLF'  linebreak-style
  114:41  [1m[31merror[39m[22m[1m  Expected linebreaks to be 'LF' but found 'CRLF'  linebreak-style
  115:48  [1m[31merror[39m[22m[1m  Expected linebreaks to be 'LF' but found 'CRLF'  linebreak-style
  116:52  [1m[31merror[39m[22m[1m  Expected linebreaks to be 'LF' but found 'CRLF'  linebreak-style
  117:46  [1m[31merror[39m[22m[1m  Expected linebreaks to be 'LF' but found 'CRLF'  linebreak-style
  118:24  [1m[31merror[39m[22m[1m  Expected linebreaks to be 'LF' but found 'CRLF'  linebreak-style
  119:26  [1m[31merror[39m[22m[1m  Expected linebreaks to be 'LF' but found 'CRLF'  linebreak-style
  120:9   [1m[31merror[39m[22m[1m  Expected linebreaks to be 'LF' but found 'CRLF'  linebreak-style
  121:8   [1m[31merror[39m[22m[1m  Expected linebreaks to be 'LF' but found 'CRLF'  linebreak-style
  122:41  [1m[31merror[39m[22m[1m  Expected linebreaks to be 'LF' but found 'CRLF'  linebreak-style
  123:48  [1m[31merror[39m[22m[1m  Expected linebreaks to be 'LF' but found 'CRLF'  linebreak-style
  124:53  [1m[31merror[39m[22m[1m  Expected linebreaks to be 'LF' but found 'CRLF'  linebreak-style
  125:47  [1m[31merror[39m[22m[1m  Expected linebreaks to be 'LF' but found 'CRLF'  linebreak-style
  126:24  [1m[31merror[39m[22m[1m  Expected linebreaks to be 'LF' but found 'CRLF'  linebreak-style
  127:26  [1m[31merror[39m[22m[1m  Expected linebreaks to be 'LF' but found 'CRLF'  linebreak-style
  128:9   [1m[31merror[39m[22m[1m  Expected linebreaks to be 'LF' but found 'CRLF'  linebreak-style
  129:8   [1m[31merror[39m[22m[1m  Expected linebreaks to be 'LF' but found 'CRLF'  linebreak-style
  130:44  [1m[31merror[39m[22m[1m  Expected linebreaks to be 'LF' but found 'CRLF'  linebreak-style
  131:51  [1m[31merror[39m[22m[1m  Expected linebreaks to be 'LF' but found 'CRLF'  linebreak-style
  132:52  [1m[31merror[39m[22m[1m  Expected linebreaks to be 'LF' but found 'CRLF'  linebreak-style
  133:46  [1m[31merror[39m[22m[1m  Expected linebreaks to be 'LF' but found 'CRLF'  linebreak-style
  134:24  [1m[31merror[39m[22m[1m  Expected linebreaks to be 'LF' but found 'CRLF'  linebreak-style
  135:26  [1m[31merror[39m[22m[1m  Expected linebreaks to be 'LF' but found 'CRLF'  linebreak-style
  136:9   [1m[31merror[39m[22m[1m  Expected linebreaks to be 'LF' but found 'CRLF'  linebreak-style
  137:8   [1m[31merror[39m[22m[1m  Expected linebreaks to be 'LF' but found 'CRLF'  linebreak-style
  138:42  [1m[31merror[39m[22m[1m  Expected linebreaks to be 'LF' but found 'CRLF'  linebreak-style
  139:49  [1m[31merror[39m[22m[1m  Expected linebreaks to be 'LF' but found 'CRLF'  linebreak-style
  140:52  [1m[31merror[39m[22m[1m  Expected linebreaks to be 'LF' but found 'CRLF'  linebreak-style
  141:46  [1m[31merror[39m[22m[1m  Expected linebreaks to be 'LF' but found 'CRLF'  linebreak-style
  142:24  [1m[31merror[39m[22m[1m  Expected linebreaks to be 'LF' but found 'CRLF'  linebreak-style
  143:26  [1m[31merror[39m[22m[1m  Expected linebreaks to be 'LF' but found 'CRLF'  linebreak-style
  144:9   [1m[31merror[39m[22m[1m  Expected linebreaks to be 'LF' but found 'CRLF'  linebreak-style
  145:7   [1m[31merror[39m[22m[1m  Expected linebreaks to be 'LF' but found 'CRLF'  linebreak-style
  146:5   [1m[31merror[39m[22m[1m  Expected linebreaks to be 'LF' but found 'CRLF'  linebreak-style
  147:1   [1m[31merror[39m[22m[1m  Expected linebreaks to be 'LF' but found 'CRLF'  linebreak-style
  148:25  [1m[31merror[39m[22m[1m  Expected linebreaks to be 'LF' but found 'CRLF'  linebreak-style
  149:22  [1m[31merror[39m[22m[1m  Expected linebreaks to be 'LF' but found 'CRLF'  linebreak-style
  150:32  [1m[31merror[39m[22m[1m  Expected linebreaks to be 'LF' but found 'CRLF'  linebreak-style
  151:14  [1m[31merror[39m[22m[1m  Expected linebreaks to be 'LF' but found 'CRLF'  linebreak-style
  152:11  [1m[31merror[39m[22m[1m  Expected linebreaks to be 'LF' but found 'CRLF'  linebreak-style
  153:23  [1m[31merror[39m[22m[1m  Expected linebreaks to be 'LF' but found 'CRLF'  linebreak-style
  154:27  [1m[31merror[39m[22m[1m  Expected linebreaks to be 'LF' but found 'CRLF'  linebreak-style
  155:17  [1m[31merror[39m[22m[1m  Expected linebreaks to be 'LF' but found 'CRLF'  linebreak-style
  156:30  [1m[31merror[39m[22m[1m  Expected linebreaks to be 'LF' but found 'CRLF'  linebreak-style
  157:11  [1m[31merror[39m[22m[1m  Expected linebreaks to be 'LF' but found 'CRLF'  linebreak-style
  158:9   [1m[31merror[39m[22m[1m  Expected linebreaks to be 'LF' but found 'CRLF'  linebreak-style
  159:11  [1m[31merror[39m[22m[1m  Expected linebreaks to be 'LF' but found 'CRLF'  linebreak-style
  160:23  [1m[31merror[39m[22m[1m  Expected linebreaks to be 'LF' but found 'CRLF'  linebreak-style
  161:17  [1m[31merror[39m[22m[1m  Expected linebreaks to be 'LF' but found 'CRLF'  linebreak-style
  162:30  [1m[31merror[39m[22m[1m  Expected linebreaks to be 'LF' but found 'CRLF'  linebreak-style
  163:11  [1m[31merror[39m[22m[1m  Expected linebreaks to be 'LF' but found 'CRLF'  linebreak-style
  164:9   [1m[31merror[39m[22m[1m  Expected linebreaks to be 'LF' but found 'CRLF'  linebreak-style
  165:7   [1m[31merror[39m[22m[1m  Expected linebreaks to be 'LF' but found 'CRLF'  linebreak-style
  166:15  [1m[31merror[39m[22m[1m  Expected linebreaks to be 'LF' but found 'CRLF'  linebreak-style
  167:16  [1m[31merror[39m[22m[1m  Expected linebreaks to be 'LF' but found 'CRLF'  linebreak-style
  168:28  [1m[31merror[39m[22m[1m  Expected linebreaks to be 'LF' but found 'CRLF'  linebreak-style
  169:18  [1m[31merror[39m[22m[1m  Expected linebreaks to be 'LF' but found 'CRLF'  linebreak-style
  170:30  [1m[31merror[39m[22m[1m  Expected linebreaks to be 'LF' but found 'CRLF'  linebreak-style
  171:47  [1m[31merror[39m[22m[1m  Expected linebreaks to be 'LF' but found 'CRLF'  linebreak-style
  172:24  [1m[31merror[39m[22m[1m  Expected linebreaks to be 'LF' but found 'CRLF'  linebreak-style
  173:52  [1m[31merror[39m[22m[1m  Expected linebreaks to be 'LF' but found 'CRLF'  linebreak-style
  174:11  [1m[31merror[39m[22m[1m  Expected linebreaks to be 'LF' but found 'CRLF'  linebreak-style
  175:9   [1m[31merror[39m[22m[1m  Expected linebreaks to be 'LF' but found 'CRLF'  linebreak-style
  176:20  [1m[31merror[39m[22m[1m  Expected linebreaks to be 'LF' but found 'CRLF'  linebreak-style
  177:26  [1m[31merror[39m[22m[1m  Expected linebreaks to be 'LF' but found 'CRLF'  linebreak-style
  178:25  [1m[31merror[39m[22m[1m  Expected linebreaks to be 'LF' but found 'CRLF'  linebreak-style
  179:41  [1m[31merror[39m[22m[1m  Expected linebreaks to be 'LF' but found 'CRLF'  linebreak-style
  180:56  [1m[31merror[39m[22m[1m  Expected linebreaks to be 'LF' but found 'CRLF'  linebreak-style
  181:71  [1m[31merror[39m[22m[1m  Expected linebreaks to be 'LF' but found 'CRLF'  linebreak-style
  182:29  [1m[31merror[39m[22m[1m  Expected linebreaks to be 'LF' but found 'CRLF'  linebreak-style
  183:11  [1m[31merror[39m[22m[1m  Expected linebreaks to be 'LF' but found 'CRLF'  linebreak-style
  184:24  [1m[31merror[39m[22m[1m  Expected linebreaks to be 'LF' but found 'CRLF'  linebreak-style
  185:16  [1m[31merror[39m[22m[1m  Expected linebreaks to be 'LF' but found 'CRLF'  linebreak-style
  186:26  [1m[31merror[39m[22m[1m  Expected linebreaks to be 'LF' but found 'CRLF'  linebreak-style
  187:20  [1m[31merror[39m[22m[1m  Expected linebreaks to be 'LF' but found 'CRLF'  linebreak-style
  188:11  [1m[31merror[39m[22m[1m  Expected linebreaks to be 'LF' but found 'CRLF'  linebreak-style
  189:9   [1m[31merror[39m[22m[1m  Expected linebreaks to be 'LF' but found 'CRLF'  linebreak-style
  190:7   [1m[31merror[39m[22m[1m  Expected linebreaks to be 'LF' but found 'CRLF'  linebreak-style
  191:5   [1m[31merror[39m[22m[1m  Expected linebreaks to be 'LF' but found 'CRLF'  linebreak-style
  192:1   [1m[31merror[39m[22m[1m  Expected linebreaks to be 'LF' but found 'CRLF'  linebreak-style
  193:20  [1m[31merror[39m[22m[1m  Expected linebreaks to be 'LF' but found 'CRLF'  linebreak-style
  194:20  [1m[31merror[39m[22m[1m  Expected linebreaks to be 'LF' but found 'CRLF'  linebreak-style
  195:14  [1m[31merror[39m[22m[1m  Expected linebreaks to be 'LF' but found 'CRLF'  linebreak-style
  196:11  [1m[31merror[39m[22m[1m  Expected linebreaks to be 'LF' but found 'CRLF'  linebreak-style
  197:23  [1m[31merror[39m[22m[1m  Expected linebreaks to be 'LF' but found 'CRLF'  linebreak-style
  198:17  [1m[31merror[39m[22m[1m  Expected linebreaks to be 'LF' but found 'CRLF'  linebreak-style
  199:18  [1m[31merror[39m[22m[1m  Expected linebreaks to be 'LF' but found 'CRLF'  linebreak-style
  200:22  [1m[31merror[39m[22m[1m  Expected linebreaks to be 'LF' but found 'CRLF'  linebreak-style
  201:13  [1m[31merror[39m[22m[1m  Expected linebreaks to be 'LF' but found 'CRLF'  linebreak-style
  202:11  [1m[31merror[39m[22m[1m  Expected linebreaks to be 'LF' but found 'CRLF'  linebreak-style
  203:27  [1m[31merror[39m[22m[1m  Expected linebreaks to be 'LF' but found 'CRLF'  linebreak-style
  204:9   [1m[31merror[39m[22m[1m  Expected linebreaks to be 'LF' but found 'CRLF'  linebreak-style
  205:11  [1m[31merror[39m[22m[1m  Expected linebreaks to be 'LF' but found 'CRLF'  linebreak-style
  206:23  [1m[31merror[39m[22m[1m  Expected linebreaks to be 'LF' but found 'CRLF'  linebreak-style
  207:17  [1m[31merror[39m[22m[1m  Expected linebreaks to be 'LF' but found 'CRLF'  linebreak-style
  208:18  [1m[31merror[39m[22m[1m  Expected linebreaks to be 'LF' but found 'CRLF'  linebreak-style
  209:22  [1m[31merror[39m[22m[1m  Expected linebreaks to be 'LF' but found 'CRLF'  linebreak-style
  210:13  [1m[31merror[39m[22m[1m  Expected linebreaks to be 'LF' but found 'CRLF'  linebreak-style
  211:11  [1m[31merror[39m[22m[1m  Expected linebreaks to be 'LF' but found 'CRLF'  linebreak-style
  212:9   [1m[31merror[39m[22m[1m  Expected linebreaks to be 'LF' but found 'CRLF'  linebreak-style
  213:7   [1m[31merror[39m[22m[1m  Expected linebreaks to be 'LF' but found 'CRLF'  linebreak-style
  214:1   [1m[31merror[39m[22m[1m  Expected linebreaks to be 'LF' but found 'CRLF'  linebreak-style
  215:15  [1m[31merror[39m[22m[1m  Expected linebreaks to be 'LF' but found 'CRLF'  linebreak-style
  216:16  [1m[31merror[39m[22m[1m  Expected linebreaks to be 'LF' but found 'CRLF'  linebreak-style
  217:18  [1m[31merror[39m[22m[1m  Expected linebreaks to be 'LF' but found 'CRLF'  linebreak-style
  218:18  [1m[31merror[39m[22m[1m  Expected linebreaks to be 'LF' but found 'CRLF'  linebreak-style
  219:22  [1m[31merror[39m[22m[1m  Expected linebreaks to be 'LF' but found 'CRLF'  linebreak-style
  220:13  [1m[31merror[39m[22m[1m  Expected linebreaks to be 'LF' but found 'CRLF'  linebreak-style
  221:11  [1m[31merror[39m[22m[1m  Expected linebreaks to be 'LF' but found 'CRLF'  linebreak-style
  222:9   [1m[31merror[39m[22m[1m  Expected linebreaks to be 'LF' but found 'CRLF'  linebreak-style
  223:20  [1m[31merror[39m[22m[1m  Expected linebreaks to be 'LF' but found 'CRLF'  linebreak-style
  224:26  [1m[31merror[39m[22m[1m  Expected linebreaks to be 'LF' but found 'CRLF'  linebreak-style
  225:25  [1m[31merror[39m[22m[1m  Expected linebreaks to be 'LF' but found 'CRLF'  linebreak-style
  226:41  [1m[31merror[39m[22m[1m  Expected linebreaks to be 'LF' but found 'CRLF'  linebreak-style
  227:56  [1m[31merror[39m[22m[1m  Expected linebreaks to be 'LF' but found 'CRLF'  linebreak-style
  228:71  [1m[31merror[39m[22m[1m  Expected linebreaks to be 'LF' but found 'CRLF'  linebreak-style
  229:34  [1m[31merror[39m[22m[1m  Expected linebreaks to be 'LF' but found 'CRLF'  linebreak-style
  230:11  [1m[31merror[39m[22m[1m  Expected linebreaks to be 'LF' but found 'CRLF'  linebreak-style
  231:24  [1m[31merror[39m[22m[1m  Expected linebreaks to be 'LF' but found 'CRLF'  linebreak-style
  232:16  [1m[31merror[39m[22m[1m  Expected linebreaks to be 'LF' but found 'CRLF'  linebreak-style
  233:26  [1m[31merror[39m[22m[1m  Expected linebreaks to be 'LF' but found 'CRLF'  linebreak-style
  234:20  [1m[31merror[39m[22m[1m  Expected linebreaks to be 'LF' but found 'CRLF'  linebreak-style
  235:11  [1m[31merror[39m[22m[1m  Expected linebreaks to be 'LF' but found 'CRLF'  linebreak-style
  236:9   [1m[31merror[39m[22m[1m  Expected linebreaks to be 'LF' but found 'CRLF'  linebreak-style
  237:7   [1m[31merror[39m[22m[1m  Expected linebreaks to be 'LF' but found 'CRLF'  linebreak-style
  238:5   [1m[31merror[39m[22m[1m  Expected linebreaks to be 'LF' but found 'CRLF'  linebreak-style
  239:1   [1m[31merror[39m[22m[1m  Expected linebreaks to be 'LF' but found 'CRLF'  linebreak-style
  240:20  [1m[31merror[39m[22m[1m  Expected linebreaks to be 'LF' but found 'CRLF'  linebreak-style
  241:37  [1m[31merror[39m[22m[1m  Expected linebreaks to be 'LF' but found 'CRLF'  linebreak-style
  242:12  [1m[31merror[39m[22m[1m  Expected linebreaks to be 'LF' but found 'CRLF'  linebreak-style
  243:76  [1m[31merror[39m[22m[1m  Expected linebreaks to be 'LF' but found 'CRLF'  linebreak-style
  244:13  [1m[31merror[39m[22m[1m  Expected linebreaks to be 'LF' but found 'CRLF'  linebreak-style
  245:39  [1m[31merror[39m[22m[1m  Expected linebreaks to be 'LF' but found 'CRLF'  linebreak-style
  246:40  [1m[31merror[39m[22m[1m  Expected linebreaks to be 'LF' but found 'CRLF'  linebreak-style
  247:45  [1m[31merror[39m[22m[1m  Expected linebreaks to be 'LF' but found 'CRLF'  linebreak-style
  248:12  [1m[31merror[39m[22m[1m  Expected linebreaks to be 'LF' but found 'CRLF'  linebreak-style
  249:35  [1m[31merror[39m[22m[1m  Expected linebreaks to be 'LF' but found 'CRLF'  linebreak-style
  250:17  [1m[31merror[39m[22m[1m  Expected linebreaks to be 'LF' but found 'CRLF'  linebreak-style
  251:38  [1m[31merror[39m[22m[1m  Expected linebreaks to be 'LF' but found 'CRLF'  linebreak-style
  252:38  [1m[31merror[39m[22m[1m  Expected linebreaks to be 'LF' but found 'CRLF'  linebreak-style
  253:10  [1m[31merror[39m[22m[1m  Expected linebreaks to be 'LF' but found 'CRLF'  linebreak-style
  254:22  [1m[31merror[39m[22m[1m  Expected linebreaks to be 'LF' but found 'CRLF'  linebreak-style
  255:31  [1m[31merror[39m[22m[1m  Expected linebreaks to be 'LF' but found 'CRLF'  linebreak-style
  256:18  [1m[31merror[39m[22m[1m  Expected linebreaks to be 'LF' but found 'CRLF'  linebreak-style
  257:27  [1m[31merror[39m[22m[1m  Expected linebreaks to be 'LF' but found 'CRLF'  linebreak-style
  258:8   [1m[31merror[39m[22m[1m  Expected linebreaks to be 'LF' but found 'CRLF'  linebreak-style
  259:7   [1m[31merror[39m[22m[1m  Expected linebreaks to be 'LF' but found 'CRLF'  linebreak-style
  260:1   [1m[31merror[39m[22m[1m  Expected linebreaks to be 'LF' but found 'CRLF'  linebreak-style
  261:18  [1m[31merror[39m[22m[1m  Expected linebreaks to be 'LF' but found 'CRLF'  linebreak-style
  262:10  [1m[31merror[39m[22m[1m  Expected linebreaks to be 'LF' but found 'CRLF'  linebreak-style
  263:1   [1m[31merror[39m[22m[1m  Expected linebreaks to be 'LF' but found 'CRLF'  linebreak-style
  264:17  [1m[31merror[39m[22m[1m  Expected linebreaks to be 'LF' but found 'CRLF'  linebreak-style
  265:30  [1m[31merror[39m[22m[1m  Expected linebreaks to be 'LF' but found 'CRLF'  linebreak-style
  266:4   [1m[31merror[39m[22m[1m  Expected linebreaks to be 'LF' but found 'CRLF'  linebreak-style
  267:1   [1m[31merror[39m[22m[1m  Expected linebreaks to be 'LF' but found 'CRLF'  linebreak-style
  268:15  [1m[31merror[39m[22m[1m  Expected linebreaks to be 'LF' but found 'CRLF'  linebreak-style
  269:13  [1m[31merror[39m[22m[1m  Expected linebreaks to be 'LF' but found 'CRLF'  linebreak-style
  270:10  [1m[31merror[39m[22m[1m  Expected linebreaks to be 'LF' but found 'CRLF'  linebreak-style
  271:15  [1m[31merror[39m[22m[1m  Expected linebreaks to be 'LF' but found 'CRLF'  linebreak-style
  272:16  [1m[31merror[39m[22m[1m  Expected linebreaks to be 'LF' but found 'CRLF'  linebreak-style
  273:11  [1m[31merror[39m[22m[1m  Expected linebreaks to be 'LF' but found 'CRLF'  linebreak-style
  274:7   [1m[31merror[39m[22m[1m  Expected linebreaks to be 'LF' but found 'CRLF'  linebreak-style
  275:4   [1m[31merror[39m[22m[1m  Expected linebreaks to be 'LF' but found 'CRLF'  linebreak-style
  276:1   [1m[31merror[39m[22m[1m  Expected linebreaks to be 'LF' but found 'CRLF'  linebreak-style
  277:5   [1m[31merror[39m[22m[1m  Expected linebreaks to be 'LF' but found 'CRLF'  linebreak-style
  278:31  [1m[31merror[39m[22m[1m  Expected linebreaks to be 'LF' but found 'CRLF'  linebreak-style
  279:29  [1m[31merror[39m[22m[1m  Expected linebreaks to be 'LF' but found 'CRLF'  linebreak-style
  280:50  [1m[31merror[39m[22m[1m  Expected linebreaks to be 'LF' but found 'CRLF'  linebreak-style
  281:6   [1m[31merror[39m[22m[1m  Expected linebreaks to be 'LF' but found 'CRLF'  linebreak-style
  282:21  [1m[31merror[39m[22m[1m  Expected linebreaks to be 'LF' but found 'CRLF'  linebreak-style
  283:5   [1m[31merror[39m[22m[1m  Expected linebreaks to be 'LF' but found 'CRLF'  linebreak-style
  284:5   [1m[31merror[39m[22m[1m  Expected linebreaks to be 'LF' but found 'CRLF'  linebreak-style
  285:1   [1m[31merror[39m[22m[1m  Expected linebreaks to be 'LF' but found 'CRLF'  linebreak-style
  286:11  [1m[31merror[39m[22m[1m  Expected linebreaks to be 'LF' but found 'CRLF'  linebreak-style
  287:10  [1m[31merror[39m[22m[1m  Expected linebreaks to be 'LF' but found 'CRLF'  linebreak-style
  288:43  [1m[31merror[39m[22m[1m  Expected linebreaks to be 'LF' but found 'CRLF'  linebreak-style
  289:19  [1m[31merror[39m[22m[1m  Expected linebreaks to be 'LF' but found 'CRLF'  linebreak-style
  290:57  [1m[31merror[39m[22m[1m  Expected linebreaks to be 'LF' but found 'CRLF'  linebreak-style
  291:58  [1m[31merror[39m[22m[1m  Expected linebreaks to be 'LF' but found 'CRLF'  linebreak-style
  292:15  [1m[31merror[39m[22m[1m  Expected linebreaks to be 'LF' but found 'CRLF'  linebreak-style
  293:12  [1m[31merror[39m[22m[1m  Expected linebreaks to be 'LF' but found 'CRLF'  linebreak-style
  294:63  [1m[31merror[39m[22m[1m  Expected linebreaks to be 'LF' but found 'CRLF'  linebreak-style
  295:9   [1m[31merror[39m[22m[1m  Expected linebreaks to be 'LF' but found 'CRLF'  linebreak-style
  296:13  [1m[31merror[39m[22m[1m  Expected linebreaks to be 'LF' but found 'CRLF'  linebreak-style
  297:1   [1m[31merror[39m[22m[1m  Expected linebreaks to be 'LF' but found 'CRLF'  linebreak-style
  298:33  [1m[31merror[39m[22m[1m  Expected linebreaks to be 'LF' but found 'CRLF'  linebreak-style
  299:28  [1m[31merror[39m[22m[1m  Expected linebreaks to be 'LF' but found 'CRLF'  linebreak-style
  300:15  [1m[31merror[39m[22m[1m  Expected linebreaks to be 'LF' but found 'CRLF'  linebreak-style
  301:16  [1m[31merror[39m[22m[1m  Expected linebreaks to be 'LF' but found 'CRLF'  linebreak-style
  302:18  [1m[31merror[39m[22m[1m  Expected linebreaks to be 'LF' but found 'CRLF'  linebreak-style
  303:23  [1m[31merror[39m[22m[1m  Expected linebreaks to be 'LF' but found 'CRLF'  linebreak-style
  304:16  [1m[31merror[39m[22m[1m  Expected linebreaks to be 'LF' but found 'CRLF'  linebreak-style
  305:39  [1m[31merror[39m[22m[1m  Expected linebreaks to be 'LF' but found 'CRLF'  linebreak-style
  306:42  [1m[31merror[39m[22m[1m  Expected linebreaks to be 'LF' but found 'CRLF'  linebreak-style
  307:17  [1m[31merror[39m[22m[1m  Expected linebreaks to be 'LF' but found 'CRLF'  linebreak-style
  308:42  [1m[31merror[39m[22m[1m  Expected linebreaks to be 'LF' but found 'CRLF'  linebreak-style
  309:17  [1m[31merror[39m[22m[1m  Expected linebreaks to be 'LF' but found 'CRLF'  linebreak-style
  310:15  [1m[31merror[39m[22m[1m  Expected linebreaks to be 'LF' but found 'CRLF'  linebreak-style
  311:10  [1m[31merror[39m[22m[1m  Expected linebreaks to be 'LF' but found 'CRLF'  linebreak-style
  312:11  [1m[31merror[39m[22m[1m  Expected linebreaks to be 'LF' but found 'CRLF'  linebreak-style
  313:5   [1m[31merror[39m[22m[1m  Expected linebreaks to be 'LF' but found 'CRLF'  linebreak-style
  314:3   [1m[31merror[39m[22m[1m  Expected linebreaks to be 'LF' but found 'CRLF'  linebreak-style
  315:1   [1m[31merror[39m[22m[1m  Expected linebreaks to be 'LF' but found 'CRLF'  linebreak-style
  316:31  [1m[31merror[39m[22m[1m  Expected linebreaks to be 'LF' but found 'CRLF'  linebreak-style

C:\Users\blaha5\Downloads\da\reactkys\crmWAcv\src\components\columnList.jsx
    1:59   [1m[31merror[39m[22m[1m  Expected linebreaks to be 'LF' but found 'CRLF'  linebreak-style
    2:27   [1m[31merror[39m[22m[1m  Expected linebreaks to be 'LF' but found 'CRLF'  linebreak-style
    3:52   [1m[31merror[39m[22m[1m  Expected linebreaks to be 'LF' but found 'CRLF'  linebreak-style
    4:47   [1m[31merror[39m[22m[1m  Expected linebreaks to be 'LF' but found 'CRLF'  linebreak-style
    5:40   [1m[31merror[39m[22m[1m  Expected linebreaks to be 'LF' but found 'CRLF'  linebreak-style
    6:1    [1m[31merror[39m[22m[1m  Expected linebreaks to be 'LF' but found 'CRLF'  linebreak-style
    7:27   [1m[31merror[39m[22m[1m  Expected linebreaks to be 'LF' but found 'CRLF'  linebreak-style
    8:31   [1m[31merror[39m[22m[1m  Expected linebreaks to be 'LF' but found 'CRLF'  linebreak-style
    9:46   [1m[31merror[39m[22m[1m  Expected linebreaks to be 'LF' but found 'CRLF'  linebreak-style
   10:48   [1m[31merror[39m[22m[1m  Expected linebreaks to be 'LF' but found 'CRLF'  linebreak-style
   11:44   [1m[31merror[39m[22m[1m  Expected linebreaks to be 'LF' but found 'CRLF'  linebreak-style
   12:62   [1m[31merror[39m[22m[1m  Expected linebreaks to be 'LF' but found 'CRLF'  linebreak-style
   13:48   [1m[31merror[39m[22m[1m  Expected linebreaks to be 'LF' but found 'CRLF'  linebreak-style
   14:1    [1m[31merror[39m[22m[1m  Expected linebreaks to be 'LF' but found 'CRLF'  linebreak-style
   15:20   [1m[31merror[39m[22m[1m  Expected linebreaks to be 'LF' but found 'CRLF'  linebreak-style
   16:39   [1m[31merror[39m[22m[1m  Expected linebreaks to be 'LF' but found 'CRLF'  linebreak-style
   17:12   [1m[31merror[39m[22m[1m  Expected linebreaks to be 'LF' but found 'CRLF'  linebreak-style
   18:67   [1m[31merror[39m[22m[1m  Expected linebreaks to be 'LF' but found 'CRLF'  linebreak-style
   19:71   [1m[31merror[39m[22m[1m  Expected linebreaks to be 'LF' but found 'CRLF'  linebreak-style
   20:46   [1m[31merror[39m[22m[1m  Expected linebreaks to be 'LF' but found 'CRLF'  linebreak-style
   21:35   [1m[31merror[39m[22m[1m  Expected linebreaks to be 'LF' but found 'CRLF'  linebreak-style
   22:17   [1m[31merror[39m[22m[1m  Expected linebreaks to be 'LF' but found 'CRLF'  linebreak-style
   23:38   [1m[31merror[39m[22m[1m  Expected linebreaks to be 'LF' but found 'CRLF'  linebreak-style
   24:37   [1m[31merror[39m[22m[1m  Expected linebreaks to be 'LF' but found 'CRLF'  linebreak-style
   25:10   [1m[31merror[39m[22m[1m  Expected linebreaks to be 'LF' but found 'CRLF'  linebreak-style
   26:22   [1m[31merror[39m[22m[1m  Expected linebreaks to be 'LF' but found 'CRLF'  linebreak-style
   27:31   [1m[31merror[39m[22m[1m  Expected linebreaks to be 'LF' but found 'CRLF'  linebreak-style
   28:18   [1m[31merror[39m[22m[1m  Expected linebreaks to be 'LF' but found 'CRLF'  linebreak-style
   29:27   [1m[31merror[39m[22m[1m  Expected linebreaks to be 'LF' but found 'CRLF'  linebreak-style
   30:8    [1m[31merror[39m[22m[1m  Expected linebreaks to be 'LF' but found 'CRLF'  linebreak-style
   31:7    [1m[31merror[39m[22m[1m  Expected linebreaks to be 'LF' but found 'CRLF'  linebreak-style
   32:1    [1m[31merror[39m[22m[1m  Expected linebreaks to be 'LF' but found 'CRLF'  linebreak-style
   33:20   [1m[31merror[39m[22m[1m  Expected linebreaks to be 'LF' but found 'CRLF'  linebreak-style
   34:10   [1m[31merror[39m[22m[1m  Expected linebreaks to be 'LF' but found 'CRLF'  linebreak-style
   35:1    [1m[31merror[39m[22m[1m  Expected linebreaks to be 'LF' but found 'CRLF'  linebreak-style
   36:45   [1m[31merror[39m[22m[1m  Expected linebreaks to be 'LF' but found 'CRLF'  linebreak-style
   37:10   [1m[31merror[39m[22m[1m  Expected linebreaks to be 'LF' but found 'CRLF'  linebreak-style
   38:74   [1m[31merror[39m[22m[1m  Expected linebreaks to be 'LF' but found 'CRLF'  linebreak-style
   39:37   [1m[31merror[39m[22m[1m  Expected linebreaks to be 'LF' but found 'CRLF'  linebreak-style
   40:93   [1m[31merror[39m[22m[1m  Expected linebreaks to be 'LF' but found 'CRLF'  linebreak-style
   41:15   [1m[31merror[39m[22m[1m  Expected linebreaks to be 'LF' but found 'CRLF'  linebreak-style
   42:37   [1m[31merror[39m[22m[1m  Expected linebreaks to be 'LF' but found 'CRLF'  linebreak-style
   43:8    [1m[31merror[39m[22m[1m  Expected linebreaks to be 'LF' but found 'CRLF'  linebreak-style
   44:20   [1m[31merror[39m[22m[1m  Expected linebreaks to be 'LF' but found 'CRLF'  linebreak-style
   45:29   [1m[31merror[39m[22m[1m  Expected linebreaks to be 'LF' but found 'CRLF'  linebreak-style
   46:16   [1m[31merror[39m[22m[1m  Expected linebreaks to be 'LF' but found 'CRLF'  linebreak-style
   47:25   [1m[31merror[39m[22m[1m  Expected linebreaks to be 'LF' but found 'CRLF'  linebreak-style
   48:6    [1m[31merror[39m[22m[1m  Expected linebreaks to be 'LF' but found 'CRLF'  linebreak-style
   49:5    [1m[31merror[39m[22m[1m  Expected linebreaks to be 'LF' but found 'CRLF'  linebreak-style
   50:1    [1m[31merror[39m[22m[1m  Expected linebreaks to be 'LF' but found 'CRLF'  linebreak-style
   51:39   [1m[31merror[39m[22m[1m  Expected linebreaks to be 'LF' but found 'CRLF'  linebreak-style
   52:64   [1m[31merror[39m[22m[1m  Expected linebreaks to be 'LF' but found 'CRLF'  linebreak-style
   53:21   [1m[31merror[39m[22m[1m  Expected linebreaks to be 'LF' but found 'CRLF'  linebreak-style
   54:31   [1m[31merror[39m[22m[1m  Expected linebreaks to be 'LF' but found 'CRLF'  linebreak-style
   55:6    [1m[31merror[39m[22m[1m  Expected linebreaks to be 'LF' but found 'CRLF'  linebreak-style
   56:5    [1m[31merror[39m[22m[1m  Expected linebreaks to be 'LF' but found 'CRLF'  linebreak-style
   57:40   [1m[31merror[39m[22m[1m  Expected linebreaks to be 'LF' but found 'CRLF'  linebreak-style
   58:25   [1m[31merror[39m[22m[1m  Expected linebreaks to be 'LF' but found 'CRLF'  linebreak-style
   59:31   [1m[31merror[39m[22m[1m  Expected linebreaks to be 'LF' but found 'CRLF'  linebreak-style
   60:5    [1m[31merror[39m[22m[1m  Expected linebreaks to be 'LF' but found 'CRLF'  linebreak-style
   61:1    [1m[31merror[39m[22m[1m  Expected linebreaks to be 'LF' but found 'CRLF'  linebreak-style
   62:48   [1m[31merror[39m[22m[1m  Expected linebreaks to be 'LF' but found 'CRLF'  linebreak-style
   63:91   [1m[31merror[39m[22m[1m  Expected linebreaks to be 'LF' but found 'CRLF'  linebreak-style
   64:38   [1m[31merror[39m[22m[1m  Expected linebreaks to be 'LF' but found 'CRLF'  linebreak-style
   65:33   [1m[31merror[39m[22m[1m  Expected linebreaks to be 'LF' but found 'CRLF'  linebreak-style
   66:27   [1m[31merror[39m[22m[1m  Expected linebreaks to be 'LF' but found 'CRLF'  linebreak-style
   67:53   [1m[31merror[39m[22m[1m  Expected linebreaks to be 'LF' but found 'CRLF'  linebreak-style
   68:13   [1m[31merror[39m[22m[1m  Expected linebreaks to be 'LF' but found 'CRLF'  linebreak-style
   69:30   [1m[31merror[39m[22m[1m  Expected linebreaks to be 'LF' but found 'CRLF'  linebreak-style
   70:91   [1m[31merror[39m[22m[1m  Expected linebreaks to be 'LF' but found 'CRLF'  linebreak-style
   71:10   [1m[31merror[39m[22m[1m  Expected linebreaks to be 'LF' but found 'CRLF'  linebreak-style
   72:6    [1m[31merror[39m[22m[1m  Expected linebreaks to be 'LF' but found 'CRLF'  linebreak-style
   73:29   [1m[31merror[39m[22m[1m  Expected linebreaks to be 'LF' but found 'CRLF'  linebreak-style
   74:5    [1m[31merror[39m[22m[1m  Expected linebreaks to be 'LF' but found 'CRLF'  linebreak-style
   75:30   [1m[31merror[39m[22m[1m  Expected linebreaks to be 'LF' but found 'CRLF'  linebreak-style
   76:29   [1m[31merror[39m[22m[1m  Expected linebreaks to be 'LF' but found 'CRLF'  linebreak-style
   77:5    [1m[31merror[39m[22m[1m  Expected linebreaks to be 'LF' but found 'CRLF'  linebreak-style
   78:1    [1m[31merror[39m[22m[1m  Expected linebreaks to be 'LF' but found 'CRLF'  linebreak-style
   79:17   [1m[31merror[39m[22m[1m  Expected linebreaks to be 'LF' but found 'CRLF'  linebreak-style
   80:55   [1m[31merror[39m[22m[1m  Expected linebreaks to be 'LF' but found 'CRLF'  linebreak-style
   81:4    [1m[31merror[39m[22m[1m  Expected linebreaks to be 'LF' but found 'CRLF'  linebreak-style
   82:15   [1m[31merror[39m[22m[1m  Expected linebreaks to be 'LF' but found 'CRLF'  linebreak-style
   83:13   [1m[31merror[39m[22m[1m  Expected linebreaks to be 'LF' but found 'CRLF'  linebreak-style
   84:30   [1m[31merror[39m[22m[1m  Expected linebreaks to be 'LF' but found 'CRLF'  linebreak-style
   85:15   [1m[31merror[39m[22m[1m  Expected linebreaks to be 'LF' but found 'CRLF'  linebreak-style
   86:16   [1m[31merror[39m[22m[1m  Expected linebreaks to be 'LF' but found 'CRLF'  linebreak-style
   87:11   [1m[31merror[39m[22m[1m  Expected linebreaks to be 'LF' but found 'CRLF'  linebreak-style
   88:7    [1m[31merror[39m[22m[1m  Expected linebreaks to be 'LF' but found 'CRLF'  linebreak-style
   89:4    [1m[31merror[39m[22m[1m  Expected linebreaks to be 'LF' but found 'CRLF'  linebreak-style
   90:11   [1m[31merror[39m[22m[1m  Expected linebreaks to be 'LF' but found 'CRLF'  linebreak-style
   91:10   [1m[31merror[39m[22m[1m  Expected linebreaks to be 'LF' but found 'CRLF'  linebreak-style
   92:26   [1m[31merror[39m[22m[1m  Expected linebreaks to be 'LF' but found 'CRLF'  linebreak-style
   93:93   [1m[31merror[39m[22m[1m  Expected linebreaks to be 'LF' but found 'CRLF'  linebreak-style
   94:12   [1m[31merror[39m[22m[1m  Expected linebreaks to be 'LF' but found 'CRLF'  linebreak-style
   95:16   [1m[31merror[39m[22m[1m  Expected linebreaks to be 'LF' but found 'CRLF'  linebreak-style
   96:18   [1m[31merror[39m[22m[1m  Expected linebreaks to be 'LF' but found 'CRLF'  linebreak-style
   97:17   [1m[31merror[39m[22m[1m  Expected linebreaks to be 'LF' but found 'CRLF'  linebreak-style
   98:19   [1m[31merror[39m[22m[1m  Expected linebreaks to be 'LF' but found 'CRLF'  linebreak-style
   99:28   [1m[31merror[39m[22m[1m  Expected linebreaks to be 'LF' but found 'CRLF'  linebreak-style
  100:105  [1m[31merror[39m[22m[1m  Expected linebreaks to be 'LF' but found 'CRLF'  linebreak-style
  101:20   [1m[31merror[39m[22m[1m  Expected linebreaks to be 'LF' but found 'CRLF'  linebreak-style
  102:27   [1m[31merror[39m[22m[1m  Expected linebreaks to be 'LF' but found 'CRLF'  linebreak-style
  103:21   [1m[31merror[39m[22m[1m  Expected linebreaks to be 'LF' but found 'CRLF'  linebreak-style
  104:21   [1m[31merror[39m[22m[1m  Expected linebreaks to be 'LF' but found 'CRLF'  linebreak-style
  105:18   [1m[31merror[39m[22m[1m  Expected linebreaks to be 'LF' but found 'CRLF'  linebreak-style
  106:19   [1m[31merror[39m[22m[1m  Expected linebreaks to be 'LF' but found 'CRLF'  linebreak-style
  107:18   [1m[31merror[39m[22m[1m  Expected linebreaks to be 'LF' but found 'CRLF'  linebreak-style
  108:39   [1m[31merror[39m[22m[1m  Expected linebreaks to be 'LF' but found 'CRLF'  linebreak-style
  109:35   [1m[31merror[39m[22m[1m  Expected linebreaks to be 'LF' but found 'CRLF'  linebreak-style
  110:39   [1m[31merror[39m[22m[1m  Expected linebreaks to be 'LF' but found 'CRLF'  linebreak-style
  111:46   [1m[31merror[39m[22m[1m  Expected linebreaks to be 'LF' but found 'CRLF'  linebreak-style
  112:104  [1m[31merror[39m[22m[1m  Expected linebreaks to be 'LF' but found 'CRLF'  linebreak-style
  113:122  [1m[31merror[39m[22m[1m  Expected linebreaks to be 'LF' but found 'CRLF'  linebreak-style
  114:20   [1m[31merror[39m[22m[1m  Expected linebreaks to be 'LF' but found 'CRLF'  linebreak-style
  115:16   [1m[31merror[39m[22m[1m  Expected linebreaks to be 'LF' but found 'CRLF'  linebreak-style
  116:19   [1m[31merror[39m[22m[1m  Expected linebreaks to be 'LF' but found 'CRLF'  linebreak-style
  117:17   [1m[31merror[39m[22m[1m  Expected linebreaks to be 'LF' but found 'CRLF'  linebreak-style
  118:9    [1m[31merror[39m[22m[1m  Expected linebreaks to be 'LF' but found 'CRLF'  linebreak-style
  119:11   [1m[31merror[39m[22m[1m  Expected linebreaks to be 'LF' but found 'CRLF'  linebreak-style
  120:5    [1m[31merror[39m[22m[1m  Expected linebreaks to be 'LF' but found 'CRLF'  linebreak-style
  121:3    [1m[31merror[39m[22m[1m  Expected linebreaks to be 'LF' but found 'CRLF'  linebreak-style
  122:1    [1m[31merror[39m[22m[1m  Expected linebreaks to be 'LF' but found 'CRLF'  linebreak-style
  123:27   [1m[31merror[39m[22m[1m  Expected linebreaks to be 'LF' but found 'CRLF'  linebreak-style

C:\Users\blaha5\Downloads\da\reactkys\crmWAcv\src\components\companyChart.jsx
   1:27  [1m[31merror[39m[22m[1m  Expected linebreaks to be 'LF' but found 'CRLF'  linebreak-style
   2:36  [1m[31merror[39m[22m[1m  Expected linebreaks to be 'LF' but found 'CRLF'  linebreak-style
   3:52  [1m[31merror[39m[22m[1m  Expected linebreaks to be 'LF' but found 'CRLF'  linebreak-style
   4:9   [1m[31merror[39m[22m[1m  Expected linebreaks to be 'LF' but found 'CRLF'  linebreak-style
   5:69  [1m[31merror[39m[22m[1m  Expected linebreaks to be 'LF' but found 'CRLF'  linebreak-style
   6:19  [1m[31merror[39m[22m[1m  Expected linebreaks to be 'LF' but found 'CRLF'  linebreak-style
   7:40  [1m[31merror[39m[22m[1m  Expected linebreaks to be 'LF' but found 'CRLF'  linebreak-style
   8:1   [1m[31merror[39m[22m[1m  Expected linebreaks to be 'LF' but found 'CRLF'  linebreak-style
   9:41  [1m[31merror[39m[22m[1m  Expected linebreaks to be 'LF' but found 'CRLF'  linebreak-style
  10:42  [1m[31merror[39m[22m[1m  Expected linebreaks to be 'LF' but found 'CRLF'  linebreak-style
  11:48  [1m[31merror[39m[22m[1m  Expected linebreaks to be 'LF' but found 'CRLF'  linebreak-style
  12:44  [1m[31merror[39m[22m[1m  Expected linebreaks to be 'LF' but found 'CRLF'  linebreak-style
  13:31  [1m[31merror[39m[22m[1m  Expected linebreaks to be 'LF' but found 'CRLF'  linebreak-style
  14:18  [1m[31merror[39m[22m[1m  Expected linebreaks to be 'LF' but found 'CRLF'  linebreak-style
  15:1   [1m[31merror[39m[22m[1m  Expected linebreaks to be 'LF' but found 'CRLF'  linebreak-style
  16:20  [1m[31merror[39m[22m[1m  Expected linebreaks to be 'LF' but found 'CRLF'  linebreak-style
  17:37  [1m[31merror[39m[22m[1m  Expected linebreaks to be 'LF' but found 'CRLF'  linebreak-style
  18:12  [1m[31merror[39m[22m[1m  Expected linebreaks to be 'LF' but found 'CRLF'  linebreak-style
  19:81  [1m[31merror[39m[22m[1m  Expected linebreaks to be 'LF' but found 'CRLF'  linebreak-style
  20:71  [1m[31merror[39m[22m[1m  Expected linebreaks to be 'LF' but found 'CRLF'  linebreak-style
  21:48  [1m[31merror[39m[22m[1m  Expected linebreaks to be 'LF' but found 'CRLF'  linebreak-style
  22:35  [1m[31merror[39m[22m[1m  Expected linebreaks to be 'LF' but found 'CRLF'  linebreak-style
  23:17  [1m[31merror[39m[22m[1m  Expected linebreaks to be 'LF' but found 'CRLF'  linebreak-style
  24:69  [1m[31merror[39m[22m[1m  Expected linebreaks to be 'LF' but found 'CRLF'  linebreak-style
  25:23  [1m[31merror[39m[22m[1m  Expected linebreaks to be 'LF' but found 'CRLF'  linebreak-style
  26:35  [1m[31merror[39m[22m[1m  Expected linebreaks to be 'LF' but found 'CRLF'  linebreak-style
  27:15  [1m[31merror[39m[22m[1m  Expected linebreaks to be 'LF' but found 'CRLF'  linebreak-style
  28:29  [1m[31merror[39m[22m[1m  Expected linebreaks to be 'LF' but found 'CRLF'  linebreak-style
  29:10  [1m[31merror[39m[22m[1m  Expected linebreaks to be 'LF' but found 'CRLF'  linebreak-style
  30:22  [1m[31merror[39m[22m[1m  Expected linebreaks to be 'LF' but found 'CRLF'  linebreak-style
  31:31  [1m[31merror[39m[22m[1m  Expected linebreaks to be 'LF' but found 'CRLF'  linebreak-style
  32:18  [1m[31merror[39m[22m[1m  Expected linebreaks to be 'LF' but found 'CRLF'  linebreak-style
  33:27  [1m[31merror[39m[22m[1m  Expected linebreaks to be 'LF' but found 'CRLF'  linebreak-style
  34:8   [1m[31merror[39m[22m[1m  Expected linebreaks to be 'LF' but found 'CRLF'  linebreak-style
  35:7   [1m[31merror[39m[22m[1m  Expected linebreaks to be 'LF' but found 'CRLF'  linebreak-style
  36:1   [1m[31merror[39m[22m[1m  Expected linebreaks to be 'LF' but found 'CRLF'  linebreak-style
  37:18  [1m[31merror[39m[22m[1m  Expected linebreaks to be 'LF' but found 'CRLF'  linebreak-style
  38:22  [1m[31merror[39m[22m[1m  Expected linebreaks to be 'LF' but found 'CRLF'  linebreak-style
  39:1   [1m[31merror[39m[22m[1m  Expected linebreaks to be 'LF' but found 'CRLF'  linebreak-style
  40:17  [1m[31merror[39m[22m[1m  Expected linebreaks to be 'LF' but found 'CRLF'  linebreak-style
  41:30  [1m[31merror[39m[22m[1m  Expected linebreaks to be 'LF' but found 'CRLF'  linebreak-style
  42:4   [1m[31merror[39m[22m[1m  Expected linebreaks to be 'LF' but found 'CRLF'  linebreak-style
  43:1   [1m[31merror[39m[22m[1m  Expected linebreaks to be 'LF' but found 'CRLF'  linebreak-style
  44:15  [1m[31merror[39m[22m[1m  Expected linebreaks to be 'LF' but found 'CRLF'  linebreak-style
  45:13  [1m[31merror[39m[22m[1m  Expected linebreaks to be 'LF' but found 'CRLF'  linebreak-style
  46:10  [1m[31merror[39m[22m[1m  Expected linebreaks to be 'LF' but found 'CRLF'  linebreak-style
  47:15  [1m[31merror[39m[22m[1m  Expected linebreaks to be 'LF' but found 'CRLF'  linebreak-style
  48:16  [1m[31merror[39m[22m[1m  Expected linebreaks to be 'LF' but found 'CRLF'  linebreak-style
  49:11  [1m[31merror[39m[22m[1m  Expected linebreaks to be 'LF' but found 'CRLF'  linebreak-style
  50:7   [1m[31merror[39m[22m[1m  Expected linebreaks to be 'LF' but found 'CRLF'  linebreak-style
  51:4   [1m[31merror[39m[22m[1m  Expected linebreaks to be 'LF' but found 'CRLF'  linebreak-style
  52:1   [1m[31merror[39m[22m[1m  Expected linebreaks to be 'LF' but found 'CRLF'  linebreak-style
  53:11  [1m[31merror[39m[22m[1m  Expected linebreaks to be 'LF' but found 'CRLF'  linebreak-style
  54:52  [1m[31merror[39m[22m[1m  Expected linebreaks to be 'LF' but found 'CRLF'  linebreak-style
  55:16  [1m[31merror[39m[22m[1m  Expected linebreaks to be 'LF' but found 'CRLF'  linebreak-style
  56:21  [1m[31merror[39m[22m[1m  Expected linebreaks to be 'LF' but found 'CRLF'  linebreak-style
  57:18  [1m[31merror[39m[22m[1m  Expected linebreaks to be 'LF' but found 'CRLF'  linebreak-style
  58:51  [1m[31merror[39m[22m[1m  Expected linebreaks to be 'LF' but found 'CRLF'  linebreak-style
  59:11  [1m[31merror[39m[22m[1m  Expected linebreaks to be 'LF' but found 'CRLF'  linebreak-style
  60:8   [1m[31merror[39m[22m[1m  Expected linebreaks to be 'LF' but found 'CRLF'  linebreak-style
  61:75  [1m[31merror[39m[22m[1m  Expected linebreaks to be 'LF' but found 'CRLF'  linebreak-style
  62:18  [1m[31merror[39m[22m[1m  Expected linebreaks to be 'LF' but found 'CRLF'  linebreak-style
  63:20  [1m[31merror[39m[22m[1m  Expected linebreaks to be 'LF' but found 'CRLF'  linebreak-style
  64:74  [1m[31merror[39m[22m[1m  Expected linebreaks to be 'LF' but found 'CRLF'  linebreak-style
  65:56  [1m[31merror[39m[22m[1m  Expected linebreaks to be 'LF' but found 'CRLF'  linebreak-style
  66:56  [1m[31merror[39m[22m[1m  Expected linebreaks to be 'LF' but found 'CRLF'  linebreak-style
  67:61  [1m[31merror[39m[22m[1m  Expected linebreaks to be 'LF' but found 'CRLF'  linebreak-style
  68:58  [1m[31merror[39m[22m[1m  Expected linebreaks to be 'LF' but found 'CRLF'  linebreak-style
  69:59  [1m[31merror[39m[22m[1m  Expected linebreaks to be 'LF' but found 'CRLF'  linebreak-style
  70:18  [1m[31merror[39m[22m[1m  Expected linebreaks to be 'LF' but found 'CRLF'  linebreak-style
  71:27  [1m[31merror[39m[22m[1m  Expected linebreaks to be 'LF' but found 'CRLF'  linebreak-style
  72:5   [1m[31merror[39m[22m[1m  Expected linebreaks to be 'LF' but found 'CRLF'  linebreak-style
  73:3   [1m[31merror[39m[22m[1m  Expected linebreaks to be 'LF' but found 'CRLF'  linebreak-style
  74:1   [1m[31merror[39m[22m[1m  Expected linebreaks to be 'LF' but found 'CRLF'  linebreak-style
  75:29  [1m[31merror[39m[22m[1m  Expected linebreaks to be 'LF' but found 'CRLF'  linebreak-style
  76:1   [1m[31merror[39m[22m[1m  Expected linebreaks to be 'LF' but found 'CRLF'  linebreak-style
  77:27  [1m[31merror[39m[22m[1m  Expected linebreaks to be 'LF' but found 'CRLF'  linebreak-style
  78:26  [1m[31merror[39m[22m[1m  Expected linebreaks to be 'LF' but found 'CRLF'  linebreak-style
  79:3   [1m[31merror[39m[22m[1m  Expected linebreaks to be 'LF' but found 'CRLF'  linebreak-style

C:\Users\blaha5\Downloads\da\reactkys\crmWAcv\src\components\contactList.jsx
    1:59   [1m[31merror[39m[22m[1m  Expected linebreaks to be 'LF' but found 'CRLF'  linebreak-style
    2:27   [1m[31merror[39m[22m[1m  Expected linebreaks to be 'LF' but found 'CRLF'  linebreak-style
    3:36   [1m[31merror[39m[22m[1m  Expected linebreaks to be 'LF' but found 'CRLF'  linebreak-style
    4:52   [1m[31merror[39m[22m[1m  Expected linebreaks to be 'LF' but found 'CRLF'  linebreak-style
    5:72   [1m[31merror[39m[22m[1m  Expected linebreaks to be 'LF' but found 'CRLF'  linebreak-style
    6:49   [1m[31merror[39m[22m[1m  Expected linebreaks to be 'LF' but found 'CRLF'  linebreak-style
    7:43   [1m[31merror[39m[22m[1m  Expected linebreaks to be 'LF' but found 'CRLF'  linebreak-style
    8:40   [1m[31merror[39m[22m[1m  Expected linebreaks to be 'LF' but found 'CRLF'  linebreak-style
    9:1    [1m[31merror[39m[22m[1m  Expected linebreaks to be 'LF' but found 'CRLF'  linebreak-style
   10:23   [1m[31merror[39m[22m[1m  Expected linebreaks to be 'LF' but found 'CRLF'  linebreak-style
   11:63   [1m[31merror[39m[22m[1m  Expected linebreaks to be 'LF' but found 'CRLF'  linebreak-style
   12:8    [1m[31merror[39m[22m[1m  Expected linebreaks to be 'LF' but found 'CRLF'  linebreak-style
   13:47   [1m[31merror[39m[22m[1m  Expected linebreaks to be 'LF' but found 'CRLF'  linebreak-style
   14:34   [1m[31merror[39m[22m[1m  Expected linebreaks to be 'LF' but found 'CRLF'  linebreak-style
   15:34   [1m[31merror[39m[22m[1m  Expected linebreaks to be 'LF' but found 'CRLF'  linebreak-style
   16:44   [1m[31merror[39m[22m[1m  Expected linebreaks to be 'LF' but found 'CRLF'  linebreak-style
   17:72   [1m[31merror[39m[22m[1m  Expected linebreaks to be 'LF' but found 'CRLF'  linebreak-style
   18:31   [1m[31merror[39m[22m[1m  Expected linebreaks to be 'LF' but found 'CRLF'  linebreak-style
   19:48   [1m[31merror[39m[22m[1m  Expected linebreaks to be 'LF' but found 'CRLF'  linebreak-style
   20:48   [1m[31merror[39m[22m[1m  Expected linebreaks to be 'LF' but found 'CRLF'  linebreak-style
   21:44   [1m[31merror[39m[22m[1m  Expected linebreaks to be 'LF' but found 'CRLF'  linebreak-style
   22:40   [1m[31merror[39m[22m[1m  Expected linebreaks to be 'LF' but found 'CRLF'  linebreak-style
   23:64   [1m[31merror[39m[22m[1m  Expected linebreaks to be 'LF' but found 'CRLF'  linebreak-style
   24:1    [1m[31merror[39m[22m[1m  Expected linebreaks to be 'LF' but found 'CRLF'  linebreak-style
   25:20   [1m[31merror[39m[22m[1m  Expected linebreaks to be 'LF' but found 'CRLF'  linebreak-style
   26:40   [1m[31merror[39m[22m[1m  Expected linebreaks to be 'LF' but found 'CRLF'  linebreak-style
   27:12   [1m[31merror[39m[22m[1m  Expected linebreaks to be 'LF' but found 'CRLF'  linebreak-style
   28:73   [1m[31merror[39m[22m[1m  Expected linebreaks to be 'LF' but found 'CRLF'  linebreak-style
   29:71   [1m[31merror[39m[22m[1m  Expected linebreaks to be 'LF' but found 'CRLF'  linebreak-style
   30:46   [1m[31merror[39m[22m[1m  Expected linebreaks to be 'LF' but found 'CRLF'  linebreak-style
   31:39   [1m[31merror[39m[22m[1m  Expected linebreaks to be 'LF' but found 'CRLF'  linebreak-style
   32:17   [1m[31merror[39m[22m[1m  Expected linebreaks to be 'LF' but found 'CRLF'  linebreak-style
   33:38   [1m[31merror[39m[22m[1m  Expected linebreaks to be 'LF' but found 'CRLF'  linebreak-style
   34:38   [1m[31merror[39m[22m[1m  Expected linebreaks to be 'LF' but found 'CRLF'  linebreak-style
   35:10   [1m[31merror[39m[22m[1m  Expected linebreaks to be 'LF' but found 'CRLF'  linebreak-style
   36:22   [1m[31merror[39m[22m[1m  Expected linebreaks to be 'LF' but found 'CRLF'  linebreak-style
   37:31   [1m[31merror[39m[22m[1m  Expected linebreaks to be 'LF' but found 'CRLF'  linebreak-style
   38:18   [1m[31merror[39m[22m[1m  Expected linebreaks to be 'LF' but found 'CRLF'  linebreak-style
   39:27   [1m[31merror[39m[22m[1m  Expected linebreaks to be 'LF' but found 'CRLF'  linebreak-style
   40:8    [1m[31merror[39m[22m[1m  Expected linebreaks to be 'LF' but found 'CRLF'  linebreak-style
   41:7    [1m[31merror[39m[22m[1m  Expected linebreaks to be 'LF' but found 'CRLF'  linebreak-style
   42:1    [1m[31merror[39m[22m[1m  Expected linebreaks to be 'LF' but found 'CRLF'  linebreak-style
   43:21   [1m[31merror[39m[22m[1m  Expected linebreaks to be 'LF' but found 'CRLF'  linebreak-style
   44:33   [1m[31merror[39m[22m[1m  Expected linebreaks to be 'LF' but found 'CRLF'  linebreak-style
   45:1    [1m[31merror[39m[22m[1m  Expected linebreaks to be 'LF' but found 'CRLF'  linebreak-style
   46:47   [1m[31merror[39m[22m[1m  Expected linebreaks to be 'LF' but found 'CRLF'  linebreak-style
   47:10   [1m[31merror[39m[22m[1m  Expected linebreaks to be 'LF' but found 'CRLF'  linebreak-style
   48:77   [1m[31merror[39m[22m[1m  Expected linebreaks to be 'LF' but found 'CRLF'  linebreak-style
   49:37   [1m[31merror[39m[22m[1m  Expected linebreaks to be 'LF' but found 'CRLF'  linebreak-style
   50:99   [1m[31merror[39m[22m[1m  Expected linebreaks to be 'LF' but found 'CRLF'  linebreak-style
   51:15   [1m[31merror[39m[22m[1m  Expected linebreaks to be 'LF' but found 'CRLF'  linebreak-style
   52:46   [1m[31merror[39m[22m[1m  Expected linebreaks to be 'LF' but found 'CRLF'  linebreak-style
   53:8    [1m[31merror[39m[22m[1m  Expected linebreaks to be 'LF' but found 'CRLF'  linebreak-style
   54:20   [1m[31merror[39m[22m[1m  Expected linebreaks to be 'LF' but found 'CRLF'  linebreak-style
   55:29   [1m[31merror[39m[22m[1m  Expected linebreaks to be 'LF' but found 'CRLF'  linebreak-style
   56:16   [1m[31merror[39m[22m[1m  Expected linebreaks to be 'LF' but found 'CRLF'  linebreak-style
   57:25   [1m[31merror[39m[22m[1m  Expected linebreaks to be 'LF' but found 'CRLF'  linebreak-style
   58:6    [1m[31merror[39m[22m[1m  Expected linebreaks to be 'LF' but found 'CRLF'  linebreak-style
   59:5    [1m[31merror[39m[22m[1m  Expected linebreaks to be 'LF' but found 'CRLF'  linebreak-style
   60:30   [1m[31merror[39m[22m[1m  Expected linebreaks to be 'LF' but found 'CRLF'  linebreak-style
   61:30   [1m[31merror[39m[22m[1m  Expected linebreaks to be 'LF' but found 'CRLF'  linebreak-style
   62:19   [1m[31merror[39m[22m[1m  Expected linebreaks to be 'LF' but found 'CRLF'  linebreak-style
   63:17   [1m[31merror[39m[22m[1m  Expected linebreaks to be 'LF' but found 'CRLF'  linebreak-style
   64:14   [1m[31merror[39m[22m[1m  Expected linebreaks to be 'LF' but found 'CRLF'  linebreak-style
   65:6    [1m[31merror[39m[22m[1m  Expected linebreaks to be 'LF' but found 'CRLF'  linebreak-style
   66:18   [1m[31merror[39m[22m[1m  Expected linebreaks to be 'LF' but found 'CRLF'  linebreak-style
   67:5    [1m[31merror[39m[22m[1m  Expected linebreaks to be 'LF' but found 'CRLF'  linebreak-style
   68:1    [1m[31merror[39m[22m[1m  Expected linebreaks to be 'LF' but found 'CRLF'  linebreak-style
   69:40   [1m[31merror[39m[22m[1m  Expected linebreaks to be 'LF' but found 'CRLF'  linebreak-style
   70:64   [1m[31merror[39m[22m[1m  Expected linebreaks to be 'LF' but found 'CRLF'  linebreak-style
   71:21   [1m[31merror[39m[22m[1m  Expected linebreaks to be 'LF' but found 'CRLF'  linebreak-style
   72:33   [1m[31merror[39m[22m[1m  Expected linebreaks to be 'LF' but found 'CRLF'  linebreak-style
   73:6    [1m[31merror[39m[22m[1m  Expected linebreaks to be 'LF' but found 'CRLF'  linebreak-style
   74:5    [1m[31merror[39m[22m[1m  Expected linebreaks to be 'LF' but found 'CRLF'  linebreak-style
   75:41   [1m[31merror[39m[22m[1m  Expected linebreaks to be 'LF' but found 'CRLF'  linebreak-style
   76:26   [1m[31merror[39m[22m[1m  Expected linebreaks to be 'LF' but found 'CRLF'  linebreak-style
   77:33   [1m[31merror[39m[22m[1m  Expected linebreaks to be 'LF' but found 'CRLF'  linebreak-style
   78:5    [1m[31merror[39m[22m[1m  Expected linebreaks to be 'LF' but found 'CRLF'  linebreak-style
   79:37   [1m[31merror[39m[22m[1m  Expected linebreaks to be 'LF' but found 'CRLF'  linebreak-style
   80:34   [1m[31merror[39m[22m[1m  Expected linebreaks to be 'LF' but found 'CRLF'  linebreak-style
   81:30   [1m[31merror[39m[22m[1m  Expected linebreaks to be 'LF' but found 'CRLF'  linebreak-style
   82:23   [1m[31merror[39m[22m[1m  Expected linebreaks to be 'LF' but found 'CRLF'  linebreak-style
   83:25   [1m[31merror[39m[22m[1m  Expected linebreaks to be 'LF' but found 'CRLF'  linebreak-style
   84:17   [1m[31merror[39m[22m[1m  Expected linebreaks to be 'LF' but found 'CRLF'  linebreak-style
   85:24   [1m[31merror[39m[22m[1m  Expected linebreaks to be 'LF' but found 'CRLF'  linebreak-style
   86:10   [1m[31merror[39m[22m[1m  Expected linebreaks to be 'LF' but found 'CRLF'  linebreak-style
   87:8    [1m[31merror[39m[22m[1m  Expected linebreaks to be 'LF' but found 'CRLF'  linebreak-style
   88:6    [1m[31merror[39m[22m[1m  Expected linebreaks to be 'LF' but found 'CRLF'  linebreak-style
   89:5    [1m[31merror[39m[22m[1m  Expected linebreaks to be 'LF' but found 'CRLF'  linebreak-style
   90:20   [1m[31merror[39m[22m[1m  Expected linebreaks to be 'LF' but found 'CRLF'  linebreak-style
   91:55   [1m[31merror[39m[22m[1m  Expected linebreaks to be 'LF' but found 'CRLF'  linebreak-style
   92:19   [1m[31merror[39m[22m[1m  Expected linebreaks to be 'LF' but found 'CRLF'  linebreak-style
   93:60   [1m[31merror[39m[22m[1m  Expected linebreaks to be 'LF' but found 'CRLF'  linebreak-style
   94:7    [1m[31merror[39m[22m[1m  Expected linebreaks to be 'LF' but found 'CRLF'  linebreak-style
   95:25   [1m[31merror[39m[22m[1m  Expected linebreaks to be 'LF' but found 'CRLF'  linebreak-style
   96:1    [1m[31merror[39m[22m[1m  Expected linebreaks to be 'LF' but found 'CRLF'  linebreak-style
   97:43   [1m[31merror[39m[22m[1m  Expected linebreaks to be 'LF' but found 'CRLF'  linebreak-style
   98:30   [1m[31merror[39m[22m[1m  Expected linebreaks to be 'LF' but found 'CRLF'  linebreak-style
   99:82   [1m[31merror[39m[22m[1m  Expected linebreaks to be 'LF' but found 'CRLF'  linebreak-style
  100:8    [1m[31merror[39m[22m[1m  Expected linebreaks to be 'LF' but found 'CRLF'  linebreak-style
  101:61   [1m[31merror[39m[22m[1m  Expected linebreaks to be 'LF' but found 'CRLF'  linebreak-style
  102:18   [1m[31merror[39m[22m[1m  Expected linebreaks to be 'LF' but found 'CRLF'  linebreak-style
  103:16   [1m[31merror[39m[22m[1m  Expected linebreaks to be 'LF' but found 'CRLF'  linebreak-style
  104:6    [1m[31merror[39m[22m[1m  Expected linebreaks to be 'LF' but found 'CRLF'  linebreak-style
  105:5    [1m[31merror[39m[22m[1m  Expected linebreaks to be 'LF' but found 'CRLF'  linebreak-style
  106:1    [1m[31merror[39m[22m[1m  Expected linebreaks to be 'LF' but found 'CRLF'  linebreak-style
  107:39   [1m[31merror[39m[22m[1m  Expected linebreaks to be 'LF' but found 'CRLF'  linebreak-style
  108:59   [1m[31merror[39m[22m[1m  Expected linebreaks to be 'LF' but found 'CRLF'  linebreak-style
  109:30   [1m[31merror[39m[22m[1m  Expected linebreaks to be 'LF' but found 'CRLF'  linebreak-style
  110:24   [1m[31merror[39m[22m[1m  Expected linebreaks to be 'LF' but found 'CRLF'  linebreak-style
  111:47   [1m[31merror[39m[22m[1m  Expected linebreaks to be 'LF' but found 'CRLF'  linebreak-style
  112:8    [1m[31merror[39m[22m[1m  Expected linebreaks to be 'LF' but found 'CRLF'  linebreak-style
  113:5    [1m[31merror[39m[22m[1m  Expected linebreaks to be 'LF' but found 'CRLF'  linebreak-style
  114:1    [1m[31merror[39m[22m[1m  Expected linebreaks to be 'LF' but found 'CRLF'  linebreak-style
  115:36   [1m[31merror[39m[22m[1m  Expected linebreaks to be 'LF' but found 'CRLF'  linebreak-style
  116:27   [1m[31merror[39m[22m[1m  Expected linebreaks to be 'LF' but found 'CRLF'  linebreak-style
  117:72   [1m[31merror[39m[22m[1m  Expected linebreaks to be 'LF' but found 'CRLF'  linebreak-style
  118:33   [1m[31merror[39m[22m[1m  Expected linebreaks to be 'LF' but found 'CRLF'  linebreak-style
  119:5    [1m[31merror[39m[22m[1m  Expected linebreaks to be 'LF' but found 'CRLF'  linebreak-style
  120:1    [1m[31merror[39m[22m[1m  Expected linebreaks to be 'LF' but found 'CRLF'  linebreak-style
  121:17   [1m[31merror[39m[22m[1m  Expected linebreaks to be 'LF' but found 'CRLF'  linebreak-style
  122:55   [1m[31merror[39m[22m[1m  Expected linebreaks to be 'LF' but found 'CRLF'  linebreak-style
  123:4    [1m[31merror[39m[22m[1m  Expected linebreaks to be 'LF' but found 'CRLF'  linebreak-style
  124:1    [1m[31merror[39m[22m[1m  Expected linebreaks to be 'LF' but found 'CRLF'  linebreak-style
  125:17   [1m[31merror[39m[22m[1m  Expected linebreaks to be 'LF' but found 'CRLF'  linebreak-style
  126:50   [1m[31merror[39m[22m[1m  Expected linebreaks to be 'LF' but found 'CRLF'  linebreak-style
  127:4    [1m[31merror[39m[22m[1m  Expected linebreaks to be 'LF' but found 'CRLF'  linebreak-style
  128:15   [1m[31merror[39m[22m[1m  Expected linebreaks to be 'LF' but found 'CRLF'  linebreak-style
  129:13   [1m[31merror[39m[22m[1m  Expected linebreaks to be 'LF' but found 'CRLF'  linebreak-style
  130:30   [1m[31merror[39m[22m[1m  Expected linebreaks to be 'LF' but found 'CRLF'  linebreak-style
  131:15   [1m[31merror[39m[22m[1m  Expected linebreaks to be 'LF' but found 'CRLF'  linebreak-style
  132:16   [1m[31merror[39m[22m[1m  Expected linebreaks to be 'LF' but found 'CRLF'  linebreak-style
  133:11   [1m[31merror[39m[22m[1m  Expected linebreaks to be 'LF' but found 'CRLF'  linebreak-style
  134:7    [1m[31merror[39m[22m[1m  Expected linebreaks to be 'LF' but found 'CRLF'  linebreak-style
  135:4    [1m[31merror[39m[22m[1m  Expected linebreaks to be 'LF' but found 'CRLF'  linebreak-style
  136:11   [1m[31merror[39m[22m[1m  Expected linebreaks to be 'LF' but found 'CRLF'  linebreak-style
  137:66   [1m[31merror[39m[22m[1m  Expected linebreaks to be 'LF' but found 'CRLF'  linebreak-style
  138:73   [1m[31merror[39m[22m[1m  Expected linebreaks to be 'LF' but found 'CRLF'  linebreak-style
  139:75   [1m[31merror[39m[22m[1m  Expected linebreaks to be 'LF' but found 'CRLF'  linebreak-style
  140:27   [1m[31merror[39m[22m[1m  Expected linebreaks to be 'LF' but found 'CRLF'  linebreak-style
  141:25   [1m[31merror[39m[22m[1m  Expected linebreaks to be 'LF' but found 'CRLF'  linebreak-style
  142:36   [1m[31merror[39m[22m[1m  Expected linebreaks to be 'LF' but found 'CRLF'  linebreak-style
  143:30   [1m[31merror[39m[22m[1m  Expected linebreaks to be 'LF' but found 'CRLF'  linebreak-style
  144:32   [1m[31merror[39m[22m[1m  Expected linebreaks to be 'LF' but found 'CRLF'  linebreak-style
  145:30   [1m[31merror[39m[22m[1m  Expected linebreaks to be 'LF' but found 'CRLF'  linebreak-style
  146:11   [1m[31merror[39m[22m[1m  Expected linebreaks to be 'LF' but found 'CRLF'  linebreak-style
  147:12   [1m[31merror[39m[22m[1m  Expected linebreaks to be 'LF' but found 'CRLF'  linebreak-style
  148:11   [1m[31merror[39m[22m[1m  Expected linebreaks to be 'LF' but found 'CRLF'  linebreak-style
  149:90   [1m[31merror[39m[22m[1m  Expected linebreaks to be 'LF' but found 'CRLF'  linebreak-style
  150:47   [1m[31merror[39m[22m[1m  Expected linebreaks to be 'LF' but found 'CRLF'  linebreak-style
  151:87   [1m[31merror[39m[22m[1m  Expected linebreaks to be 'LF' but found 'CRLF'  linebreak-style
  152:20   [1m[31merror[39m[22m[1m  Expected linebreaks to be 'LF' but found 'CRLF'  linebreak-style
  153:19   [1m[31merror[39m[22m[1m  Expected linebreaks to be 'LF' but found 'CRLF'  linebreak-style
  154:32   [1m[31merror[39m[22m[1m  Expected linebreaks to be 'LF' but found 'CRLF'  linebreak-style
  155:33   [1m[31merror[39m[22m[1m  Expected linebreaks to be 'LF' but found 'CRLF'  linebreak-style
  156:30   [1m[31merror[39m[22m[1m  Expected linebreaks to be 'LF' but found 'CRLF'  linebreak-style
  157:31   [1m[31merror[39m[22m[1m  Expected linebreaks to be 'LF' but found 'CRLF'  linebreak-style
  158:32   [1m[31merror[39m[22m[1m  Expected linebreaks to be 'LF' but found 'CRLF'  linebreak-style
  159:33   [1m[31merror[39m[22m[1m  Expected linebreaks to be 'LF' but found 'CRLF'  linebreak-style
  160:34   [1m[31merror[39m[22m[1m  Expected linebreaks to be 'LF' but found 'CRLF'  linebreak-style
  161:23   [1m[31merror[39m[22m[1m  Expected linebreaks to be 'LF' but found 'CRLF'  linebreak-style
  162:1    [1m[31merror[39m[22m[1m  Expected linebreaks to be 'LF' but found 'CRLF'  linebreak-style
  163:20   [1m[31merror[39m[22m[1m  Expected linebreaks to be 'LF' but found 'CRLF'  linebreak-style
  164:21   [1m[31merror[39m[22m[1m  Expected linebreaks to be 'LF' but found 'CRLF'  linebreak-style
  165:20   [1m[31merror[39m[22m[1m  Expected linebreaks to be 'LF' but found 'CRLF'  linebreak-style
  166:43   [1m[31merror[39m[22m[1m  Expected linebreaks to be 'LF' but found 'CRLF'  linebreak-style
  167:38   [1m[31merror[39m[22m[1m  Expected linebreaks to be 'LF' but found 'CRLF'  linebreak-style
  168:92   [1m[31merror[39m[22m[1m  Expected linebreaks to be 'LF' but found 'CRLF'  linebreak-style
  169:97   [1m[31merror[39m[22m[1m  Expected linebreaks to be 'LF' but found 'CRLF'  linebreak-style
  170:102  [1m[31merror[39m[22m[1m  Expected linebreaks to be 'LF' but found 'CRLF'  linebreak-style
  171:64   [1m[31merror[39m[22m[1m  Expected linebreaks to be 'LF' but found 'CRLF'  linebreak-style
  172:117  [1m[31merror[39m[22m[1m  Expected linebreaks to be 'LF' but found 'CRLF'  linebreak-style
  173:101  [1m[31merror[39m[22m[1m  Expected linebreaks to be 'LF' but found 'CRLF'  linebreak-style
  174:129  [1m[31merror[39m[22m[1m  Expected linebreaks to be 'LF' but found 'CRLF'  linebreak-style
  175:23   [1m[31merror[39m[22m[1m  Expected linebreaks to be 'LF' but found 'CRLF'  linebreak-style
  176:100  [1m[31merror[39m[22m[1m  Expected linebreaks to be 'LF' but found 'CRLF'  linebreak-style
  177:118  [1m[31merror[39m[22m[1m  Expected linebreaks to be 'LF' but found 'CRLF'  linebreak-style
  178:183  [1m[31merror[39m[22m[1m  Expected linebreaks to be 'LF' but found 'CRLF'  linebreak-style
  179:24   [1m[31merror[39m[22m[1m  Expected linebreaks to be 'LF' but found 'CRLF'  linebreak-style
  180:22   [1m[31merror[39m[22m[1m  Expected linebreaks to be 'LF' but found 'CRLF'  linebreak-style
  181:18   [1m[31merror[39m[22m[1m  Expected linebreaks to be 'LF' but found 'CRLF'  linebreak-style
  182:19   [1m[31merror[39m[22m[1m  Expected linebreaks to be 'LF' but found 'CRLF'  linebreak-style
  183:23   [1m[31merror[39m[22m[1m  Expected linebreaks to be 'LF' but found 'CRLF'  linebreak-style
  184:23   [1m[31merror[39m[22m[1m  Expected linebreaks to be 'LF' but found 'CRLF'  linebreak-style
  185:23   [1m[31merror[39m[22m[1m  Expected linebreaks to be 'LF' but found 'CRLF'  linebreak-style
  186:23   [1m[31merror[39m[22m[1m  Expected linebreaks to be 'LF' but found 'CRLF'  linebreak-style
  187:23   [1m[31merror[39m[22m[1m  Expected linebreaks to be 'LF' but found 'CRLF'  linebreak-style
  188:23   [1m[31merror[39m[22m[1m  Expected linebreaks to be 'LF' but found 'CRLF'  linebreak-style
  189:200  [1m[31merror[39m[22m[1m  Expected linebreaks to be 'LF' but found 'CRLF'  linebreak-style
  190:20   [1m[31merror[39m[22m[1m  Expected linebreaks to be 'LF' but found 'CRLF'  linebreak-style
  191:21   [1m[31merror[39m[22m[1m  Expected linebreaks to be 'LF' but found 'CRLF'  linebreak-style
  192:19   [1m[31merror[39m[22m[1m  Expected linebreaks to be 'LF' but found 'CRLF'  linebreak-style
  193:12   [1m[31merror[39m[22m[1m  Expected linebreaks to be 'LF' but found 'CRLF'  linebreak-style
  194:9    [1m[31merror[39m[22m[1m  Expected linebreaks to be 'LF' but found 'CRLF'  linebreak-style
  195:11   [1m[31merror[39m[22m[1m  Expected linebreaks to be 'LF' but found 'CRLF'  linebreak-style
  196:5    [1m[31merror[39m[22m[1m  Expected linebreaks to be 'LF' but found 'CRLF'  linebreak-style
  197:3    [1m[31merror[39m[22m[1m  Expected linebreaks to be 'LF' but found 'CRLF'  linebreak-style
  198:1    [1m[31merror[39m[22m[1m  Expected linebreaks to be 'LF' but found 'CRLF'  linebreak-style
  199:28   [1m[31merror[39m[22m[1m  Expected linebreaks to be 'LF' but found 'CRLF'  linebreak-style
  200:1    [1m[31merror[39m[22m[1m  Expected linebreaks to be 'LF' but found 'CRLF'  linebreak-style
  201:26   [1m[31merror[39m[22m[1m  Expected linebreaks to be 'LF' but found 'CRLF'  linebreak-style
  202:69   [1m[31merror[39m[22m[1m  Expected linebreaks to be 'LF' but found 'CRLF'  linebreak-style
  203:27   [1m[31merror[39m[22m[1m  Expected linebreaks to be 'LF' but found 'CRLF'  linebreak-style
  204:30   [1m[31merror[39m[22m[1m  Expected linebreaks to be 'LF' but found 'CRLF'  linebreak-style
  205:26   [1m[31merror[39m[22m[1m  Expected linebreaks to be 'LF' but found 'CRLF'  linebreak-style
  206:3    [1m[31merror[39m[22m[1m  Expected linebreaks to be 'LF' but found 'CRLF'  linebreak-style

C:\Users\blaha5\Downloads\da\reactkys\crmWAcv\src\components\editCampaignForm.jsx
    1:59   [1m[31merror[39m[22m[1m  Expected linebreaks to be 'LF' but found 'CRLF'  linebreak-style
    2:27   [1m[31merror[39m[22m[1m  Expected linebreaks to be 'LF' but found 'CRLF'  linebreak-style
    3:52   [1m[31merror[39m[22m[1m  Expected linebreaks to be 'LF' but found 'CRLF'  linebreak-style
    4:59   [1m[31merror[39m[22m[1m  Expected linebreaks to be 'LF' but found 'CRLF'  linebreak-style
    5:41   [1m[31merror[39m[22m[1m  Expected linebreaks to be 'LF' but found 'CRLF'  linebreak-style
    6:40   [1m[31merror[39m[22m[1m  Expected linebreaks to be 'LF' but found 'CRLF'  linebreak-style
    7:1    [1m[31merror[39m[22m[1m  Expected linebreaks to be 'LF' but found 'CRLF'  linebreak-style
    8:29   [1m[31merror[39m[22m[1m  Expected linebreaks to be 'LF' but found 'CRLF'  linebreak-style
    9:31   [1m[31merror[39m[22m[1m  Expected linebreaks to be 'LF' but found 'CRLF'  linebreak-style
   10:30   [1m[31merror[39m[22m[1m  Expected linebreaks to be 'LF' but found 'CRLF'  linebreak-style
   11:34   [1m[31merror[39m[22m[1m  Expected linebreaks to be 'LF' but found 'CRLF'  linebreak-style
   12:45   [1m[31merror[39m[22m[1m  Expected linebreaks to be 'LF' but found 'CRLF'  linebreak-style
   13:14   [1m[31merror[39m[22m[1m  Expected linebreaks to be 'LF' but found 'CRLF'  linebreak-style
   14:22   [1m[31merror[39m[22m[1m  Expected linebreaks to be 'LF' but found 'CRLF'  linebreak-style
   15:24   [1m[31merror[39m[22m[1m  Expected linebreaks to be 'LF' but found 'CRLF'  linebreak-style
   16:18   [1m[31merror[39m[22m[1m  Expected linebreaks to be 'LF' but found 'CRLF'  linebreak-style
   17:26   [1m[31merror[39m[22m[1m  Expected linebreaks to be 'LF' but found 'CRLF'  linebreak-style
   18:27   [1m[31merror[39m[22m[1m  Expected linebreaks to be 'LF' but found 'CRLF'  linebreak-style
   19:27   [1m[31merror[39m[22m[1m  Expected linebreaks to be 'LF' but found 'CRLF'  linebreak-style
   20:33   [1m[31merror[39m[22m[1m  Expected linebreaks to be 'LF' but found 'CRLF'  linebreak-style
   21:24   [1m[31merror[39m[22m[1m  Expected linebreaks to be 'LF' but found 'CRLF'  linebreak-style
   22:26   [1m[31merror[39m[22m[1m  Expected linebreaks to be 'LF' but found 'CRLF'  linebreak-style
   23:33   [1m[31merror[39m[22m[1m  Expected linebreaks to be 'LF' but found 'CRLF'  linebreak-style
   24:22   [1m[31merror[39m[22m[1m  Expected linebreaks to be 'LF' but found 'CRLF'  linebreak-style
   25:14   [1m[31merror[39m[22m[1m  Expected linebreaks to be 'LF' but found 'CRLF'  linebreak-style
   26:20   [1m[31merror[39m[22m[1m  Expected linebreaks to be 'LF' but found 'CRLF'  linebreak-style
   27:25   [1m[31merror[39m[22m[1m  Expected linebreaks to be 'LF' but found 'CRLF'  linebreak-style
   28:6    [1m[31merror[39m[22m[1m  Expected linebreaks to be 'LF' but found 'CRLF'  linebreak-style
   29:42   [1m[31merror[39m[22m[1m  Expected linebreaks to be 'LF' but found 'CRLF'  linebreak-style
   30:1    [1m[31merror[39m[22m[1m  Expected linebreaks to be 'LF' but found 'CRLF'  linebreak-style
   31:20   [1m[31merror[39m[22m[1m  Expected linebreaks to be 'LF' but found 'CRLF'  linebreak-style
   32:37   [1m[31merror[39m[22m[1m  Expected linebreaks to be 'LF' but found 'CRLF'  linebreak-style
   33:28   [1m[31merror[39m[22m[1m  Expected linebreaks to be 'LF' but found 'CRLF'  linebreak-style
   34:59   [1m[31merror[39m[22m[1m  Expected linebreaks to be 'LF' but found 'CRLF'  linebreak-style
   35:19   [1m[31merror[39m[22m[1m  Expected linebreaks to be 'LF' but found 'CRLF'  linebreak-style
   36:47   [1m[31merror[39m[22m[1m  Expected linebreaks to be 'LF' but found 'CRLF'  linebreak-style
   37:13   [1m[31merror[39m[22m[1m  Expected linebreaks to be 'LF' but found 'CRLF'  linebreak-style
   38:31   [1m[31merror[39m[22m[1m  Expected linebreaks to be 'LF' but found 'CRLF'  linebreak-style
   39:9    [1m[31merror[39m[22m[1m  Expected linebreaks to be 'LF' but found 'CRLF'  linebreak-style
   40:72   [1m[31merror[39m[22m[1m  Expected linebreaks to be 'LF' but found 'CRLF'  linebreak-style
   41:1    [1m[31merror[39m[22m[1m  Expected linebreaks to be 'LF' but found 'CRLF'  linebreak-style
   42:14   [1m[31merror[39m[22m[1m  Expected linebreaks to be 'LF' but found 'CRLF'  linebreak-style
   43:43   [1m[31merror[39m[22m[1m  Expected linebreaks to be 'LF' but found 'CRLF'  linebreak-style
   44:30   [1m[31merror[39m[22m[1m  Expected linebreaks to be 'LF' but found 'CRLF'  linebreak-style
   45:38   [1m[31merror[39m[22m[1m  Expected linebreaks to be 'LF' but found 'CRLF'  linebreak-style
   46:11   [1m[31merror[39m[22m[1m  Expected linebreaks to be 'LF' but found 'CRLF'  linebreak-style
   47:77   [1m[31merror[39m[22m[1m  Expected linebreaks to be 'LF' but found 'CRLF'  linebreak-style
   48:6    [1m[31merror[39m[22m[1m  Expected linebreaks to be 'LF' but found 'CRLF'  linebreak-style
   49:12   [1m[31merror[39m[22m[1m  Expected linebreaks to be 'LF' but found 'CRLF'  linebreak-style
   50:1    [1m[31merror[39m[22m[1m  Expected linebreaks to be 'LF' but found 'CRLF'  linebreak-style
   51:32   [1m[31merror[39m[22m[1m  Expected linebreaks to be 'LF' but found 'CRLF'  linebreak-style
   52:20   [1m[31merror[39m[22m[1m  Expected linebreaks to be 'LF' but found 'CRLF'  linebreak-style
   53:1    [1m[31merror[39m[22m[1m  Expected linebreaks to be 'LF' but found 'CRLF'  linebreak-style
   54:12   [1m[31merror[39m[22m[1m  Expected linebreaks to be 'LF' but found 'CRLF'  linebreak-style
   55:34   [1m[31merror[39m[22m[1m  Expected linebreaks to be 'LF' but found 'CRLF'  linebreak-style
   56:18   [1m[31merror[39m[22m[1m  Expected linebreaks to be 'LF' but found 'CRLF'  linebreak-style
   57:26   [1m[31merror[39m[22m[1m  Expected linebreaks to be 'LF' but found 'CRLF'  linebreak-style
   58:38   [1m[31merror[39m[22m[1m  Expected linebreaks to be 'LF' but found 'CRLF'  linebreak-style
   59:49   [1m[31merror[39m[22m[1m  Expected linebreaks to be 'LF' but found 'CRLF'  linebreak-style
   60:94   [1m[31merror[39m[22m[1m  Expected linebreaks to be 'LF' but found 'CRLF'  linebreak-style
   61:34   [1m[31merror[39m[22m[1m  Expected linebreaks to be 'LF' but found 'CRLF'  linebreak-style
   62:35   [1m[31merror[39m[22m[1m  Expected linebreaks to be 'LF' but found 'CRLF'  linebreak-style
   63:36   [1m[31merror[39m[22m[1m  Expected linebreaks to be 'LF' but found 'CRLF'  linebreak-style
   64:22   [1m[31merror[39m[22m[1m  Expected linebreaks to be 'LF' but found 'CRLF'  linebreak-style
   65:32   [1m[31merror[39m[22m[1m  Expected linebreaks to be 'LF' but found 'CRLF'  linebreak-style
   66:41   [1m[31merror[39m[22m[1m  Expected linebreaks to be 'LF' but found 'CRLF'  linebreak-style
   67:11   [1m[31merror[39m[22m[1m  Expected linebreaks to be 'LF' but found 'CRLF'  linebreak-style
   68:13   [1m[31merror[39m[22m[1m  Expected linebreaks to be 'LF' but found 'CRLF'  linebreak-style
   69:69   [1m[31merror[39m[22m[1m  Expected linebreaks to be 'LF' but found 'CRLF'  linebreak-style
   70:6    [1m[31merror[39m[22m[1m  Expected linebreaks to be 'LF' but found 'CRLF'  linebreak-style
   71:5    [1m[31merror[39m[22m[1m  Expected linebreaks to be 'LF' but found 'CRLF'  linebreak-style
   72:1    [1m[31merror[39m[22m[1m  Expected linebreaks to be 'LF' but found 'CRLF'  linebreak-style
   73:32   [1m[31merror[39m[22m[1m  Expected linebreaks to be 'LF' but found 'CRLF'  linebreak-style
   74:27   [1m[31merror[39m[22m[1m  Expected linebreaks to be 'LF' but found 'CRLF'  linebreak-style
   75:24   [1m[31merror[39m[22m[1m  Expected linebreaks to be 'LF' but found 'CRLF'  linebreak-style
   76:40   [1m[31merror[39m[22m[1m  Expected linebreaks to be 'LF' but found 'CRLF'  linebreak-style
   77:75   [1m[31merror[39m[22m[1m  Expected linebreaks to be 'LF' but found 'CRLF'  linebreak-style
   78:12   [1m[31merror[39m[22m[1m  Expected linebreaks to be 'LF' but found 'CRLF'  linebreak-style
   79:14   [1m[31merror[39m[22m[1m  Expected linebreaks to be 'LF' but found 'CRLF'  linebreak-style
   80:11   [1m[31merror[39m[22m[1m  Expected linebreaks to be 'LF' but found 'CRLF'  linebreak-style
   81:22   [1m[31merror[39m[22m[1m  Expected linebreaks to be 'LF' but found 'CRLF'  linebreak-style
   82:7    [1m[31merror[39m[22m[1m  Expected linebreaks to be 'LF' but found 'CRLF'  linebreak-style
   83:41   [1m[31merror[39m[22m[1m  Expected linebreaks to be 'LF' but found 'CRLF'  linebreak-style
   84:73   [1m[31merror[39m[22m[1m  Expected linebreaks to be 'LF' but found 'CRLF'  linebreak-style
   85:5    [1m[31merror[39m[22m[1m  Expected linebreaks to be 'LF' but found 'CRLF'  linebreak-style
   86:25   [1m[31merror[39m[22m[1m  Expected linebreaks to be 'LF' but found 'CRLF'  linebreak-style
   87:1    [1m[31merror[39m[22m[1m  Expected linebreaks to be 'LF' but found 'CRLF'  linebreak-style
   88:11   [1m[31merror[39m[22m[1m  Expected linebreaks to be 'LF' but found 'CRLF'  linebreak-style
   89:10   [1m[31merror[39m[22m[1m  Expected linebreaks to be 'LF' but found 'CRLF'  linebreak-style
   90:63   [1m[31merror[39m[22m[1m  Expected linebreaks to be 'LF' but found 'CRLF'  linebreak-style
   91:67   [1m[31merror[39m[22m[1m  Expected linebreaks to be 'LF' but found 'CRLF'  linebreak-style
   92:14   [1m[31merror[39m[22m[1m  Expected linebreaks to be 'LF' but found 'CRLF'  linebreak-style
   93:32   [1m[31merror[39m[22m[1m  Expected linebreaks to be 'LF' but found 'CRLF'  linebreak-style
   94:99   [1m[31merror[39m[22m[1m  Expected linebreaks to be 'LF' but found 'CRLF'  linebreak-style
   95:15   [1m[31merror[39m[22m[1m  Expected linebreaks to be 'LF' but found 'CRLF'  linebreak-style
   96:33   [1m[31merror[39m[22m[1m  Expected linebreaks to be 'LF' but found 'CRLF'  linebreak-style
   97:42   [1m[31merror[39m[22m[1m  Expected linebreaks to be 'LF' but found 'CRLF'  linebreak-style
   98:116  [1m[31merror[39m[22m[1m  Expected linebreaks to be 'LF' but found 'CRLF'  linebreak-style
   99:15   [1m[31merror[39m[22m[1m  Expected linebreaks to be 'LF' but found 'CRLF'  linebreak-style
  100:14   [1m[31merror[39m[22m[1m  Expected linebreaks to be 'LF' but found 'CRLF'  linebreak-style
  101:41   [1m[31merror[39m[22m[1m  Expected linebreaks to be 'LF' but found 'CRLF'  linebreak-style
  102:120  [1m[31merror[39m[22m[1m  Expected linebreaks to be 'LF' but found 'CRLF'  linebreak-style
  103:15   [1m[31merror[39m[22m[1m  Expected linebreaks to be 'LF' but found 'CRLF'  linebreak-style
  104:14   [1m[31merror[39m[22m[1m  Expected linebreaks to be 'LF' but found 'CRLF'  linebreak-style
  105:41   [1m[31merror[39m[22m[1m  Expected linebreaks to be 'LF' but found 'CRLF'  linebreak-style
  106:98   [1m[31merror[39m[22m[1m  Expected linebreaks to be 'LF' but found 'CRLF'  linebreak-style
  107:15   [1m[31merror[39m[22m[1m  Expected linebreaks to be 'LF' but found 'CRLF'  linebreak-style
  108:14   [1m[31merror[39m[22m[1m  Expected linebreaks to be 'LF' but found 'CRLF'  linebreak-style
  109:51   [1m[31merror[39m[22m[1m  Expected linebreaks to be 'LF' but found 'CRLF'  linebreak-style
  110:134  [1m[31merror[39m[22m[1m  Expected linebreaks to be 'LF' but found 'CRLF'  linebreak-style
  111:15   [1m[31merror[39m[22m[1m  Expected linebreaks to be 'LF' but found 'CRLF'  linebreak-style
  112:14   [1m[31merror[39m[22m[1m  Expected linebreaks to be 'LF' but found 'CRLF'  linebreak-style
  113:62   [1m[31merror[39m[22m[1m  Expected linebreaks to be 'LF' but found 'CRLF'  linebreak-style
  114:136  [1m[31merror[39m[22m[1m  Expected linebreaks to be 'LF' but found 'CRLF'  linebreak-style
  115:15   [1m[31merror[39m[22m[1m  Expected linebreaks to be 'LF' but found 'CRLF'  linebreak-style
  116:14   [1m[31merror[39m[22m[1m  Expected linebreaks to be 'LF' but found 'CRLF'  linebreak-style
  117:32   [1m[31merror[39m[22m[1m  Expected linebreaks to be 'LF' but found 'CRLF'  linebreak-style
  118:23   [1m[31merror[39m[22m[1m  Expected linebreaks to be 'LF' but found 'CRLF'  linebreak-style
  119:28   [1m[31merror[39m[22m[1m  Expected linebreaks to be 'LF' but found 'CRLF'  linebreak-style
  120:56   [1m[31merror[39m[22m[1m  Expected linebreaks to be 'LF' but found 'CRLF'  linebreak-style
  121:49   [1m[31merror[39m[22m[1m  Expected linebreaks to be 'LF' but found 'CRLF'  linebreak-style
  122:24   [1m[31merror[39m[22m[1m  Expected linebreaks to be 'LF' but found 'CRLF'  linebreak-style
  123:106  [1m[31merror[39m[22m[1m  Expected linebreaks to be 'LF' but found 'CRLF'  linebreak-style
  124:17   [1m[31merror[39m[22m[1m  Expected linebreaks to be 'LF' but found 'CRLF'  linebreak-style
  125:16   [1m[31merror[39m[22m[1m  Expected linebreaks to be 'LF' but found 'CRLF'  linebreak-style
  126:13   [1m[31merror[39m[22m[1m  Expected linebreaks to be 'LF' but found 'CRLF'  linebreak-style
  127:15   [1m[31merror[39m[22m[1m  Expected linebreaks to be 'LF' but found 'CRLF'  linebreak-style
  128:14   [1m[31merror[39m[22m[1m  Expected linebreaks to be 'LF' but found 'CRLF'  linebreak-style
  129:49   [1m[31merror[39m[22m[1m  Expected linebreaks to be 'LF' but found 'CRLF'  linebreak-style
  130:99   [1m[31merror[39m[22m[1m  Expected linebreaks to be 'LF' but found 'CRLF'  linebreak-style
  131:15   [1m[31merror[39m[22m[1m  Expected linebreaks to be 'LF' but found 'CRLF'  linebreak-style
  132:14   [1m[31merror[39m[22m[1m  Expected linebreaks to be 'LF' but found 'CRLF'  linebreak-style
  133:35   [1m[31merror[39m[22m[1m  Expected linebreaks to be 'LF' but found 'CRLF'  linebreak-style
  134:81   [1m[31merror[39m[22m[1m  Expected linebreaks to be 'LF' but found 'CRLF'  linebreak-style
  135:15   [1m[31merror[39m[22m[1m  Expected linebreaks to be 'LF' but found 'CRLF'  linebreak-style
  136:14   [1m[31merror[39m[22m[1m  Expected linebreaks to be 'LF' but found 'CRLF'  linebreak-style
  137:34   [1m[31merror[39m[22m[1m  Expected linebreaks to be 'LF' but found 'CRLF'  linebreak-style
  138:17   [1m[31merror[39m[22m[1m  Expected linebreaks to be 'LF' but found 'CRLF'  linebreak-style
  139:24   [1m[31merror[39m[22m[1m  Expected linebreaks to be 'LF' but found 'CRLF'  linebreak-style
  140:31   [1m[31merror[39m[22m[1m  Expected linebreaks to be 'LF' but found 'CRLF'  linebreak-style
  141:46   [1m[31merror[39m[22m[1m  Expected linebreaks to be 'LF' but found 'CRLF'  linebreak-style
  142:27   [1m[31merror[39m[22m[1m  Expected linebreaks to be 'LF' but found 'CRLF'  linebreak-style
  143:24   [1m[31merror[39m[22m[1m  Expected linebreaks to be 'LF' but found 'CRLF'  linebreak-style
  144:16   [1m[31merror[39m[22m[1m  Expected linebreaks to be 'LF' but found 'CRLF'  linebreak-style
  145:47   [1m[31merror[39m[22m[1m  Expected linebreaks to be 'LF' but found 'CRLF'  linebreak-style
  146:38   [1m[31merror[39m[22m[1m  Expected linebreaks to be 'LF' but found 'CRLF'  linebreak-style
  147:41   [1m[31merror[39m[22m[1m  Expected linebreaks to be 'LF' but found 'CRLF'  linebreak-style
  148:27   [1m[31merror[39m[22m[1m  Expected linebreaks to be 'LF' but found 'CRLF'  linebreak-style
  149:59   [1m[31merror[39m[22m[1m  Expected linebreaks to be 'LF' but found 'CRLF'  linebreak-style
  150:46   [1m[31merror[39m[22m[1m  Expected linebreaks to be 'LF' but found 'CRLF'  linebreak-style
  151:21   [1m[31merror[39m[22m[1m  Expected linebreaks to be 'LF' but found 'CRLF'  linebreak-style
  152:17   [1m[31merror[39m[22m[1m  Expected linebreaks to be 'LF' but found 'CRLF'  linebreak-style
  153:42   [1m[31merror[39m[22m[1m  Expected linebreaks to be 'LF' but found 'CRLF'  linebreak-style
  154:15   [1m[31merror[39m[22m[1m  Expected linebreaks to be 'LF' but found 'CRLF'  linebreak-style
  155:1    [1m[31merror[39m[22m[1m  Expected linebreaks to be 'LF' but found 'CRLF'  linebreak-style
  156:13   [1m[31merror[39m[22m[1m  Expected linebreaks to be 'LF' but found 'CRLF'  linebreak-style
  157:15   [1m[31merror[39m[22m[1m  Expected linebreaks to be 'LF' but found 'CRLF'  linebreak-style
  158:14   [1m[31merror[39m[22m[1m  Expected linebreaks to be 'LF' but found 'CRLF'  linebreak-style
  159:41   [1m[31merror[39m[22m[1m  Expected linebreaks to be 'LF' but found 'CRLF'  linebreak-style
  160:50   [1m[31merror[39m[22m[1m  Expected linebreaks to be 'LF' but found 'CRLF'  linebreak-style
  161:43   [1m[31merror[39m[22m[1m  Expected linebreaks to be 'LF' but found 'CRLF'  linebreak-style
  162:70   [1m[31merror[39m[22m[1m  Expected linebreaks to be 'LF' but found 'CRLF'  linebreak-style
  163:43   [1m[31merror[39m[22m[1m  Expected linebreaks to be 'LF' but found 'CRLF'  linebreak-style
  164:19   [1m[31merror[39m[22m[1m  Expected linebreaks to be 'LF' but found 'CRLF'  linebreak-style
  165:15   [1m[31merror[39m[22m[1m  Expected linebreaks to be 'LF' but found 'CRLF'  linebreak-style
  166:15   [1m[31merror[39m[22m[1m  Expected linebreaks to be 'LF' but found 'CRLF'  linebreak-style
  167:15   [1m[31merror[39m[22m[1m  Expected linebreaks to be 'LF' but found 'CRLF'  linebreak-style
  168:68   [1m[31merror[39m[22m[1m  Expected linebreaks to be 'LF' but found 'CRLF'  linebreak-style
  169:14   [1m[31merror[39m[22m[1m  Expected linebreaks to be 'LF' but found 'CRLF'  linebreak-style
  170:11   [1m[31merror[39m[22m[1m  Expected linebreaks to be 'LF' but found 'CRLF'  linebreak-style
  171:5    [1m[31merror[39m[22m[1m  Expected linebreaks to be 'LF' but found 'CRLF'  linebreak-style
  172:3    [1m[31merror[39m[22m[1m  Expected linebreaks to be 'LF' but found 'CRLF'  linebreak-style
  173:1    [1m[31merror[39m[22m[1m  Expected linebreaks to be 'LF' but found 'CRLF'  linebreak-style
  174:29   [1m[31merror[39m[22m[1m  Expected linebreaks to be 'LF' but found 'CRLF'  linebreak-style

C:\Users\blaha5\Downloads\da\reactkys\crmWAcv\src\components\editColumnForm.jsx
    1:59   [1m[31merror[39m[22m[1m  Expected linebreaks to be 'LF' but found 'CRLF'  linebreak-style
    2:27   [1m[31merror[39m[22m[1m  Expected linebreaks to be 'LF' but found 'CRLF'  linebreak-style
    3:36   [1m[31merror[39m[22m[1m  Expected linebreaks to be 'LF' but found 'CRLF'  linebreak-style
    4:41   [1m[31merror[39m[22m[1m  Expected linebreaks to be 'LF' but found 'CRLF'  linebreak-style
    5:43   [1m[31merror[39m[22m[1m  Expected linebreaks to be 'LF' but found 'CRLF'  linebreak-style
    6:40   [1m[31merror[39m[22m[1m  Expected linebreaks to be 'LF' but found 'CRLF'  linebreak-style
    7:1    [1m[31merror[39m[22m[1m  Expected linebreaks to be 'LF' but found 'CRLF'  linebreak-style
    8:58   [1m[31merror[39m[22m[1m  Expected linebreaks to be 'LF' but found 'CRLF'  linebreak-style
    9:23   [1m[31merror[39m[22m[1m  Expected linebreaks to be 'LF' but found 'CRLF'  linebreak-style
   10:31   [1m[31merror[39m[22m[1m  Expected linebreaks to be 'LF' but found 'CRLF'  linebreak-style
   11:45   [1m[31merror[39m[22m[1m  Expected linebreaks to be 'LF' but found 'CRLF'  linebreak-style
   12:24   [1m[31merror[39m[22m[1m  Expected linebreaks to be 'LF' but found 'CRLF'  linebreak-style
   13:29   [1m[31merror[39m[22m[1m  Expected linebreaks to be 'LF' but found 'CRLF'  linebreak-style
   14:29   [1m[31merror[39m[22m[1m  Expected linebreaks to be 'LF' but found 'CRLF'  linebreak-style
   15:6    [1m[31merror[39m[22m[1m  Expected linebreaks to be 'LF' but found 'CRLF'  linebreak-style
   16:63   [1m[31merror[39m[22m[1m  Expected linebreaks to be 'LF' but found 'CRLF'  linebreak-style
   17:36   [1m[31merror[39m[22m[1m  Expected linebreaks to be 'LF' but found 'CRLF'  linebreak-style
   18:29   [1m[31merror[39m[22m[1m  Expected linebreaks to be 'LF' but found 'CRLF'  linebreak-style
   19:5    [1m[31merror[39m[22m[1m  Expected linebreaks to be 'LF' but found 'CRLF'  linebreak-style
   20:47   [1m[31merror[39m[22m[1m  Expected linebreaks to be 'LF' but found 'CRLF'  linebreak-style
   21:1    [1m[31merror[39m[22m[1m  Expected linebreaks to be 'LF' but found 'CRLF'  linebreak-style
   22:32   [1m[31merror[39m[22m[1m  Expected linebreaks to be 'LF' but found 'CRLF'  linebreak-style
   23:38   [1m[31merror[39m[22m[1m  Expected linebreaks to be 'LF' but found 'CRLF'  linebreak-style
   24:27   [1m[31merror[39m[22m[1m  Expected linebreaks to be 'LF' but found 'CRLF'  linebreak-style
   25:18   [1m[31merror[39m[22m[1m  Expected linebreaks to be 'LF' but found 'CRLF'  linebreak-style
   26:19   [1m[31merror[39m[22m[1m  Expected linebreaks to be 'LF' but found 'CRLF'  linebreak-style
   27:21   [1m[31merror[39m[22m[1m  Expected linebreaks to be 'LF' but found 'CRLF'  linebreak-style
   28:8    [1m[31merror[39m[22m[1m  Expected linebreaks to be 'LF' but found 'CRLF'  linebreak-style
   29:5    [1m[31merror[39m[22m[1m  Expected linebreaks to be 'LF' but found 'CRLF'  linebreak-style
   30:1    [1m[31merror[39m[22m[1m  Expected linebreaks to be 'LF' but found 'CRLF'  linebreak-style
   31:32   [1m[31merror[39m[22m[1m  Expected linebreaks to be 'LF' but found 'CRLF'  linebreak-style
   32:24   [1m[31merror[39m[22m[1m  Expected linebreaks to be 'LF' but found 'CRLF'  linebreak-style
   33:37   [1m[31merror[39m[22m[1m  Expected linebreaks to be 'LF' but found 'CRLF'  linebreak-style
   34:53   [1m[31merror[39m[22m[1m  Expected linebreaks to be 'LF' but found 'CRLF'  linebreak-style
   35:27   [1m[31merror[39m[22m[1m  Expected linebreaks to be 'LF' but found 'CRLF'  linebreak-style
   36:12   [1m[31merror[39m[22m[1m  Expected linebreaks to be 'LF' but found 'CRLF'  linebreak-style
   37:14   [1m[31merror[39m[22m[1m  Expected linebreaks to be 'LF' but found 'CRLF'  linebreak-style
   38:11   [1m[31merror[39m[22m[1m  Expected linebreaks to be 'LF' but found 'CRLF'  linebreak-style
   39:22   [1m[31merror[39m[22m[1m  Expected linebreaks to be 'LF' but found 'CRLF'  linebreak-style
   40:7    [1m[31merror[39m[22m[1m  Expected linebreaks to be 'LF' but found 'CRLF'  linebreak-style
   41:28   [1m[31merror[39m[22m[1m  Expected linebreaks to be 'LF' but found 'CRLF'  linebreak-style
   42:36   [1m[31merror[39m[22m[1m  Expected linebreaks to be 'LF' but found 'CRLF'  linebreak-style
   43:46   [1m[31merror[39m[22m[1m  Expected linebreaks to be 'LF' but found 'CRLF'  linebreak-style
   44:28   [1m[31merror[39m[22m[1m  Expected linebreaks to be 'LF' but found 'CRLF'  linebreak-style
   45:27   [1m[31merror[39m[22m[1m  Expected linebreaks to be 'LF' but found 'CRLF'  linebreak-style
   46:15   [1m[31merror[39m[22m[1m  Expected linebreaks to be 'LF' but found 'CRLF'  linebreak-style
   47:49   [1m[31merror[39m[22m[1m  Expected linebreaks to be 'LF' but found 'CRLF'  linebreak-style
   48:46   [1m[31merror[39m[22m[1m  Expected linebreaks to be 'LF' but found 'CRLF'  linebreak-style
   49:32   [1m[31merror[39m[22m[1m  Expected linebreaks to be 'LF' but found 'CRLF'  linebreak-style
   50:21   [1m[31merror[39m[22m[1m  Expected linebreaks to be 'LF' but found 'CRLF'  linebreak-style
   51:36   [1m[31merror[39m[22m[1m  Expected linebreaks to be 'LF' but found 'CRLF'  linebreak-style
   52:35   [1m[31merror[39m[22m[1m  Expected linebreaks to be 'LF' but found 'CRLF'  linebreak-style
   53:14   [1m[31merror[39m[22m[1m  Expected linebreaks to be 'LF' but found 'CRLF'  linebreak-style
   54:19   [1m[31merror[39m[22m[1m  Expected linebreaks to be 'LF' but found 'CRLF'  linebreak-style
   55:34   [1m[31merror[39m[22m[1m  Expected linebreaks to be 'LF' but found 'CRLF'  linebreak-style
   56:33   [1m[31merror[39m[22m[1m  Expected linebreaks to be 'LF' but found 'CRLF'  linebreak-style
   57:12   [1m[31merror[39m[22m[1m  Expected linebreaks to be 'LF' but found 'CRLF'  linebreak-style
   58:9    [1m[31merror[39m[22m[1m  Expected linebreaks to be 'LF' but found 'CRLF'  linebreak-style
   59:26   [1m[31merror[39m[22m[1m  Expected linebreaks to be 'LF' but found 'CRLF'  linebreak-style
   60:56   [1m[31merror[39m[22m[1m  Expected linebreaks to be 'LF' but found 'CRLF'  linebreak-style
   61:32   [1m[31merror[39m[22m[1m  Expected linebreaks to be 'LF' but found 'CRLF'  linebreak-style
   62:10   [1m[31merror[39m[22m[1m  Expected linebreaks to be 'LF' but found 'CRLF'  linebreak-style
   63:5    [1m[31merror[39m[22m[1m  Expected linebreaks to be 'LF' but found 'CRLF'  linebreak-style
   64:1    [1m[31merror[39m[22m[1m  Expected linebreaks to be 'LF' but found 'CRLF'  linebreak-style
   65:11   [1m[31merror[39m[22m[1m  Expected linebreaks to be 'LF' but found 'CRLF'  linebreak-style
   66:65   [1m[31merror[39m[22m[1m  Expected linebreaks to be 'LF' but found 'CRLF'  linebreak-style
   67:11   [1m[31merror[39m[22m[1m  Expected linebreaks to be 'LF' but found 'CRLF'  linebreak-style
   68:47   [1m[31merror[39m[22m[1m  Expected linebreaks to be 'LF' but found 'CRLF'  linebreak-style
   69:16   [1m[31merror[39m[22m[1m  Expected linebreaks to be 'LF' but found 'CRLF'  linebreak-style
   70:12   [1m[31merror[39m[22m[1m  Expected linebreaks to be 'LF' but found 'CRLF'  linebreak-style
   71:82   [1m[31merror[39m[22m[1m  Expected linebreaks to be 'LF' but found 'CRLF'  linebreak-style
   72:37   [1m[31merror[39m[22m[1m  Expected linebreaks to be 'LF' but found 'CRLF'  linebreak-style
   73:100  [1m[31merror[39m[22m[1m  Expected linebreaks to be 'LF' but found 'CRLF'  linebreak-style
   74:33   [1m[31merror[39m[22m[1m  Expected linebreaks to be 'LF' but found 'CRLF'  linebreak-style
   75:41   [1m[31merror[39m[22m[1m  Expected linebreaks to be 'LF' but found 'CRLF'  linebreak-style
   76:81   [1m[31merror[39m[22m[1m  Expected linebreaks to be 'LF' but found 'CRLF'  linebreak-style
   77:15   [1m[31merror[39m[22m[1m  Expected linebreaks to be 'LF' but found 'CRLF'  linebreak-style
   78:27   [1m[31merror[39m[22m[1m  Expected linebreaks to be 'LF' but found 'CRLF'  linebreak-style
   79:46   [1m[31merror[39m[22m[1m  Expected linebreaks to be 'LF' but found 'CRLF'  linebreak-style
   80:100  [1m[31merror[39m[22m[1m  Expected linebreaks to be 'LF' but found 'CRLF'  linebreak-style
   81:15   [1m[31merror[39m[22m[1m  Expected linebreaks to be 'LF' but found 'CRLF'  linebreak-style
   82:14   [1m[31merror[39m[22m[1m  Expected linebreaks to be 'LF' but found 'CRLF'  linebreak-style
   83:44   [1m[31merror[39m[22m[1m  Expected linebreaks to be 'LF' but found 'CRLF'  linebreak-style
   84:107  [1m[31merror[39m[22m[1m  Expected linebreaks to be 'LF' but found 'CRLF'  linebreak-style
   85:42   [1m[31merror[39m[22m[1m  Expected linebreaks to be 'LF' but found 'CRLF'  linebreak-style
   86:77   [1m[31merror[39m[22m[1m  Expected linebreaks to be 'LF' but found 'CRLF'  linebreak-style
   87:78   [1m[31merror[39m[22m[1m  Expected linebreaks to be 'LF' but found 'CRLF'  linebreak-style
   88:78   [1m[31merror[39m[22m[1m  Expected linebreaks to be 'LF' but found 'CRLF'  linebreak-style
   89:20   [1m[31merror[39m[22m[1m  Expected linebreaks to be 'LF' but found 'CRLF'  linebreak-style
   90:15   [1m[31merror[39m[22m[1m  Expected linebreaks to be 'LF' but found 'CRLF'  linebreak-style
   91:46   [1m[31merror[39m[22m[1m  Expected linebreaks to be 'LF' but found 'CRLF'  linebreak-style
   92:14   [1m[31merror[39m[22m[1m  Expected linebreaks to be 'LF' but found 'CRLF'  linebreak-style
   93:11   [1m[31merror[39m[22m[1m  Expected linebreaks to be 'LF' but found 'CRLF'  linebreak-style
   94:5    [1m[31merror[39m[22m[1m  Expected linebreaks to be 'LF' but found 'CRLF'  linebreak-style
   95:3    [1m[31merror[39m[22m[1m  Expected linebreaks to be 'LF' but found 'CRLF'  linebreak-style
   96:1    [1m[31merror[39m[22m[1m  Expected linebreaks to be 'LF' but found 'CRLF'  linebreak-style
   97:31   [1m[31merror[39m[22m[1m  Expected linebreaks to be 'LF' but found 'CRLF'  linebreak-style
   98:1    [1m[31merror[39m[22m[1m  Expected linebreaks to be 'LF' but found 'CRLF'  linebreak-style
   99:29   [1m[31merror[39m[22m[1m  Expected linebreaks to be 'LF' but found 'CRLF'  linebreak-style
  100:28   [1m[31merror[39m[22m[1m  Expected linebreaks to be 'LF' but found 'CRLF'  linebreak-style
  101:37   [1m[31merror[39m[22m[1m  Expected linebreaks to be 'LF' but found 'CRLF'  linebreak-style
  102:39   [1m[31merror[39m[22m[1m  Expected linebreaks to be 'LF' but found 'CRLF'  linebreak-style
  103:39   [1m[31merror[39m[22m[1m  Expected linebreaks to be 'LF' but found 'CRLF'  linebreak-style
  104:17   [1m[31merror[39m[22m[1m  Expected linebreaks to be 'LF' but found 'CRLF'  linebreak-style
  105:37   [1m[31merror[39m[22m[1m  Expected linebreaks to be 'LF' but found 'CRLF'  linebreak-style
  106:38   [1m[31merror[39m[22m[1m  Expected linebreaks to be 'LF' but found 'CRLF'  linebreak-style
  107:3    [1m[31merror[39m[22m[1m  Expected linebreaks to be 'LF' but found 'CRLF'  linebreak-style

C:\Users\blaha5\Downloads\da\reactkys\crmWAcv\src\components\editContactForm.jsx
    1:59   [1m[31merror[39m[22m[1m  Expected linebreaks to be 'LF' but found 'CRLF'  linebreak-style
    2:69   [1m[31merror[39m[22m[1m  Expected linebreaks to be 'LF' but found 'CRLF'  linebreak-style
    3:27   [1m[31merror[39m[22m[1m  Expected linebreaks to be 'LF' but found 'CRLF'  linebreak-style
    4:36   [1m[31merror[39m[22m[1m  Expected linebreaks to be 'LF' but found 'CRLF'  linebreak-style
    5:52   [1m[31merror[39m[22m[1m  Expected linebreaks to be 'LF' but found 'CRLF'  linebreak-style
    6:39   [1m[31merror[39m[22m[1m  Expected linebreaks to be 'LF' but found 'CRLF'  linebreak-style
    7:43   [1m[31merror[39m[22m[1m  Expected linebreaks to be 'LF' but found 'CRLF'  linebreak-style
    8:40   [1m[31merror[39m[22m[1m  Expected linebreaks to be 'LF' but found 'CRLF'  linebreak-style
    9:1    [1m[31merror[39m[22m[1m  Expected linebreaks to be 'LF' but found 'CRLF'  linebreak-style
   10:27   [1m[31merror[39m[22m[1m  Expected linebreaks to be 'LF' but found 'CRLF'  linebreak-style
   11:38   [1m[31merror[39m[22m[1m  Expected linebreaks to be 'LF' but found 'CRLF'  linebreak-style
   12:8    [1m[31merror[39m[22m[1m  Expected linebreaks to be 'LF' but found 'CRLF'  linebreak-style
   13:31   [1m[31merror[39m[22m[1m  Expected linebreaks to be 'LF' but found 'CRLF'  linebreak-style
   14:45   [1m[31merror[39m[22m[1m  Expected linebreaks to be 'LF' but found 'CRLF'  linebreak-style
   15:20   [1m[31merror[39m[22m[1m  Expected linebreaks to be 'LF' but found 'CRLF'  linebreak-style
   16:30   [1m[31merror[39m[22m[1m  Expected linebreaks to be 'LF' but found 'CRLF'  linebreak-style
   17:60   [1m[31merror[39m[22m[1m  Expected linebreaks to be 'LF' but found 'CRLF'  linebreak-style
   18:72   [1m[31merror[39m[22m[1m  Expected linebreaks to be 'LF' but found 'CRLF'  linebreak-style
   19:24   [1m[31merror[39m[22m[1m  Expected linebreaks to be 'LF' but found 'CRLF'  linebreak-style
   20:80   [1m[31merror[39m[22m[1m  Expected linebreaks to be 'LF' but found 'CRLF'  linebreak-style
   21:36   [1m[31merror[39m[22m[1m  Expected linebreaks to be 'LF' but found 'CRLF'  linebreak-style
   22:32   [1m[31merror[39m[22m[1m  Expected linebreaks to be 'LF' but found 'CRLF'  linebreak-style
   23:32   [1m[31merror[39m[22m[1m  Expected linebreaks to be 'LF' but found 'CRLF'  linebreak-style
   24:34   [1m[31merror[39m[22m[1m  Expected linebreaks to be 'LF' but found 'CRLF'  linebreak-style
   25:28   [1m[31merror[39m[22m[1m  Expected linebreaks to be 'LF' but found 'CRLF'  linebreak-style
   26:38   [1m[31merror[39m[22m[1m  Expected linebreaks to be 'LF' but found 'CRLF'  linebreak-style
   27:34   [1m[31merror[39m[22m[1m  Expected linebreaks to be 'LF' but found 'CRLF'  linebreak-style
   28:6    [1m[31merror[39m[22m[1m  Expected linebreaks to be 'LF' but found 'CRLF'  linebreak-style
   29:63   [1m[31merror[39m[22m[1m  Expected linebreaks to be 'LF' but found 'CRLF'  linebreak-style
   30:58   [1m[31merror[39m[22m[1m  Expected linebreaks to be 'LF' but found 'CRLF'  linebreak-style
   31:1    [1m[31merror[39m[22m[1m  Expected linebreaks to be 'LF' but found 'CRLF'  linebreak-style
   32:36   [1m[31merror[39m[22m[1m  Expected linebreaks to be 'LF' but found 'CRLF'  linebreak-style
   33:29   [1m[31merror[39m[22m[1m  Expected linebreaks to be 'LF' but found 'CRLF'  linebreak-style
   34:5    [1m[31merror[39m[22m[1m  Expected linebreaks to be 'LF' but found 'CRLF'  linebreak-style
   35:37   [1m[31merror[39m[22m[1m  Expected linebreaks to be 'LF' but found 'CRLF'  linebreak-style
   36:36   [1m[31merror[39m[22m[1m  Expected linebreaks to be 'LF' but found 'CRLF'  linebreak-style
   37:5    [1m[31merror[39m[22m[1m  Expected linebreaks to be 'LF' but found 'CRLF'  linebreak-style
   38:1    [1m[31merror[39m[22m[1m  Expected linebreaks to be 'LF' but found 'CRLF'  linebreak-style
   39:32   [1m[31merror[39m[22m[1m  Expected linebreaks to be 'LF' but found 'CRLF'  linebreak-style
   40:12   [1m[31merror[39m[22m[1m  Expected linebreaks to be 'LF' but found 'CRLF'  linebreak-style
   41:34   [1m[31merror[39m[22m[1m  Expected linebreaks to be 'LF' but found 'CRLF'  linebreak-style
   42:18   [1m[31merror[39m[22m[1m  Expected linebreaks to be 'LF' but found 'CRLF'  linebreak-style
   43:23   [1m[31merror[39m[22m[1m  Expected linebreaks to be 'LF' but found 'CRLF'  linebreak-style
   44:30   [1m[31merror[39m[22m[1m  Expected linebreaks to be 'LF' but found 'CRLF'  linebreak-style
   45:35   [1m[31merror[39m[22m[1m  Expected linebreaks to be 'LF' but found 'CRLF'  linebreak-style
   46:42   [1m[31merror[39m[22m[1m  Expected linebreaks to be 'LF' but found 'CRLF'  linebreak-style
   47:1    [1m[31merror[39m[22m[1m  Expected linebreaks to be 'LF' but found 'CRLF'  linebreak-style
   48:21   [1m[31merror[39m[22m[1m  Expected linebreaks to be 'LF' but found 'CRLF'  linebreak-style
   49:22   [1m[31merror[39m[22m[1m  Expected linebreaks to be 'LF' but found 'CRLF'  linebreak-style
   50:23   [1m[31merror[39m[22m[1m  Expected linebreaks to be 'LF' but found 'CRLF'  linebreak-style
   51:31   [1m[31merror[39m[22m[1m  Expected linebreaks to be 'LF' but found 'CRLF'  linebreak-style
   52:29   [1m[31merror[39m[22m[1m  Expected linebreaks to be 'LF' but found 'CRLF'  linebreak-style
   53:12   [1m[31merror[39m[22m[1m  Expected linebreaks to be 'LF' but found 'CRLF'  linebreak-style
   54:15   [1m[31merror[39m[22m[1m  Expected linebreaks to be 'LF' but found 'CRLF'  linebreak-style
   55:22   [1m[31merror[39m[22m[1m  Expected linebreaks to be 'LF' but found 'CRLF'  linebreak-style
   56:23   [1m[31merror[39m[22m[1m  Expected linebreaks to be 'LF' but found 'CRLF'  linebreak-style
   57:57   [1m[31merror[39m[22m[1m  Expected linebreaks to be 'LF' but found 'CRLF'  linebreak-style
   58:12   [1m[31merror[39m[22m[1m  Expected linebreaks to be 'LF' but found 'CRLF'  linebreak-style
   59:8    [1m[31merror[39m[22m[1m  Expected linebreaks to be 'LF' but found 'CRLF'  linebreak-style
   60:13   [1m[31merror[39m[22m[1m  Expected linebreaks to be 'LF' but found 'CRLF'  linebreak-style
   61:20   [1m[31merror[39m[22m[1m  Expected linebreaks to be 'LF' but found 'CRLF'  linebreak-style
   62:21   [1m[31merror[39m[22m[1m  Expected linebreaks to be 'LF' but found 'CRLF'  linebreak-style
   63:55   [1m[31merror[39m[22m[1m  Expected linebreaks to be 'LF' but found 'CRLF'  linebreak-style
   64:10   [1m[31merror[39m[22m[1m  Expected linebreaks to be 'LF' but found 'CRLF'  linebreak-style
   65:6    [1m[31merror[39m[22m[1m  Expected linebreaks to be 'LF' but found 'CRLF'  linebreak-style
   66:5    [1m[31merror[39m[22m[1m  Expected linebreaks to be 'LF' but found 'CRLF'  linebreak-style
   67:1    [1m[31merror[39m[22m[1m  Expected linebreaks to be 'LF' but found 'CRLF'  linebreak-style
   68:32   [1m[31merror[39m[22m[1m  Expected linebreaks to be 'LF' but found 'CRLF'  linebreak-style
   69:24   [1m[31merror[39m[22m[1m  Expected linebreaks to be 'LF' but found 'CRLF'  linebreak-style
   70:38   [1m[31merror[39m[22m[1m  Expected linebreaks to be 'LF' but found 'CRLF'  linebreak-style
   71:53   [1m[31merror[39m[22m[1m  Expected linebreaks to be 'LF' but found 'CRLF'  linebreak-style
   72:27   [1m[31merror[39m[22m[1m  Expected linebreaks to be 'LF' but found 'CRLF'  linebreak-style
   73:12   [1m[31merror[39m[22m[1m  Expected linebreaks to be 'LF' but found 'CRLF'  linebreak-style
   74:14   [1m[31merror[39m[22m[1m  Expected linebreaks to be 'LF' but found 'CRLF'  linebreak-style
   75:11   [1m[31merror[39m[22m[1m  Expected linebreaks to be 'LF' but found 'CRLF'  linebreak-style
   76:22   [1m[31merror[39m[22m[1m  Expected linebreaks to be 'LF' but found 'CRLF'  linebreak-style
   77:7    [1m[31merror[39m[22m[1m  Expected linebreaks to be 'LF' but found 'CRLF'  linebreak-style
   78:28   [1m[31merror[39m[22m[1m  Expected linebreaks to be 'LF' but found 'CRLF'  linebreak-style
   79:36   [1m[31merror[39m[22m[1m  Expected linebreaks to be 'LF' but found 'CRLF'  linebreak-style
   80:46   [1m[31merror[39m[22m[1m  Expected linebreaks to be 'LF' but found 'CRLF'  linebreak-style
   81:28   [1m[31merror[39m[22m[1m  Expected linebreaks to be 'LF' but found 'CRLF'  linebreak-style
   82:15   [1m[31merror[39m[22m[1m  Expected linebreaks to be 'LF' but found 'CRLF'  linebreak-style
   83:49   [1m[31merror[39m[22m[1m  Expected linebreaks to be 'LF' but found 'CRLF'  linebreak-style
   84:46   [1m[31merror[39m[22m[1m  Expected linebreaks to be 'LF' but found 'CRLF'  linebreak-style
   85:32   [1m[31merror[39m[22m[1m  Expected linebreaks to be 'LF' but found 'CRLF'  linebreak-style
   86:21   [1m[31merror[39m[22m[1m  Expected linebreaks to be 'LF' but found 'CRLF'  linebreak-style
   87:36   [1m[31merror[39m[22m[1m  Expected linebreaks to be 'LF' but found 'CRLF'  linebreak-style
   88:35   [1m[31merror[39m[22m[1m  Expected linebreaks to be 'LF' but found 'CRLF'  linebreak-style
   89:14   [1m[31merror[39m[22m[1m  Expected linebreaks to be 'LF' but found 'CRLF'  linebreak-style
   90:19   [1m[31merror[39m[22m[1m  Expected linebreaks to be 'LF' but found 'CRLF'  linebreak-style
   91:34   [1m[31merror[39m[22m[1m  Expected linebreaks to be 'LF' but found 'CRLF'  linebreak-style
   92:33   [1m[31merror[39m[22m[1m  Expected linebreaks to be 'LF' but found 'CRLF'  linebreak-style
   93:12   [1m[31merror[39m[22m[1m  Expected linebreaks to be 'LF' but found 'CRLF'  linebreak-style
   94:9    [1m[31merror[39m[22m[1m  Expected linebreaks to be 'LF' but found 'CRLF'  linebreak-style
   95:26   [1m[31merror[39m[22m[1m  Expected linebreaks to be 'LF' but found 'CRLF'  linebreak-style
   96:56   [1m[31merror[39m[22m[1m  Expected linebreaks to be 'LF' but found 'CRLF'  linebreak-style
   97:29   [1m[31merror[39m[22m[1m  Expected linebreaks to be 'LF' but found 'CRLF'  linebreak-style
   98:10   [1m[31merror[39m[22m[1m  Expected linebreaks to be 'LF' but found 'CRLF'  linebreak-style
   99:5    [1m[31merror[39m[22m[1m  Expected linebreaks to be 'LF' but found 'CRLF'  linebreak-style
  100:1    [1m[31merror[39m[22m[1m  Expected linebreaks to be 'LF' but found 'CRLF'  linebreak-style
  101:30   [1m[31merror[39m[22m[1m  Expected linebreaks to be 'LF' but found 'CRLF'  linebreak-style
  102:37   [1m[31merror[39m[22m[1m  Expected linebreaks to be 'LF' but found 'CRLF'  linebreak-style
  103:23   [1m[31merror[39m[22m[1m  Expected linebreaks to be 'LF' but found 'CRLF'  linebreak-style
  104:17   [1m[31merror[39m[22m[1m  Expected linebreaks to be 'LF' but found 'CRLF'  linebreak-style
  105:9    [1m[31merror[39m[22m[1m  Expected linebreaks to be 'LF' but found 'CRLF'  linebreak-style
  106:23   [1m[31merror[39m[22m[1m  Expected linebreaks to be 'LF' but found 'CRLF'  linebreak-style
  107:27   [1m[31merror[39m[22m[1m  Expected linebreaks to be 'LF' but found 'CRLF'  linebreak-style
  108:5    [1m[31merror[39m[22m[1m  Expected linebreaks to be 'LF' but found 'CRLF'  linebreak-style
  109:1    [1m[31merror[39m[22m[1m  Expected linebreaks to be 'LF' but found 'CRLF'  linebreak-style
  110:37   [1m[31merror[39m[22m[1m  Expected linebreaks to be 'LF' but found 'CRLF'  linebreak-style
  111:34   [1m[31merror[39m[22m[1m  Expected linebreaks to be 'LF' but found 'CRLF'  linebreak-style
  112:21   [1m[31merror[39m[22m[1m  Expected linebreaks to be 'LF' but found 'CRLF'  linebreak-style
  113:6    [1m[31merror[39m[22m[1m  Expected linebreaks to be 'LF' but found 'CRLF'  linebreak-style
  114:5    [1m[31merror[39m[22m[1m  Expected linebreaks to be 'LF' but found 'CRLF'  linebreak-style
  115:20   [1m[31merror[39m[22m[1m  Expected linebreaks to be 'LF' but found 'CRLF'  linebreak-style
  116:55   [1m[31merror[39m[22m[1m  Expected linebreaks to be 'LF' but found 'CRLF'  linebreak-style
  117:19   [1m[31merror[39m[22m[1m  Expected linebreaks to be 'LF' but found 'CRLF'  linebreak-style
  118:60   [1m[31merror[39m[22m[1m  Expected linebreaks to be 'LF' but found 'CRLF'  linebreak-style
  119:7    [1m[31merror[39m[22m[1m  Expected linebreaks to be 'LF' but found 'CRLF'  linebreak-style
  120:10   [1m[31merror[39m[22m[1m  Expected linebreaks to be 'LF' but found 'CRLF'  linebreak-style
  121:1    [1m[31merror[39m[22m[1m  Expected linebreaks to be 'LF' but found 'CRLF'  linebreak-style
  122:11   [1m[31merror[39m[22m[1m  Expected linebreaks to be 'LF' but found 'CRLF'  linebreak-style
  123:35   [1m[31merror[39m[22m[1m  Expected linebreaks to be 'LF' but found 'CRLF'  linebreak-style
  124:11   [1m[31merror[39m[22m[1m  Expected linebreaks to be 'LF' but found 'CRLF'  linebreak-style
  125:47   [1m[31merror[39m[22m[1m  Expected linebreaks to be 'LF' but found 'CRLF'  linebreak-style
  126:16   [1m[31merror[39m[22m[1m  Expected linebreaks to be 'LF' but found 'CRLF'  linebreak-style
  127:12   [1m[31merror[39m[22m[1m  Expected linebreaks to be 'LF' but found 'CRLF'  linebreak-style
  128:82   [1m[31merror[39m[22m[1m  Expected linebreaks to be 'LF' but found 'CRLF'  linebreak-style
  129:26   [1m[31merror[39m[22m[1m  Expected linebreaks to be 'LF' but found 'CRLF'  linebreak-style
  130:98   [1m[31merror[39m[22m[1m  Expected linebreaks to be 'LF' but found 'CRLF'  linebreak-style
  131:31   [1m[31merror[39m[22m[1m  Expected linebreaks to be 'LF' but found 'CRLF'  linebreak-style
  132:39   [1m[31merror[39m[22m[1m  Expected linebreaks to be 'LF' but found 'CRLF'  linebreak-style
  133:79   [1m[31merror[39m[22m[1m  Expected linebreaks to be 'LF' but found 'CRLF'  linebreak-style
  134:13   [1m[31merror[39m[22m[1m  Expected linebreaks to be 'LF' but found 'CRLF'  linebreak-style
  135:25   [1m[31merror[39m[22m[1m  Expected linebreaks to be 'LF' but found 'CRLF'  linebreak-style
  136:89   [1m[31merror[39m[22m[1m  Expected linebreaks to be 'LF' but found 'CRLF'  linebreak-style
  137:111  [1m[31merror[39m[22m[1m  Expected linebreaks to be 'LF' but found 'CRLF'  linebreak-style
  138:148  [1m[31merror[39m[22m[1m  Expected linebreaks to be 'LF' but found 'CRLF'  linebreak-style
  139:13   [1m[31merror[39m[22m[1m  Expected linebreaks to be 'LF' but found 'CRLF'  linebreak-style
  140:12   [1m[31merror[39m[22m[1m  Expected linebreaks to be 'LF' but found 'CRLF'  linebreak-style
  141:45   [1m[31merror[39m[22m[1m  Expected linebreaks to be 'LF' but found 'CRLF'  linebreak-style
  142:104  [1m[31merror[39m[22m[1m  Expected linebreaks to be 'LF' but found 'CRLF'  linebreak-style
  143:13   [1m[31merror[39m[22m[1m  Expected linebreaks to be 'LF' but found 'CRLF'  linebreak-style
  144:12   [1m[31merror[39m[22m[1m  Expected linebreaks to be 'LF' but found 'CRLF'  linebreak-style
  145:50   [1m[31merror[39m[22m[1m  Expected linebreaks to be 'LF' but found 'CRLF'  linebreak-style
  146:116  [1m[31merror[39m[22m[1m  Expected linebreaks to be 'LF' but found 'CRLF'  linebreak-style
  147:13   [1m[31merror[39m[22m[1m  Expected linebreaks to be 'LF' but found 'CRLF'  linebreak-style
  148:12   [1m[31merror[39m[22m[1m  Expected linebreaks to be 'LF' but found 'CRLF'  linebreak-style
  149:42   [1m[31merror[39m[22m[1m  Expected linebreaks to be 'LF' but found 'CRLF'  linebreak-style
  150:38   [1m[31merror[39m[22m[1m  Expected linebreaks to be 'LF' but found 'CRLF'  linebreak-style
  151:102  [1m[31merror[39m[22m[1m  Expected linebreaks to be 'LF' but found 'CRLF'  linebreak-style
  152:97   [1m[31merror[39m[22m[1m  Expected linebreaks to be 'LF' but found 'CRLF'  linebreak-style
  153:43   [1m[31merror[39m[22m[1m  Expected linebreaks to be 'LF' but found 'CRLF'  linebreak-style
  154:15   [1m[31merror[39m[22m[1m  Expected linebreaks to be 'LF' but found 'CRLF'  linebreak-style
  155:13   [1m[31merror[39m[22m[1m  Expected linebreaks to be 'LF' but found 'CRLF'  linebreak-style
  156:12   [1m[31merror[39m[22m[1m  Expected linebreaks to be 'LF' but found 'CRLF'  linebreak-style
  157:47   [1m[31merror[39m[22m[1m  Expected linebreaks to be 'LF' but found 'CRLF'  linebreak-style
  158:107  [1m[31merror[39m[22m[1m  Expected linebreaks to be 'LF' but found 'CRLF'  linebreak-style
  159:13   [1m[31merror[39m[22m[1m  Expected linebreaks to be 'LF' but found 'CRLF'  linebreak-style
  160:12   [1m[31merror[39m[22m[1m  Expected linebreaks to be 'LF' but found 'CRLF'  linebreak-style
  161:46   [1m[31merror[39m[22m[1m  Expected linebreaks to be 'LF' but found 'CRLF'  linebreak-style
  162:102  [1m[31merror[39m[22m[1m  Expected linebreaks to be 'LF' but found 'CRLF'  linebreak-style
  163:13   [1m[31merror[39m[22m[1m  Expected linebreaks to be 'LF' but found 'CRLF'  linebreak-style
  164:12   [1m[31merror[39m[22m[1m  Expected linebreaks to be 'LF' but found 'CRLF'  linebreak-style
  165:47   [1m[31merror[39m[22m[1m  Expected linebreaks to be 'LF' but found 'CRLF'  linebreak-style
  166:101  [1m[31merror[39m[22m[1m  Expected linebreaks to be 'LF' but found 'CRLF'  linebreak-style
  167:13   [1m[31merror[39m[22m[1m  Expected linebreaks to be 'LF' but found 'CRLF'  linebreak-style
  168:12   [1m[31merror[39m[22m[1m  Expected linebreaks to be 'LF' but found 'CRLF'  linebreak-style
  169:51   [1m[31merror[39m[22m[1m  Expected linebreaks to be 'LF' but found 'CRLF'  linebreak-style
  170:110  [1m[31merror[39m[22m[1m  Expected linebreaks to be 'LF' but found 'CRLF'  linebreak-style
  171:13   [1m[31merror[39m[22m[1m  Expected linebreaks to be 'LF' but found 'CRLF'  linebreak-style
  172:12   [1m[31merror[39m[22m[1m  Expected linebreaks to be 'LF' but found 'CRLF'  linebreak-style
  173:55   [1m[31merror[39m[22m[1m  Expected linebreaks to be 'LF' but found 'CRLF'  linebreak-style
  174:91   [1m[31merror[39m[22m[1m  Expected linebreaks to be 'LF' but found 'CRLF'  linebreak-style
  175:40   [1m[31merror[39m[22m[1m  Expected linebreaks to be 'LF' but found 'CRLF'  linebreak-style
  176:44   [1m[31merror[39m[22m[1m  Expected linebreaks to be 'LF' but found 'CRLF'  linebreak-style
  177:45   [1m[31merror[39m[22m[1m  Expected linebreaks to be 'LF' but found 'CRLF'  linebreak-style
  178:54   [1m[31merror[39m[22m[1m  Expected linebreaks to be 'LF' but found 'CRLF'  linebreak-style
  179:18   [1m[31merror[39m[22m[1m  Expected linebreaks to be 'LF' but found 'CRLF'  linebreak-style
  180:13   [1m[31merror[39m[22m[1m  Expected linebreaks to be 'LF' but found 'CRLF'  linebreak-style
  181:44   [1m[31merror[39m[22m[1m  Expected linebreaks to be 'LF' but found 'CRLF'  linebreak-style
  182:1    [1m[31merror[39m[22m[1m  Expected linebreaks to be 'LF' but found 'CRLF'  linebreak-style
  183:12   [1m[31merror[39m[22m[1m  Expected linebreaks to be 'LF' but found 'CRLF'  linebreak-style
  184:5    [1m[31merror[39m[22m[1m  Expected linebreaks to be 'LF' but found 'CRLF'  linebreak-style
  185:3    [1m[31merror[39m[22m[1m  Expected linebreaks to be 'LF' but found 'CRLF'  linebreak-style
  186:1    [1m[31merror[39m[22m[1m  Expected linebreaks to be 'LF' but found 'CRLF'  linebreak-style
  187:32   [1m[31merror[39m[22m[1m  Expected linebreaks to be 'LF' but found 'CRLF'  linebreak-style
  188:1    [1m[31merror[39m[22m[1m  Expected linebreaks to be 'LF' but found 'CRLF'  linebreak-style
  189:30   [1m[31merror[39m[22m[1m  Expected linebreaks to be 'LF' but found 'CRLF'  linebreak-style
  190:29   [1m[31merror[39m[22m[1m  Expected linebreaks to be 'LF' but found 'CRLF'  linebreak-style
  191:26   [1m[31merror[39m[22m[1m  Expected linebreaks to be 'LF' but found 'CRLF'  linebreak-style
  192:42   [1m[31merror[39m[22m[1m  Expected linebreaks to be 'LF' but found 'CRLF'  linebreak-style
  193:28   [1m[31merror[39m[22m[1m  Expected linebreaks to be 'LF' but found 'CRLF'  linebreak-style
  194:32   [1m[31merror[39m[22m[1m  Expected linebreaks to be 'LF' but found 'CRLF'  linebreak-style
  195:31   [1m[31merror[39m[22m[1m  Expected linebreaks to be 'LF' but found 'CRLF'  linebreak-style
  196:29   [1m[31merror[39m[22m[1m  Expected linebreaks to be 'LF' but found 'CRLF'  linebreak-style
  197:27   [1m[31merror[39m[22m[1m  Expected linebreaks to be 'LF' but found 'CRLF'  linebreak-style
  198:30   [1m[31merror[39m[22m[1m  Expected linebreaks to be 'LF' but found 'CRLF'  linebreak-style
  199:29   [1m[31merror[39m[22m[1m  Expected linebreaks to be 'LF' but found 'CRLF'  linebreak-style
  200:32   [1m[31merror[39m[22m[1m  Expected linebreaks to be 'LF' but found 'CRLF'  linebreak-style
  201:30   [1m[31merror[39m[22m[1m  Expected linebreaks to be 'LF' but found 'CRLF'  linebreak-style
  202:17   [1m[31merror[39m[22m[1m  Expected linebreaks to be 'LF' but found 'CRLF'  linebreak-style
  203:37   [1m[31merror[39m[22m[1m  Expected linebreaks to be 'LF' but found 'CRLF'  linebreak-style
  204:38   [1m[31merror[39m[22m[1m  Expected linebreaks to be 'LF' but found 'CRLF'  linebreak-style
  205:41   [1m[31merror[39m[22m[1m  Expected linebreaks to be 'LF' but found 'CRLF'  linebreak-style
  206:3    [1m[31merror[39m[22m[1m  Expected linebreaks to be 'LF' but found 'CRLF'  linebreak-style

C:\Users\blaha5\Downloads\da\reactkys\crmWAcv\src\components\editEventForm.jsx
    1:59  [1m[31merror[39m[22m[1m  Expected linebreaks to be 'LF' but found 'CRLF'  linebreak-style
    2:27  [1m[31merror[39m[22m[1m  Expected linebreaks to be 'LF' but found 'CRLF'  linebreak-style
    3:61  [1m[31merror[39m[22m[1m  Expected linebreaks to be 'LF' but found 'CRLF'  linebreak-style
    4:59  [1m[31merror[39m[22m[1m  Expected linebreaks to be 'LF' but found 'CRLF'  linebreak-style
    5:43  [1m[31merror[39m[22m[1m  Expected linebreaks to be 'LF' but found 'CRLF'  linebreak-style
    6:40  [1m[31merror[39m[22m[1m  Expected linebreaks to be 'LF' but found 'CRLF'  linebreak-style
    7:62  [1m[31merror[39m[22m[1m  Expected linebreaks to be 'LF' but found 'CRLF'  linebreak-style
    8:1   [1m[31merror[39m[22m[1m  Expected linebreaks to be 'LF' but found 'CRLF'  linebreak-style
    9:30  [1m[31merror[39m[22m[1m  Expected linebreaks to be 'LF' but found 'CRLF'  linebreak-style
   10:31  [1m[31merror[39m[22m[1m  Expected linebreaks to be 'LF' but found 'CRLF'  linebreak-style
   11:39  [1m[31merror[39m[22m[1m  Expected linebreaks to be 'LF' but found 'CRLF'  linebreak-style
   12:34  [1m[31merror[39m[22m[1m  Expected linebreaks to be 'LF' but found 'CRLF'  linebreak-style
   13:42  [1m[31merror[39m[22m[1m  Expected linebreaks to be 'LF' but found 'CRLF'  linebreak-style
   14:1   [1m[31merror[39m[22m[1m  Expected linebreaks to be 'LF' but found 'CRLF'  linebreak-style
   15:36  [1m[31merror[39m[22m[1m  Expected linebreaks to be 'LF' but found 'CRLF'  linebreak-style
   16:15  [1m[31merror[39m[22m[1m  Expected linebreaks to be 'LF' but found 'CRLF'  linebreak-style
   17:16  [1m[31merror[39m[22m[1m  Expected linebreaks to be 'LF' but found 'CRLF'  linebreak-style
   18:6   [1m[31merror[39m[22m[1m  Expected linebreaks to be 'LF' but found 'CRLF'  linebreak-style
   19:23  [1m[31merror[39m[22m[1m  Expected linebreaks to be 'LF' but found 'CRLF'  linebreak-style
   20:12  [1m[31merror[39m[22m[1m  Expected linebreaks to be 'LF' but found 'CRLF'  linebreak-style
   21:1   [1m[31merror[39m[22m[1m  Expected linebreaks to be 'LF' but found 'CRLF'  linebreak-style
   22:39  [1m[31merror[39m[22m[1m  Expected linebreaks to be 'LF' but found 'CRLF'  linebreak-style
   23:20  [1m[31merror[39m[22m[1m  Expected linebreaks to be 'LF' but found 'CRLF'  linebreak-style
   24:19  [1m[31merror[39m[22m[1m  Expected linebreaks to be 'LF' but found 'CRLF'  linebreak-style
   25:6   [1m[31merror[39m[22m[1m  Expected linebreaks to be 'LF' but found 'CRLF'  linebreak-style
   26:29  [1m[31merror[39m[22m[1m  Expected linebreaks to be 'LF' but found 'CRLF'  linebreak-style
   27:19  [1m[31merror[39m[22m[1m  Expected linebreaks to be 'LF' but found 'CRLF'  linebreak-style
   28:6   [1m[31merror[39m[22m[1m  Expected linebreaks to be 'LF' but found 'CRLF'  linebreak-style
   29:31  [1m[31merror[39m[22m[1m  Expected linebreaks to be 'LF' but found 'CRLF'  linebreak-style
   30:27  [1m[31merror[39m[22m[1m  Expected linebreaks to be 'LF' but found 'CRLF'  linebreak-style
   31:19  [1m[31merror[39m[22m[1m  Expected linebreaks to be 'LF' but found 'CRLF'  linebreak-style
   32:6   [1m[31merror[39m[22m[1m  Expected linebreaks to be 'LF' but found 'CRLF'  linebreak-style
   33:14  [1m[31merror[39m[22m[1m  Expected linebreaks to be 'LF' but found 'CRLF'  linebreak-style
   34:17  [1m[31merror[39m[22m[1m  Expected linebreaks to be 'LF' but found 'CRLF'  linebreak-style
   35:1   [1m[31merror[39m[22m[1m  Expected linebreaks to be 'LF' but found 'CRLF'  linebreak-style
   36:49  [1m[31merror[39m[22m[1m  Expected linebreaks to be 'LF' but found 'CRLF'  linebreak-style
   37:52  [1m[31merror[39m[22m[1m  Expected linebreaks to be 'LF' but found 'CRLF'  linebreak-style
   38:1   [1m[31merror[39m[22m[1m  Expected linebreaks to be 'LF' but found 'CRLF'  linebreak-style
   39:63  [1m[31merror[39m[22m[1m  Expected linebreaks to be 'LF' but found 'CRLF'  linebreak-style
   40:1   [1m[31merror[39m[22m[1m  Expected linebreaks to be 'LF' but found 'CRLF'  linebreak-style
   41:45  [1m[31merror[39m[22m[1m  Expected linebreaks to be 'LF' but found 'CRLF'  linebreak-style
   42:12  [1m[31merror[39m[22m[1m  Expected linebreaks to be 'LF' but found 'CRLF'  linebreak-style
   43:24  [1m[31merror[39m[22m[1m  Expected linebreaks to be 'LF' but found 'CRLF'  linebreak-style
   44:14  [1m[31merror[39m[22m[1m  Expected linebreaks to be 'LF' but found 'CRLF'  linebreak-style
   45:21  [1m[31merror[39m[22m[1m  Expected linebreaks to be 'LF' but found 'CRLF'  linebreak-style
   46:20  [1m[31merror[39m[22m[1m  Expected linebreaks to be 'LF' but found 'CRLF'  linebreak-style
   47:6   [1m[31merror[39m[22m[1m  Expected linebreaks to be 'LF' but found 'CRLF'  linebreak-style
   48:1   [1m[31merror[39m[22m[1m  Expected linebreaks to be 'LF' but found 'CRLF'  linebreak-style
   49:61  [1m[31merror[39m[22m[1m  Expected linebreaks to be 'LF' but found 'CRLF'  linebreak-style
   50:20  [1m[31merror[39m[22m[1m  Expected linebreaks to be 'LF' but found 'CRLF'  linebreak-style
   51:28  [1m[31merror[39m[22m[1m  Expected linebreaks to be 'LF' but found 'CRLF'  linebreak-style
   52:35  [1m[31merror[39m[22m[1m  Expected linebreaks to be 'LF' but found 'CRLF'  linebreak-style
   53:21  [1m[31merror[39m[22m[1m  Expected linebreaks to be 'LF' but found 'CRLF'  linebreak-style
   54:8   [1m[31merror[39m[22m[1m  Expected linebreaks to be 'LF' but found 'CRLF'  linebreak-style
   55:15  [1m[31merror[39m[22m[1m  Expected linebreaks to be 'LF' but found 'CRLF'  linebreak-style
   56:17  [1m[31merror[39m[22m[1m  Expected linebreaks to be 'LF' but found 'CRLF'  linebreak-style
   57:28  [1m[31merror[39m[22m[1m  Expected linebreaks to be 'LF' but found 'CRLF'  linebreak-style
   58:9   [1m[31merror[39m[22m[1m  Expected linebreaks to be 'LF' but found 'CRLF'  linebreak-style
   59:8   [1m[31merror[39m[22m[1m  Expected linebreaks to be 'LF' but found 'CRLF'  linebreak-style
   60:33  [1m[31merror[39m[22m[1m  Expected linebreaks to be 'LF' but found 'CRLF'  linebreak-style
   61:1   [1m[31merror[39m[22m[1m  Expected linebreaks to be 'LF' but found 'CRLF'  linebreak-style
   62:20  [1m[31merror[39m[22m[1m  Expected linebreaks to be 'LF' but found 'CRLF'  linebreak-style
   63:37  [1m[31merror[39m[22m[1m  Expected linebreaks to be 'LF' but found 'CRLF'  linebreak-style
   64:12  [1m[31merror[39m[22m[1m  Expected linebreaks to be 'LF' but found 'CRLF'  linebreak-style
   65:60  [1m[31merror[39m[22m[1m  Expected linebreaks to be 'LF' but found 'CRLF'  linebreak-style
   66:58  [1m[31merror[39m[22m[1m  Expected linebreaks to be 'LF' but found 'CRLF'  linebreak-style
   67:19  [1m[31merror[39m[22m[1m  Expected linebreaks to be 'LF' but found 'CRLF'  linebreak-style
   68:65  [1m[31merror[39m[22m[1m  Expected linebreaks to be 'LF' but found 'CRLF'  linebreak-style
   69:71  [1m[31merror[39m[22m[1m  Expected linebreaks to be 'LF' but found 'CRLF'  linebreak-style
   70:13  [1m[31merror[39m[22m[1m  Expected linebreaks to be 'LF' but found 'CRLF'  linebreak-style
   71:27  [1m[31merror[39m[22m[1m  Expected linebreaks to be 'LF' but found 'CRLF'  linebreak-style
   72:20  [1m[31merror[39m[22m[1m  Expected linebreaks to be 'LF' but found 'CRLF'  linebreak-style
   73:47  [1m[31merror[39m[22m[1m  Expected linebreaks to be 'LF' but found 'CRLF'  linebreak-style
   74:51  [1m[31merror[39m[22m[1m  Expected linebreaks to be 'LF' but found 'CRLF'  linebreak-style
   75:8   [1m[31merror[39m[22m[1m  Expected linebreaks to be 'LF' but found 'CRLF'  linebreak-style
   76:7   [1m[31merror[39m[22m[1m  Expected linebreaks to be 'LF' but found 'CRLF'  linebreak-style
   77:18  [1m[31merror[39m[22m[1m  Expected linebreaks to be 'LF' but found 'CRLF'  linebreak-style
   78:16  [1m[31merror[39m[22m[1m  Expected linebreaks to be 'LF' but found 'CRLF'  linebreak-style
   79:1   [1m[31merror[39m[22m[1m  Expected linebreaks to be 'LF' but found 'CRLF'  linebreak-style
   80:20  [1m[31merror[39m[22m[1m  Expected linebreaks to be 'LF' but found 'CRLF'  linebreak-style
   81:37  [1m[31merror[39m[22m[1m  Expected linebreaks to be 'LF' but found 'CRLF'  linebreak-style
   82:35  [1m[31merror[39m[22m[1m  Expected linebreaks to be 'LF' but found 'CRLF'  linebreak-style
   83:40  [1m[31merror[39m[22m[1m  Expected linebreaks to be 'LF' but found 'CRLF'  linebreak-style
   84:28  [1m[31merror[39m[22m[1m  Expected linebreaks to be 'LF' but found 'CRLF'  linebreak-style
   85:16  [1m[31merror[39m[22m[1m  Expected linebreaks to be 'LF' but found 'CRLF'  linebreak-style
   86:8   [1m[31merror[39m[22m[1m  Expected linebreaks to be 'LF' but found 'CRLF'  linebreak-style
   87:1   [1m[31merror[39m[22m[1m  Expected linebreaks to be 'LF' but found 'CRLF'  linebreak-style
   88:24  [1m[31merror[39m[22m[1m  Expected linebreaks to be 'LF' but found 'CRLF'  linebreak-style
   89:26  [1m[31merror[39m[22m[1m  Expected linebreaks to be 'LF' but found 'CRLF'  linebreak-style
   90:1   [1m[31merror[39m[22m[1m  Expected linebreaks to be 'LF' but found 'CRLF'  linebreak-style
   91:12  [1m[31merror[39m[22m[1m  Expected linebreaks to be 'LF' but found 'CRLF'  linebreak-style
   92:41  [1m[31merror[39m[22m[1m  Expected linebreaks to be 'LF' but found 'CRLF'  linebreak-style
   93:71  [1m[31merror[39m[22m[1m  Expected linebreaks to be 'LF' but found 'CRLF'  linebreak-style
   94:32  [1m[31merror[39m[22m[1m  Expected linebreaks to be 'LF' but found 'CRLF'  linebreak-style
   95:31  [1m[31merror[39m[22m[1m  Expected linebreaks to be 'LF' but found 'CRLF'  linebreak-style
   96:1   [1m[31merror[39m[22m[1m  Expected linebreaks to be 'LF' but found 'CRLF'  linebreak-style
   97:22  [1m[31merror[39m[22m[1m  Expected linebreaks to be 'LF' but found 'CRLF'  linebreak-style
   98:29  [1m[31merror[39m[22m[1m  Expected linebreaks to be 'LF' but found 'CRLF'  linebreak-style
   99:44  [1m[31merror[39m[22m[1m  Expected linebreaks to be 'LF' but found 'CRLF'  linebreak-style
  100:31  [1m[31merror[39m[22m[1m  Expected linebreaks to be 'LF' but found 'CRLF'  linebreak-style
  101:45  [1m[31merror[39m[22m[1m  Expected linebreaks to be 'LF' but found 'CRLF'  linebreak-style
  102:43  [1m[31merror[39m[22m[1m  Expected linebreaks to be 'LF' but found 'CRLF'  linebreak-style
  103:12  [1m[31merror[39m[22m[1m  Expected linebreaks to be 'LF' but found 'CRLF'  linebreak-style
  104:20  [1m[31merror[39m[22m[1m  Expected linebreaks to be 'LF' but found 'CRLF'  linebreak-style
  105:33  [1m[31merror[39m[22m[1m  Expected linebreaks to be 'LF' but found 'CRLF'  linebreak-style
  106:18  [1m[31merror[39m[22m[1m  Expected linebreaks to be 'LF' but found 'CRLF'  linebreak-style
  107:27  [1m[31merror[39m[22m[1m  Expected linebreaks to be 'LF' but found 'CRLF'  linebreak-style
  108:8   [1m[31merror[39m[22m[1m  Expected linebreaks to be 'LF' but found 'CRLF'  linebreak-style
  109:7   [1m[31merror[39m[22m[1m  Expected linebreaks to be 'LF' but found 'CRLF'  linebreak-style
  110:1   [1m[31merror[39m[22m[1m  Expected linebreaks to be 'LF' but found 'CRLF'  linebreak-style
  111:18  [1m[31merror[39m[22m[1m  Expected linebreaks to be 'LF' but found 'CRLF'  linebreak-style
  112:41  [1m[31merror[39m[22m[1m  Expected linebreaks to be 'LF' but found 'CRLF'  linebreak-style
  113:1   [1m[31merror[39m[22m[1m  Expected linebreaks to be 'LF' but found 'CRLF'  linebreak-style
  114:36  [1m[31merror[39m[22m[1m  Expected linebreaks to be 'LF' but found 'CRLF'  linebreak-style
  115:29  [1m[31merror[39m[22m[1m  Expected linebreaks to be 'LF' but found 'CRLF'  linebreak-style
  116:5   [1m[31merror[39m[22m[1m  Expected linebreaks to be 'LF' but found 'CRLF'  linebreak-style
  117:1   [1m[31merror[39m[22m[1m  Expected linebreaks to be 'LF' but found 'CRLF'  linebreak-style
  118:32  [1m[31merror[39m[22m[1m  Expected linebreaks to be 'LF' but found 'CRLF'  linebreak-style
  119:38  [1m[31merror[39m[22m[1m  Expected linebreaks to be 'LF' but found 'CRLF'  linebreak-style
  120:29  [1m[31merror[39m[22m[1m  Expected linebreaks to be 'LF' but found 'CRLF'  linebreak-style
  121:15  [1m[31merror[39m[22m[1m  Expected linebreaks to be 'LF' but found 'CRLF'  linebreak-style
  122:21  [1m[31merror[39m[22m[1m  Expected linebreaks to be 'LF' but found 'CRLF'  linebreak-style
  123:9   [1m[31merror[39m[22m[1m  Expected linebreaks to be 'LF' but found 'CRLF'  linebreak-style
  124:5   [1m[31merror[39m[22m[1m  Expected linebreaks to be 'LF' but found 'CRLF'  linebreak-style
  125:42  [1m[31merror[39m[22m[1m  Expected linebreaks to be 'LF' but found 'CRLF'  linebreak-style
  126:52  [1m[31merror[39m[22m[1m  Expected linebreaks to be 'LF' but found 'CRLF'  linebreak-style
  127:29  [1m[31merror[39m[22m[1m  Expected linebreaks to be 'LF' but found 'CRLF'  linebreak-style
  128:15  [1m[31merror[39m[22m[1m  Expected linebreaks to be 'LF' but found 'CRLF'  linebreak-style
  129:27  [1m[31merror[39m[22m[1m  Expected linebreaks to be 'LF' but found 'CRLF'  linebreak-style
  130:9   [1m[31merror[39m[22m[1m  Expected linebreaks to be 'LF' but found 'CRLF'  linebreak-style
  131:5   [1m[31merror[39m[22m[1m  Expected linebreaks to be 'LF' but found 'CRLF'  linebreak-style
  132:32  [1m[31merror[39m[22m[1m  Expected linebreaks to be 'LF' but found 'CRLF'  linebreak-style
  133:24  [1m[31merror[39m[22m[1m  Expected linebreaks to be 'LF' but found 'CRLF'  linebreak-style
  134:1   [1m[31merror[39m[22m[1m  Expected linebreaks to be 'LF' but found 'CRLF'  linebreak-style
  135:71  [1m[31merror[39m[22m[1m  Expected linebreaks to be 'LF' but found 'CRLF'  linebreak-style
  136:31  [1m[31merror[39m[22m[1m  Expected linebreaks to be 'LF' but found 'CRLF'  linebreak-style
  137:14  [1m[31merror[39m[22m[1m  Expected linebreaks to be 'LF' but found 'CRLF'  linebreak-style
  138:6   [1m[31merror[39m[22m[1m  Expected linebreaks to be 'LF' but found 'CRLF'  linebreak-style
  139:1   [1m[31merror[39m[22m[1m  Expected linebreaks to be 'LF' but found 'CRLF'  linebreak-style
  140:41  [1m[31merror[39m[22m[1m  Expected linebreaks to be 'LF' but found 'CRLF'  linebreak-style
  141:53  [1m[31merror[39m[22m[1m  Expected linebreaks to be 'LF' but found 'CRLF'  linebreak-style
  142:1   [1m[31merror[39m[22m[1m  Expected linebreaks to be 'LF' but found 'CRLF'  linebreak-style
  143:30  [1m[31merror[39m[22m[1m  Expected linebreaks to be 'LF' but found 'CRLF'  linebreak-style
  144:19  [1m[31merror[39m[22m[1m  Expected linebreaks to be 'LF' but found 'CRLF'  linebreak-style
  145:63  [1m[31merror[39m[22m[1m  Expected linebreaks to be 'LF' but found 'CRLF'  linebreak-style
  146:7   [1m[31merror[39m[22m[1m  Expected linebreaks to be 'LF' but found 'CRLF'  linebreak-style
  147:1   [1m[31merror[39m[22m[1m  Expected linebreaks to be 'LF' but found 'CRLF'  linebreak-style
  148:12  [1m[31merror[39m[22m[1m  Expected linebreaks to be 'LF' but found 'CRLF'  linebreak-style
  149:14  [1m[31merror[39m[22m[1m  Expected linebreaks to be 'LF' but found 'CRLF'  linebreak-style
  150:21  [1m[31merror[39m[22m[1m  Expected linebreaks to be 'LF' but found 'CRLF'  linebreak-style
  151:29  [1m[31merror[39m[22m[1m  Expected linebreaks to be 'LF' but found 'CRLF'  linebreak-style
  152:7   [1m[31merror[39m[22m[1m  Expected linebreaks to be 'LF' but found 'CRLF'  linebreak-style
  153:28  [1m[31merror[39m[22m[1m  Expected linebreaks to be 'LF' but found 'CRLF'  linebreak-style
  154:47  [1m[31merror[39m[22m[1m  Expected linebreaks to be 'LF' but found 'CRLF'  linebreak-style
  155:58  [1m[31merror[39m[22m[1m  Expected linebreaks to be 'LF' but found 'CRLF'  linebreak-style
  156:18  [1m[31merror[39m[22m[1m  Expected linebreaks to be 'LF' but found 'CRLF'  linebreak-style
  157:10  [1m[31merror[39m[22m[1m  Expected linebreaks to be 'LF' but found 'CRLF'  linebreak-style
  158:1   [1m[31merror[39m[22m[1m  Expected linebreaks to be 'LF' but found 'CRLF'  linebreak-style
  159:48  [1m[31merror[39m[22m[1m  Expected linebreaks to be 'LF' but found 'CRLF'  linebreak-style
  160:44  [1m[31merror[39m[22m[1m  Expected linebreaks to be 'LF' but found 'CRLF'  linebreak-style
  161:60  [1m[31merror[39m[22m[1m  Expected linebreaks to be 'LF' but found 'CRLF'  linebreak-style
  162:19  [1m[31merror[39m[22m[1m  Expected linebreaks to be 'LF' but found 'CRLF'  linebreak-style
  163:33  [1m[31merror[39m[22m[1m  Expected linebreaks to be 'LF' but found 'CRLF'  linebreak-style
  164:12  [1m[31merror[39m[22m[1m  Expected linebreaks to be 'LF' but found 'CRLF'  linebreak-style
  165:18  [1m[31merror[39m[22m[1m  Expected linebreaks to be 'LF' but found 'CRLF'  linebreak-style
  166:10  [1m[31merror[39m[22m[1m  Expected linebreaks to be 'LF' but found 'CRLF'  linebreak-style
  167:1   [1m[31merror[39m[22m[1m  Expected linebreaks to be 'LF' but found 'CRLF'  linebreak-style
  168:29  [1m[31merror[39m[22m[1m  Expected linebreaks to be 'LF' but found 'CRLF'  linebreak-style
  169:9   [1m[31merror[39m[22m[1m  Expected linebreaks to be 'LF' but found 'CRLF'  linebreak-style
  170:26  [1m[31merror[39m[22m[1m  Expected linebreaks to be 'LF' but found 'CRLF'  linebreak-style
  171:47  [1m[31merror[39m[22m[1m  Expected linebreaks to be 'LF' but found 'CRLF'  linebreak-style
  172:56  [1m[31merror[39m[22m[1m  Expected linebreaks to be 'LF' but found 'CRLF'  linebreak-style
  173:29  [1m[31merror[39m[22m[1m  Expected linebreaks to be 'LF' but found 'CRLF'  linebreak-style
  174:10  [1m[31merror[39m[22m[1m  Expected linebreaks to be 'LF' but found 'CRLF'  linebreak-style
  175:5   [1m[31merror[39m[22m[1m  Expected linebreaks to be 'LF' but found 'CRLF'  linebreak-style
  176:1   [1m[31merror[39m[22m[1m  Expected linebreaks to be 'LF' but found 'CRLF'  linebreak-style
  177:17  [1m[31merror[39m[22m[1m  Expected linebreaks to be 'LF' but found 'CRLF'  linebreak-style
  178:40  [1m[31merror[39m[22m[1m  Expected linebreaks to be 'LF' but found 'CRLF'  linebreak-style
  179:4   [1m[31merror[39m[22m[1m  Expected linebreaks to be 'LF' but found 'CRLF'  linebreak-style
  180:1   [1m[31merror[39m[22m[1m  Expected linebreaks to be 'LF' but found 'CRLF'  linebreak-style
  181:19  [1m[31merror[39m[22m[1m  Expected linebreaks to be 'LF' but found 'CRLF'  linebreak-style
  182:13  [1m[31merror[39m[22m[1m  Expected linebreaks to be 'LF' but found 'CRLF'  linebreak-style
  183:10  [1m[31merror[39m[22m[1m  Expected linebreaks to be 'LF' but found 'CRLF'  linebreak-style
  184:24  [1m[31merror[39m[22m[1m  Expected linebreaks to be 'LF' but found 'CRLF'  linebreak-style
  185:14  [1m[31merror[39m[22m[1m  Expected linebreaks to be 'LF' but found 'CRLF'  linebreak-style
  186:20  [1m[31merror[39m[22m[1m  Expected linebreaks to be 'LF' but found 'CRLF'  linebreak-style
  187:11  [1m[31merror[39m[22m[1m  Expected linebreaks to be 'LF' but found 'CRLF'  linebreak-style
  188:7   [1m[31merror[39m[22m[1m  Expected linebreaks to be 'LF' but found 'CRLF'  linebreak-style
  189:4   [1m[31merror[39m[22m[1m  Expected linebreaks to be 'LF' but found 'CRLF'  linebreak-style
  190:35  [1m[31merror[39m[22m[1m  Expected linebreaks to be 'LF' but found 'CRLF'  linebreak-style
  191:71  [1m[31merror[39m[22m[1m  Expected linebreaks to be 'LF' but found 'CRLF'  linebreak-style
  192:78  [1m[31merror[39m[22m[1m  Expected linebreaks to be 'LF' but found 'CRLF'  linebreak-style
  193:5   [1m[31merror[39m[22m[1m  Expected linebreaks to be 'LF' but found 'CRLF'  linebreak-style
  194:11  [1m[31merror[39m[22m[1m  Expected linebreaks to be 'LF' but found 'CRLF'  linebreak-style
  195:7   [1m[31merror[39m[22m[1m  Expected linebreaks to be 'LF' but found 'CRLF'  linebreak-style
  196:11  [1m[31merror[39m[22m[1m  Expected linebreaks to be 'LF' but found 'CRLF'  linebreak-style
  197:51  [1m[31merror[39m[22m[1m  Expected linebreaks to be 'LF' but found 'CRLF'  linebreak-style
  198:16  [1m[31merror[39m[22m[1m  Expected linebreaks to be 'LF' but found 'CRLF'  linebreak-style
  199:12  [1m[31merror[39m[22m[1m  Expected linebreaks to be 'LF' but found 'CRLF'  linebreak-style
  200:1   [1m[31merror[39m[22m[1m  Expected linebreaks to be 'LF' but found 'CRLF'  linebreak-style
  201:26  [1m[31merror[39m[22m[1m  Expected linebreaks to be 'LF' but found 'CRLF'  linebreak-style
  202:74  [1m[31merror[39m[22m[1m  Expected linebreaks to be 'LF' but found 'CRLF'  linebreak-style
  203:16  [1m[31merror[39m[22m[1m  Expected linebreaks to be 'LF' but found 'CRLF'  linebreak-style
  204:1   [1m[31merror[39m[22m[1m  Expected linebreaks to be 'LF' but found 'CRLF'  linebreak-style
  205:37  [1m[31merror[39m[22m[1m  Expected linebreaks to be 'LF' but found 'CRLF'  linebreak-style
  206:33  [1m[31merror[39m[22m[1m  Expected linebreaks to be 'LF' but found 'CRLF'  linebreak-style
  207:28  [1m[31merror[39m[22m[1m  Expected linebreaks to be 'LF' but found 'CRLF'  linebreak-style
  208:17  [1m[31merror[39m[22m[1m  Expected linebreaks to be 'LF' but found 'CRLF'  linebreak-style
  209:22  [1m[31merror[39m[22m[1m  Expected linebreaks to be 'LF' but found 'CRLF'  linebreak-style
  210:32  [1m[31merror[39m[22m[1m  Expected linebreaks to be 'LF' but found 'CRLF'  linebreak-style
  211:36  [1m[31merror[39m[22m[1m  Expected linebreaks to be 'LF' but found 'CRLF'  linebreak-style
  212:21  [1m[31merror[39m[22m[1m  Expected linebreaks to be 'LF' but found 'CRLF'  linebreak-style
  213:13  [1m[31merror[39m[22m[1m  Expected linebreaks to be 'LF' but found 'CRLF'  linebreak-style
  214:15  [1m[31merror[39m[22m[1m  Expected linebreaks to be 'LF' but found 'CRLF'  linebreak-style
  215:1   [1m[31merror[39m[22m[1m  Expected linebreaks to be 'LF' but found 'CRLF'  linebreak-style
  216:14  [1m[31merror[39m[22m[1m  Expected linebreaks to be 'LF' but found 'CRLF'  linebreak-style
  217:31  [1m[31merror[39m[22m[1m  Expected linebreaks to be 'LF' but found 'CRLF'  linebreak-style
  218:18  [1m[31merror[39m[22m[1m  Expected linebreaks to be 'LF' but found 'CRLF'  linebreak-style
  219:27  [1m[31merror[39m[22m[1m  Expected linebreaks to be 'LF' but found 'CRLF'  linebreak-style
  220:50  [1m[31merror[39m[22m[1m  Expected linebreaks to be 'LF' but found 'CRLF'  linebreak-style
  221:46  [1m[31merror[39m[22m[1m  Expected linebreaks to be 'LF' but found 'CRLF'  linebreak-style
  222:21  [1m[31merror[39m[22m[1m  Expected linebreaks to be 'LF' but found 'CRLF'  linebreak-style
  223:12  [1m[31merror[39m[22m[1m  Expected linebreaks to be 'LF' but found 'CRLF'  linebreak-style
  224:76  [1m[31merror[39m[22m[1m  Expected linebreaks to be 'LF' but found 'CRLF'  linebreak-style
  225:40  [1m[31merror[39m[22m[1m  Expected linebreaks to be 'LF' but found 'CRLF'  linebreak-style
  226:30  [1m[31merror[39m[22m[1m  Expected linebreaks to be 'LF' but found 'CRLF'  linebreak-style
  227:22  [1m[31merror[39m[22m[1m  Expected linebreaks to be 'LF' but found 'CRLF'  linebreak-style
  228:32  [1m[31merror[39m[22m[1m  Expected linebreaks to be 'LF' but found 'CRLF'  linebreak-style
  229:55  [1m[31merror[39m[22m[1m  Expected linebreaks to be 'LF' but found 'CRLF'  linebreak-style
  230:37  [1m[31merror[39m[22m[1m  Expected linebreaks to be 'LF' but found 'CRLF'  linebreak-style
  231:24  [1m[31merror[39m[22m[1m  Expected linebreaks to be 'LF' but found 'CRLF'  linebreak-style
  232:16  [1m[31merror[39m[22m[1m  Expected linebreaks to be 'LF' but found 'CRLF'  linebreak-style
  233:20  [1m[31merror[39m[22m[1m  Expected linebreaks to be 'LF' but found 'CRLF'  linebreak-style
  234:15  [1m[31merror[39m[22m[1m  Expected linebreaks to be 'LF' but found 'CRLF'  linebreak-style
  235:1   [1m[31merror[39m[22m[1m  Expected linebreaks to be 'LF' but found 'CRLF'  linebreak-style
  236:14  [1m[31merror[39m[22m[1m  Expected linebreaks to be 'LF' but found 'CRLF'  linebreak-style
  237:31  [1m[31merror[39m[22m[1m  Expected linebreaks to be 'LF' but found 'CRLF'  linebreak-style
  238:17  [1m[31merror[39m[22m[1m  Expected linebreaks to be 'LF' but found 'CRLF'  linebreak-style
  239:24  [1m[31merror[39m[22m[1m  Expected linebreaks to be 'LF' but found 'CRLF'  linebreak-style
  240:34  [1m[31merror[39m[22m[1m  Expected linebreaks to be 'LF' but found 'CRLF'  linebreak-style
  241:36  [1m[31merror[39m[22m[1m  Expected linebreaks to be 'LF' but found 'CRLF'  linebreak-style
  242:21  [1m[31merror[39m[22m[1m  Expected linebreaks to be 'LF' but found 'CRLF'  linebreak-style
  243:13  [1m[31merror[39m[22m[1m  Expected linebreaks to be 'LF' but found 'CRLF'  linebreak-style
  244:15  [1m[31merror[39m[22m[1m  Expected linebreaks to be 'LF' but found 'CRLF'  linebreak-style
  245:1   [1m[31merror[39m[22m[1m  Expected linebreaks to be 'LF' but found 'CRLF'  linebreak-style
  246:14  [1m[31merror[39m[22m[1m  Expected linebreaks to be 'LF' but found 'CRLF'  linebreak-style
  247:37  [1m[31merror[39m[22m[1m  Expected linebreaks to be 'LF' but found 'CRLF'  linebreak-style
  248:17  [1m[31merror[39m[22m[1m  Expected linebreaks to be 'LF' but found 'CRLF'  linebreak-style
  249:30  [1m[31merror[39m[22m[1m  Expected linebreaks to be 'LF' but found 'CRLF'  linebreak-style
  250:34  [1m[31merror[39m[22m[1m  Expected linebreaks to be 'LF' but found 'CRLF'  linebreak-style
  251:40  [1m[31merror[39m[22m[1m  Expected linebreaks to be 'LF' but found 'CRLF'  linebreak-style
  252:36  [1m[31merror[39m[22m[1m  Expected linebreaks to be 'LF' but found 'CRLF'  linebreak-style
  253:21  [1m[31merror[39m[22m[1m  Expected linebreaks to be 'LF' but found 'CRLF'  linebreak-style
  254:13  [1m[31merror[39m[22m[1m  Expected linebreaks to be 'LF' but found 'CRLF'  linebreak-style
  255:15  [1m[31merror[39m[22m[1m  Expected linebreaks to be 'LF' but found 'CRLF'  linebreak-style
  256:1   [1m[31merror[39m[22m[1m  Expected linebreaks to be 'LF' but found 'CRLF'  linebreak-style
  257:14  [1m[31merror[39m[22m[1m  Expected linebreaks to be 'LF' but found 'CRLF'  linebreak-style
  258:31  [1m[31merror[39m[22m[1m  Expected linebreaks to be 'LF' but found 'CRLF'  linebreak-style
  259:20  [1m[31merror[39m[22m[1m  Expected linebreaks to be 'LF' but found 'CRLF'  linebreak-style
  260:31  [1m[31merror[39m[22m[1m  Expected linebreaks to be 'LF' but found 'CRLF'  linebreak-style
  261:41  [1m[31merror[39m[22m[1m  Expected linebreaks to be 'LF' but found 'CRLF'  linebreak-style
  262:36  [1m[31merror[39m[22m[1m  Expected linebreaks to be 'LF' but found 'CRLF'  linebreak-style
  263:13  [1m[31merror[39m[22m[1m  Expected linebreaks to be 'LF' but found 'CRLF'  linebreak-style
  264:15  [1m[31merror[39m[22m[1m  Expected linebreaks to be 'LF' but found 'CRLF'  linebreak-style
  265:1   [1m[31merror[39m[22m[1m  Expected linebreaks to be 'LF' but found 'CRLF'  linebreak-style
  266:46  [1m[31merror[39m[22m[1m  Expected linebreaks to be 'LF' but found 'CRLF'  linebreak-style
  267:14  [1m[31merror[39m[22m[1m  Expected linebreaks to be 'LF' but found 'CRLF'  linebreak-style
  268:8   [1m[31merror[39m[22m[1m  Expected linebreaks to be 'LF' but found 'CRLF'  linebreak-style
  269:5   [1m[31merror[39m[22m[1m  Expected linebreaks to be 'LF' but found 'CRLF'  linebreak-style
  270:3   [1m[31merror[39m[22m[1m  Expected linebreaks to be 'LF' but found 'CRLF'  linebreak-style
  271:1   [1m[31merror[39m[22m[1m  Expected linebreaks to be 'LF' but found 'CRLF'  linebreak-style
  272:30  [1m[31merror[39m[22m[1m  Expected linebreaks to be 'LF' but found 'CRLF'  linebreak-style

C:\Users\blaha5\Downloads\da\reactkys\crmWAcv\src\components\editGiftForm.jsx
    1:59   [1m[31merror[39m[22m[1m  Expected linebreaks to be 'LF' but found 'CRLF'  linebreak-style
    2:27   [1m[31merror[39m[22m[1m  Expected linebreaks to be 'LF' but found 'CRLF'  linebreak-style
    3:36   [1m[31merror[39m[22m[1m  Expected linebreaks to be 'LF' but found 'CRLF'  linebreak-style
    4:52   [1m[31merror[39m[22m[1m  Expected linebreaks to be 'LF' but found 'CRLF'  linebreak-style
    5:43   [1m[31merror[39m[22m[1m  Expected linebreaks to be 'LF' but found 'CRLF'  linebreak-style
    6:40   [1m[31merror[39m[22m[1m  Expected linebreaks to be 'LF' but found 'CRLF'  linebreak-style
    7:1    [1m[31merror[39m[22m[1m  Expected linebreaks to be 'LF' but found 'CRLF'  linebreak-style
    8:54   [1m[31merror[39m[22m[1m  Expected linebreaks to be 'LF' but found 'CRLF'  linebreak-style
    9:21   [1m[31merror[39m[22m[1m  Expected linebreaks to be 'LF' but found 'CRLF'  linebreak-style
   10:31   [1m[31merror[39m[22m[1m  Expected linebreaks to be 'LF' but found 'CRLF'  linebreak-style
   11:45   [1m[31merror[39m[22m[1m  Expected linebreaks to be 'LF' but found 'CRLF'  linebreak-style
   12:17   [1m[31merror[39m[22m[1m  Expected linebreaks to be 'LF' but found 'CRLF'  linebreak-style
   13:27   [1m[31merror[39m[22m[1m  Expected linebreaks to be 'LF' but found 'CRLF'  linebreak-style
   14:21   [1m[31merror[39m[22m[1m  Expected linebreaks to be 'LF' but found 'CRLF'  linebreak-style
   15:23   [1m[31merror[39m[22m[1m  Expected linebreaks to be 'LF' but found 'CRLF'  linebreak-style
   16:23   [1m[31merror[39m[22m[1m  Expected linebreaks to be 'LF' but found 'CRLF'  linebreak-style
   17:6    [1m[31merror[39m[22m[1m  Expected linebreaks to be 'LF' but found 'CRLF'  linebreak-style
   18:63   [1m[31merror[39m[22m[1m  Expected linebreaks to be 'LF' but found 'CRLF'  linebreak-style
   19:36   [1m[31merror[39m[22m[1m  Expected linebreaks to be 'LF' but found 'CRLF'  linebreak-style
   20:29   [1m[31merror[39m[22m[1m  Expected linebreaks to be 'LF' but found 'CRLF'  linebreak-style
   21:5    [1m[31merror[39m[22m[1m  Expected linebreaks to be 'LF' but found 'CRLF'  linebreak-style
   22:1    [1m[31merror[39m[22m[1m  Expected linebreaks to be 'LF' but found 'CRLF'  linebreak-style
   23:32   [1m[31merror[39m[22m[1m  Expected linebreaks to be 'LF' but found 'CRLF'  linebreak-style
   24:38   [1m[31merror[39m[22m[1m  Expected linebreaks to be 'LF' but found 'CRLF'  linebreak-style
   25:18   [1m[31merror[39m[22m[1m  Expected linebreaks to be 'LF' but found 'CRLF'  linebreak-style
   26:19   [1m[31merror[39m[22m[1m  Expected linebreaks to be 'LF' but found 'CRLF'  linebreak-style
   27:21   [1m[31merror[39m[22m[1m  Expected linebreaks to be 'LF' but found 'CRLF'  linebreak-style
   28:8    [1m[31merror[39m[22m[1m  Expected linebreaks to be 'LF' but found 'CRLF'  linebreak-style
   29:5    [1m[31merror[39m[22m[1m  Expected linebreaks to be 'LF' but found 'CRLF'  linebreak-style
   30:1    [1m[31merror[39m[22m[1m  Expected linebreaks to be 'LF' but found 'CRLF'  linebreak-style
   31:32   [1m[31merror[39m[22m[1m  Expected linebreaks to be 'LF' but found 'CRLF'  linebreak-style
   32:24   [1m[31merror[39m[22m[1m  Expected linebreaks to be 'LF' but found 'CRLF'  linebreak-style
   33:35   [1m[31merror[39m[22m[1m  Expected linebreaks to be 'LF' but found 'CRLF'  linebreak-style
   34:53   [1m[31merror[39m[22m[1m  Expected linebreaks to be 'LF' but found 'CRLF'  linebreak-style
   35:27   [1m[31merror[39m[22m[1m  Expected linebreaks to be 'LF' but found 'CRLF'  linebreak-style
   36:12   [1m[31merror[39m[22m[1m  Expected linebreaks to be 'LF' but found 'CRLF'  linebreak-style
   37:14   [1m[31merror[39m[22m[1m  Expected linebreaks to be 'LF' but found 'CRLF'  linebreak-style
   38:11   [1m[31merror[39m[22m[1m  Expected linebreaks to be 'LF' but found 'CRLF'  linebreak-style
   39:22   [1m[31merror[39m[22m[1m  Expected linebreaks to be 'LF' but found 'CRLF'  linebreak-style
   40:7    [1m[31merror[39m[22m[1m  Expected linebreaks to be 'LF' but found 'CRLF'  linebreak-style
   41:28   [1m[31merror[39m[22m[1m  Expected linebreaks to be 'LF' but found 'CRLF'  linebreak-style
   42:36   [1m[31merror[39m[22m[1m  Expected linebreaks to be 'LF' but found 'CRLF'  linebreak-style
   43:46   [1m[31merror[39m[22m[1m  Expected linebreaks to be 'LF' but found 'CRLF'  linebreak-style
   44:28   [1m[31merror[39m[22m[1m  Expected linebreaks to be 'LF' but found 'CRLF'  linebreak-style
   45:54   [1m[31merror[39m[22m[1m  Expected linebreaks to be 'LF' but found 'CRLF'  linebreak-style
   46:44   [1m[31merror[39m[22m[1m  Expected linebreaks to be 'LF' but found 'CRLF'  linebreak-style
   47:30   [1m[31merror[39m[22m[1m  Expected linebreaks to be 'LF' but found 'CRLF'  linebreak-style
   48:19   [1m[31merror[39m[22m[1m  Expected linebreaks to be 'LF' but found 'CRLF'  linebreak-style
   49:34   [1m[31merror[39m[22m[1m  Expected linebreaks to be 'LF' but found 'CRLF'  linebreak-style
   50:33   [1m[31merror[39m[22m[1m  Expected linebreaks to be 'LF' but found 'CRLF'  linebreak-style
   51:12   [1m[31merror[39m[22m[1m  Expected linebreaks to be 'LF' but found 'CRLF'  linebreak-style
   52:17   [1m[31merror[39m[22m[1m  Expected linebreaks to be 'LF' but found 'CRLF'  linebreak-style
   53:32   [1m[31merror[39m[22m[1m  Expected linebreaks to be 'LF' but found 'CRLF'  linebreak-style
   54:31   [1m[31merror[39m[22m[1m  Expected linebreaks to be 'LF' but found 'CRLF'  linebreak-style
   55:10   [1m[31merror[39m[22m[1m  Expected linebreaks to be 'LF' but found 'CRLF'  linebreak-style
   56:9    [1m[31merror[39m[22m[1m  Expected linebreaks to be 'LF' but found 'CRLF'  linebreak-style
   57:26   [1m[31merror[39m[22m[1m  Expected linebreaks to be 'LF' but found 'CRLF'  linebreak-style
   58:56   [1m[31merror[39m[22m[1m  Expected linebreaks to be 'LF' but found 'CRLF'  linebreak-style
   59:29   [1m[31merror[39m[22m[1m  Expected linebreaks to be 'LF' but found 'CRLF'  linebreak-style
   60:10   [1m[31merror[39m[22m[1m  Expected linebreaks to be 'LF' but found 'CRLF'  linebreak-style
   61:5    [1m[31merror[39m[22m[1m  Expected linebreaks to be 'LF' but found 'CRLF'  linebreak-style
   62:37   [1m[31merror[39m[22m[1m  Expected linebreaks to be 'LF' but found 'CRLF'  linebreak-style
   63:34   [1m[31merror[39m[22m[1m  Expected linebreaks to be 'LF' but found 'CRLF'  linebreak-style
   64:21   [1m[31merror[39m[22m[1m  Expected linebreaks to be 'LF' but found 'CRLF'  linebreak-style
   65:6    [1m[31merror[39m[22m[1m  Expected linebreaks to be 'LF' but found 'CRLF'  linebreak-style
   66:5    [1m[31merror[39m[22m[1m  Expected linebreaks to be 'LF' but found 'CRLF'  linebreak-style
   67:20   [1m[31merror[39m[22m[1m  Expected linebreaks to be 'LF' but found 'CRLF'  linebreak-style
   68:55   [1m[31merror[39m[22m[1m  Expected linebreaks to be 'LF' but found 'CRLF'  linebreak-style
   69:19   [1m[31merror[39m[22m[1m  Expected linebreaks to be 'LF' but found 'CRLF'  linebreak-style
   70:60   [1m[31merror[39m[22m[1m  Expected linebreaks to be 'LF' but found 'CRLF'  linebreak-style
   71:7    [1m[31merror[39m[22m[1m  Expected linebreaks to be 'LF' but found 'CRLF'  linebreak-style
   72:10   [1m[31merror[39m[22m[1m  Expected linebreaks to be 'LF' but found 'CRLF'  linebreak-style
   73:11   [1m[31merror[39m[22m[1m  Expected linebreaks to be 'LF' but found 'CRLF'  linebreak-style
   74:35   [1m[31merror[39m[22m[1m  Expected linebreaks to be 'LF' but found 'CRLF'  linebreak-style
   75:11   [1m[31merror[39m[22m[1m  Expected linebreaks to be 'LF' but found 'CRLF'  linebreak-style
   76:47   [1m[31merror[39m[22m[1m  Expected linebreaks to be 'LF' but found 'CRLF'  linebreak-style
   77:12   [1m[31merror[39m[22m[1m  Expected linebreaks to be 'LF' but found 'CRLF'  linebreak-style
   78:12   [1m[31merror[39m[22m[1m  Expected linebreaks to be 'LF' but found 'CRLF'  linebreak-style
   79:82   [1m[31merror[39m[22m[1m  Expected linebreaks to be 'LF' but found 'CRLF'  linebreak-style
   80:98   [1m[31merror[39m[22m[1m  Expected linebreaks to be 'LF' but found 'CRLF'  linebreak-style
   81:31   [1m[31merror[39m[22m[1m  Expected linebreaks to be 'LF' but found 'CRLF'  linebreak-style
   82:39   [1m[31merror[39m[22m[1m  Expected linebreaks to be 'LF' but found 'CRLF'  linebreak-style
   83:79   [1m[31merror[39m[22m[1m  Expected linebreaks to be 'LF' but found 'CRLF'  linebreak-style
   84:13   [1m[31merror[39m[22m[1m  Expected linebreaks to be 'LF' but found 'CRLF'  linebreak-style
   85:31   [1m[31merror[39m[22m[1m  Expected linebreaks to be 'LF' but found 'CRLF'  linebreak-style
   86:49   [1m[31merror[39m[22m[1m  Expected linebreaks to be 'LF' but found 'CRLF'  linebreak-style
   87:92   [1m[31merror[39m[22m[1m  Expected linebreaks to be 'LF' but found 'CRLF'  linebreak-style
   88:13   [1m[31merror[39m[22m[1m  Expected linebreaks to be 'LF' but found 'CRLF'  linebreak-style
   89:12   [1m[31merror[39m[22m[1m  Expected linebreaks to be 'LF' but found 'CRLF'  linebreak-style
   90:44   [1m[31merror[39m[22m[1m  Expected linebreaks to be 'LF' but found 'CRLF'  linebreak-style
   91:107  [1m[31merror[39m[22m[1m  Expected linebreaks to be 'LF' but found 'CRLF'  linebreak-style
   92:13   [1m[31merror[39m[22m[1m  Expected linebreaks to be 'LF' but found 'CRLF'  linebreak-style
   93:12   [1m[31merror[39m[22m[1m  Expected linebreaks to be 'LF' but found 'CRLF'  linebreak-style
   94:47   [1m[31merror[39m[22m[1m  Expected linebreaks to be 'LF' but found 'CRLF'  linebreak-style
   95:103  [1m[31merror[39m[22m[1m  Expected linebreaks to be 'LF' but found 'CRLF'  linebreak-style
   96:13   [1m[31merror[39m[22m[1m  Expected linebreaks to be 'LF' but found 'CRLF'  linebreak-style
   97:12   [1m[31merror[39m[22m[1m  Expected linebreaks to be 'LF' but found 'CRLF'  linebreak-style
   98:47   [1m[31merror[39m[22m[1m  Expected linebreaks to be 'LF' but found 'CRLF'  linebreak-style
   99:92   [1m[31merror[39m[22m[1m  Expected linebreaks to be 'LF' but found 'CRLF'  linebreak-style
  100:13   [1m[31merror[39m[22m[1m  Expected linebreaks to be 'LF' but found 'CRLF'  linebreak-style
  101:42   [1m[31merror[39m[22m[1m  Expected linebreaks to be 'LF' but found 'CRLF'  linebreak-style
  102:12   [1m[31merror[39m[22m[1m  Expected linebreaks to be 'LF' but found 'CRLF'  linebreak-style
  103:5    [1m[31merror[39m[22m[1m  Expected linebreaks to be 'LF' but found 'CRLF'  linebreak-style
  104:3    [1m[31merror[39m[22m[1m  Expected linebreaks to be 'LF' but found 'CRLF'  linebreak-style
  105:1    [1m[31merror[39m[22m[1m  Expected linebreaks to be 'LF' but found 'CRLF'  linebreak-style
  106:29   [1m[31merror[39m[22m[1m  Expected linebreaks to be 'LF' but found 'CRLF'  linebreak-style
  107:1    [1m[31merror[39m[22m[1m  Expected linebreaks to be 'LF' but found 'CRLF'  linebreak-style
  108:27   [1m[31merror[39m[22m[1m  Expected linebreaks to be 'LF' but found 'CRLF'  linebreak-style
  109:26   [1m[31merror[39m[22m[1m  Expected linebreaks to be 'LF' but found 'CRLF'  linebreak-style
  110:37   [1m[31merror[39m[22m[1m  Expected linebreaks to be 'LF' but found 'CRLF'  linebreak-style
  111:42   [1m[31merror[39m[22m[1m  Expected linebreaks to be 'LF' but found 'CRLF'  linebreak-style
  112:39   [1m[31merror[39m[22m[1m  Expected linebreaks to be 'LF' but found 'CRLF'  linebreak-style
  113:40   [1m[31merror[39m[22m[1m  Expected linebreaks to be 'LF' but found 'CRLF'  linebreak-style
  114:40   [1m[31merror[39m[22m[1m  Expected linebreaks to be 'LF' but found 'CRLF'  linebreak-style
  115:17   [1m[31merror[39m[22m[1m  Expected linebreaks to be 'LF' but found 'CRLF'  linebreak-style
  116:37   [1m[31merror[39m[22m[1m  Expected linebreaks to be 'LF' but found 'CRLF'  linebreak-style
  117:38   [1m[31merror[39m[22m[1m  Expected linebreaks to be 'LF' but found 'CRLF'  linebreak-style
  118:3    [1m[31merror[39m[22m[1m  Expected linebreaks to be 'LF' but found 'CRLF'  linebreak-style

C:\Users\blaha5\Downloads\da\reactkys\crmWAcv\src\components\editMeetForm.jsx
    1:59   [1m[31merror[39m[22m[1m  Expected linebreaks to be 'LF' but found 'CRLF'  linebreak-style
    2:27   [1m[31merror[39m[22m[1m  Expected linebreaks to be 'LF' but found 'CRLF'  linebreak-style
    3:36   [1m[31merror[39m[22m[1m  Expected linebreaks to be 'LF' but found 'CRLF'  linebreak-style
    4:52   [1m[31merror[39m[22m[1m  Expected linebreaks to be 'LF' but found 'CRLF'  linebreak-style
    5:43   [1m[31merror[39m[22m[1m  Expected linebreaks to be 'LF' but found 'CRLF'  linebreak-style
    6:40   [1m[31merror[39m[22m[1m  Expected linebreaks to be 'LF' but found 'CRLF'  linebreak-style
    7:1    [1m[31merror[39m[22m[1m  Expected linebreaks to be 'LF' but found 'CRLF'  linebreak-style
    8:24   [1m[31merror[39m[22m[1m  Expected linebreaks to be 'LF' but found 'CRLF'  linebreak-style
    9:35   [1m[31merror[39m[22m[1m  Expected linebreaks to be 'LF' but found 'CRLF'  linebreak-style
   10:8    [1m[31merror[39m[22m[1m  Expected linebreaks to be 'LF' but found 'CRLF'  linebreak-style
   11:31   [1m[31merror[39m[22m[1m  Expected linebreaks to be 'LF' but found 'CRLF'  linebreak-style
   12:45   [1m[31merror[39m[22m[1m  Expected linebreaks to be 'LF' but found 'CRLF'  linebreak-style
   13:22   [1m[31merror[39m[22m[1m  Expected linebreaks to be 'LF' but found 'CRLF'  linebreak-style
   14:33   [1m[31merror[39m[22m[1m  Expected linebreaks to be 'LF' but found 'CRLF'  linebreak-style
   15:37   [1m[31merror[39m[22m[1m  Expected linebreaks to be 'LF' but found 'CRLF'  linebreak-style
   16:29   [1m[31merror[39m[22m[1m  Expected linebreaks to be 'LF' but found 'CRLF'  linebreak-style
   17:6    [1m[31merror[39m[22m[1m  Expected linebreaks to be 'LF' but found 'CRLF'  linebreak-style
   18:63   [1m[31merror[39m[22m[1m  Expected linebreaks to be 'LF' but found 'CRLF'  linebreak-style
   19:36   [1m[31merror[39m[22m[1m  Expected linebreaks to be 'LF' but found 'CRLF'  linebreak-style
   20:29   [1m[31merror[39m[22m[1m  Expected linebreaks to be 'LF' but found 'CRLF'  linebreak-style
   21:5    [1m[31merror[39m[22m[1m  Expected linebreaks to be 'LF' but found 'CRLF'  linebreak-style
   22:1    [1m[31merror[39m[22m[1m  Expected linebreaks to be 'LF' but found 'CRLF'  linebreak-style
   23:32   [1m[31merror[39m[22m[1m  Expected linebreaks to be 'LF' but found 'CRLF'  linebreak-style
   24:38   [1m[31merror[39m[22m[1m  Expected linebreaks to be 'LF' but found 'CRLF'  linebreak-style
   25:18   [1m[31merror[39m[22m[1m  Expected linebreaks to be 'LF' but found 'CRLF'  linebreak-style
   26:19   [1m[31merror[39m[22m[1m  Expected linebreaks to be 'LF' but found 'CRLF'  linebreak-style
   27:21   [1m[31merror[39m[22m[1m  Expected linebreaks to be 'LF' but found 'CRLF'  linebreak-style
   28:8    [1m[31merror[39m[22m[1m  Expected linebreaks to be 'LF' but found 'CRLF'  linebreak-style
   29:5    [1m[31merror[39m[22m[1m  Expected linebreaks to be 'LF' but found 'CRLF'  linebreak-style
   30:1    [1m[31merror[39m[22m[1m  Expected linebreaks to be 'LF' but found 'CRLF'  linebreak-style
   31:32   [1m[31merror[39m[22m[1m  Expected linebreaks to be 'LF' but found 'CRLF'  linebreak-style
   32:24   [1m[31merror[39m[22m[1m  Expected linebreaks to be 'LF' but found 'CRLF'  linebreak-style
   33:36   [1m[31merror[39m[22m[1m  Expected linebreaks to be 'LF' but found 'CRLF'  linebreak-style
   34:53   [1m[31merror[39m[22m[1m  Expected linebreaks to be 'LF' but found 'CRLF'  linebreak-style
   35:27   [1m[31merror[39m[22m[1m  Expected linebreaks to be 'LF' but found 'CRLF'  linebreak-style
   36:12   [1m[31merror[39m[22m[1m  Expected linebreaks to be 'LF' but found 'CRLF'  linebreak-style
   37:14   [1m[31merror[39m[22m[1m  Expected linebreaks to be 'LF' but found 'CRLF'  linebreak-style
   38:11   [1m[31merror[39m[22m[1m  Expected linebreaks to be 'LF' but found 'CRLF'  linebreak-style
   39:22   [1m[31merror[39m[22m[1m  Expected linebreaks to be 'LF' but found 'CRLF'  linebreak-style
   40:7    [1m[31merror[39m[22m[1m  Expected linebreaks to be 'LF' but found 'CRLF'  linebreak-style
   41:28   [1m[31merror[39m[22m[1m  Expected linebreaks to be 'LF' but found 'CRLF'  linebreak-style
   42:36   [1m[31merror[39m[22m[1m  Expected linebreaks to be 'LF' but found 'CRLF'  linebreak-style
   43:46   [1m[31merror[39m[22m[1m  Expected linebreaks to be 'LF' but found 'CRLF'  linebreak-style
   44:28   [1m[31merror[39m[22m[1m  Expected linebreaks to be 'LF' but found 'CRLF'  linebreak-style
   45:15   [1m[31merror[39m[22m[1m  Expected linebreaks to be 'LF' but found 'CRLF'  linebreak-style
   46:49   [1m[31merror[39m[22m[1m  Expected linebreaks to be 'LF' but found 'CRLF'  linebreak-style
   47:46   [1m[31merror[39m[22m[1m  Expected linebreaks to be 'LF' but found 'CRLF'  linebreak-style
   48:32   [1m[31merror[39m[22m[1m  Expected linebreaks to be 'LF' but found 'CRLF'  linebreak-style
   49:21   [1m[31merror[39m[22m[1m  Expected linebreaks to be 'LF' but found 'CRLF'  linebreak-style
   50:35   [1m[31merror[39m[22m[1m  Expected linebreaks to be 'LF' but found 'CRLF'  linebreak-style
   51:14   [1m[31merror[39m[22m[1m  Expected linebreaks to be 'LF' but found 'CRLF'  linebreak-style
   52:19   [1m[31merror[39m[22m[1m  Expected linebreaks to be 'LF' but found 'CRLF'  linebreak-style
   53:33   [1m[31merror[39m[22m[1m  Expected linebreaks to be 'LF' but found 'CRLF'  linebreak-style
   54:12   [1m[31merror[39m[22m[1m  Expected linebreaks to be 'LF' but found 'CRLF'  linebreak-style
   55:9    [1m[31merror[39m[22m[1m  Expected linebreaks to be 'LF' but found 'CRLF'  linebreak-style
   56:26   [1m[31merror[39m[22m[1m  Expected linebreaks to be 'LF' but found 'CRLF'  linebreak-style
   57:56   [1m[31merror[39m[22m[1m  Expected linebreaks to be 'LF' but found 'CRLF'  linebreak-style
   58:32   [1m[31merror[39m[22m[1m  Expected linebreaks to be 'LF' but found 'CRLF'  linebreak-style
   59:10   [1m[31merror[39m[22m[1m  Expected linebreaks to be 'LF' but found 'CRLF'  linebreak-style
   60:5    [1m[31merror[39m[22m[1m  Expected linebreaks to be 'LF' but found 'CRLF'  linebreak-style
   61:37   [1m[31merror[39m[22m[1m  Expected linebreaks to be 'LF' but found 'CRLF'  linebreak-style
   62:34   [1m[31merror[39m[22m[1m  Expected linebreaks to be 'LF' but found 'CRLF'  linebreak-style
   63:21   [1m[31merror[39m[22m[1m  Expected linebreaks to be 'LF' but found 'CRLF'  linebreak-style
   64:6    [1m[31merror[39m[22m[1m  Expected linebreaks to be 'LF' but found 'CRLF'  linebreak-style
   65:5    [1m[31merror[39m[22m[1m  Expected linebreaks to be 'LF' but found 'CRLF'  linebreak-style
   66:20   [1m[31merror[39m[22m[1m  Expected linebreaks to be 'LF' but found 'CRLF'  linebreak-style
   67:55   [1m[31merror[39m[22m[1m  Expected linebreaks to be 'LF' but found 'CRLF'  linebreak-style
   68:19   [1m[31merror[39m[22m[1m  Expected linebreaks to be 'LF' but found 'CRLF'  linebreak-style
   69:60   [1m[31merror[39m[22m[1m  Expected linebreaks to be 'LF' but found 'CRLF'  linebreak-style
   70:7    [1m[31merror[39m[22m[1m  Expected linebreaks to be 'LF' but found 'CRLF'  linebreak-style
   71:10   [1m[31merror[39m[22m[1m  Expected linebreaks to be 'LF' but found 'CRLF'  linebreak-style
   72:1    [1m[31merror[39m[22m[1m  Expected linebreaks to be 'LF' but found 'CRLF'  linebreak-style
   73:11   [1m[31merror[39m[22m[1m  Expected linebreaks to be 'LF' but found 'CRLF'  linebreak-style
   74:35   [1m[31merror[39m[22m[1m  Expected linebreaks to be 'LF' but found 'CRLF'  linebreak-style
   75:11   [1m[31merror[39m[22m[1m  Expected linebreaks to be 'LF' but found 'CRLF'  linebreak-style
   76:47   [1m[31merror[39m[22m[1m  Expected linebreaks to be 'LF' but found 'CRLF'  linebreak-style
   77:16   [1m[31merror[39m[22m[1m  Expected linebreaks to be 'LF' but found 'CRLF'  linebreak-style
   78:27   [1m[31merror[39m[22m[1m  Expected linebreaks to be 'LF' but found 'CRLF'  linebreak-style
   79:12   [1m[31merror[39m[22m[1m  Expected linebreaks to be 'LF' but found 'CRLF'  linebreak-style
   80:82   [1m[31merror[39m[22m[1m  Expected linebreaks to be 'LF' but found 'CRLF'  linebreak-style
   81:98   [1m[31merror[39m[22m[1m  Expected linebreaks to be 'LF' but found 'CRLF'  linebreak-style
   82:31   [1m[31merror[39m[22m[1m  Expected linebreaks to be 'LF' but found 'CRLF'  linebreak-style
   83:39   [1m[31merror[39m[22m[1m  Expected linebreaks to be 'LF' but found 'CRLF'  linebreak-style
   84:79   [1m[31merror[39m[22m[1m  Expected linebreaks to be 'LF' but found 'CRLF'  linebreak-style
   85:13   [1m[31merror[39m[22m[1m  Expected linebreaks to be 'LF' but found 'CRLF'  linebreak-style
   86:31   [1m[31merror[39m[22m[1m  Expected linebreaks to be 'LF' but found 'CRLF'  linebreak-style
   87:47   [1m[31merror[39m[22m[1m  Expected linebreaks to be 'LF' but found 'CRLF'  linebreak-style
   88:94   [1m[31merror[39m[22m[1m  Expected linebreaks to be 'LF' but found 'CRLF'  linebreak-style
   89:13   [1m[31merror[39m[22m[1m  Expected linebreaks to be 'LF' but found 'CRLF'  linebreak-style
   90:12   [1m[31merror[39m[22m[1m  Expected linebreaks to be 'LF' but found 'CRLF'  linebreak-style
   91:55   [1m[31merror[39m[22m[1m  Expected linebreaks to be 'LF' but found 'CRLF'  linebreak-style
   92:148  [1m[31merror[39m[22m[1m  Expected linebreaks to be 'LF' but found 'CRLF'  linebreak-style
   93:13   [1m[31merror[39m[22m[1m  Expected linebreaks to be 'LF' but found 'CRLF'  linebreak-style
   94:12   [1m[31merror[39m[22m[1m  Expected linebreaks to be 'LF' but found 'CRLF'  linebreak-style
   95:47   [1m[31merror[39m[22m[1m  Expected linebreaks to be 'LF' but found 'CRLF'  linebreak-style
   96:117  [1m[31merror[39m[22m[1m  Expected linebreaks to be 'LF' but found 'CRLF'  linebreak-style
   97:13   [1m[31merror[39m[22m[1m  Expected linebreaks to be 'LF' but found 'CRLF'  linebreak-style
   98:44   [1m[31merror[39m[22m[1m  Expected linebreaks to be 'LF' but found 'CRLF'  linebreak-style
   99:12   [1m[31merror[39m[22m[1m  Expected linebreaks to be 'LF' but found 'CRLF'  linebreak-style
  100:5    [1m[31merror[39m[22m[1m  Expected linebreaks to be 'LF' but found 'CRLF'  linebreak-style
  101:3    [1m[31merror[39m[22m[1m  Expected linebreaks to be 'LF' but found 'CRLF'  linebreak-style
  102:1    [1m[31merror[39m[22m[1m  Expected linebreaks to be 'LF' but found 'CRLF'  linebreak-style
  103:29   [1m[31merror[39m[22m[1m  Expected linebreaks to be 'LF' but found 'CRLF'  linebreak-style
  104:1    [1m[31merror[39m[22m[1m  Expected linebreaks to be 'LF' but found 'CRLF'  linebreak-style
  105:27   [1m[31merror[39m[22m[1m  Expected linebreaks to be 'LF' but found 'CRLF'  linebreak-style
  106:26   [1m[31merror[39m[22m[1m  Expected linebreaks to be 'LF' but found 'CRLF'  linebreak-style
  107:37   [1m[31merror[39m[22m[1m  Expected linebreaks to be 'LF' but found 'CRLF'  linebreak-style
  108:42   [1m[31merror[39m[22m[1m  Expected linebreaks to be 'LF' but found 'CRLF'  linebreak-style
  109:44   [1m[31merror[39m[22m[1m  Expected linebreaks to be 'LF' but found 'CRLF'  linebreak-style
  110:40   [1m[31merror[39m[22m[1m  Expected linebreaks to be 'LF' but found 'CRLF'  linebreak-style
  111:17   [1m[31merror[39m[22m[1m  Expected linebreaks to be 'LF' but found 'CRLF'  linebreak-style
  112:37   [1m[31merror[39m[22m[1m  Expected linebreaks to be 'LF' but found 'CRLF'  linebreak-style
  113:38   [1m[31merror[39m[22m[1m  Expected linebreaks to be 'LF' but found 'CRLF'  linebreak-style
  114:30   [1m[31merror[39m[22m[1m  Expected linebreaks to be 'LF' but found 'CRLF'  linebreak-style
  115:3    [1m[31merror[39m[22m[1m  Expected linebreaks to be 'LF' but found 'CRLF'  linebreak-style

C:\Users\blaha5\Downloads\da\reactkys\crmWAcv\src\components\editPracticeForm.jsx
    1:59   [1m[31merror[39m[22m[1m  Expected linebreaks to be 'LF' but found 'CRLF'  linebreak-style
    2:27   [1m[31merror[39m[22m[1m  Expected linebreaks to be 'LF' but found 'CRLF'  linebreak-style
    3:36   [1m[31merror[39m[22m[1m  Expected linebreaks to be 'LF' but found 'CRLF'  linebreak-style
    4:52   [1m[31merror[39m[22m[1m  Expected linebreaks to be 'LF' but found 'CRLF'  linebreak-style
    5:43   [1m[31merror[39m[22m[1m  Expected linebreaks to be 'LF' but found 'CRLF'  linebreak-style
    6:40   [1m[31merror[39m[22m[1m  Expected linebreaks to be 'LF' but found 'CRLF'  linebreak-style
    7:1    [1m[31merror[39m[22m[1m  Expected linebreaks to be 'LF' but found 'CRLF'  linebreak-style
    8:62   [1m[31merror[39m[22m[1m  Expected linebreaks to be 'LF' but found 'CRLF'  linebreak-style
    9:31   [1m[31merror[39m[22m[1m  Expected linebreaks to be 'LF' but found 'CRLF'  linebreak-style
   10:45   [1m[31merror[39m[22m[1m  Expected linebreaks to be 'LF' but found 'CRLF'  linebreak-style
   11:26   [1m[31merror[39m[22m[1m  Expected linebreaks to be 'LF' but found 'CRLF'  linebreak-style
   12:37   [1m[31merror[39m[22m[1m  Expected linebreaks to be 'LF' but found 'CRLF'  linebreak-style
   13:41   [1m[31merror[39m[22m[1m  Expected linebreaks to be 'LF' but found 'CRLF'  linebreak-style
   14:33   [1m[31merror[39m[22m[1m  Expected linebreaks to be 'LF' but found 'CRLF'  linebreak-style
   15:6    [1m[31merror[39m[22m[1m  Expected linebreaks to be 'LF' but found 'CRLF'  linebreak-style
   16:63   [1m[31merror[39m[22m[1m  Expected linebreaks to be 'LF' but found 'CRLF'  linebreak-style
   17:36   [1m[31merror[39m[22m[1m  Expected linebreaks to be 'LF' but found 'CRLF'  linebreak-style
   18:29   [1m[31merror[39m[22m[1m  Expected linebreaks to be 'LF' but found 'CRLF'  linebreak-style
   19:5    [1m[31merror[39m[22m[1m  Expected linebreaks to be 'LF' but found 'CRLF'  linebreak-style
   20:1    [1m[31merror[39m[22m[1m  Expected linebreaks to be 'LF' but found 'CRLF'  linebreak-style
   21:32   [1m[31merror[39m[22m[1m  Expected linebreaks to be 'LF' but found 'CRLF'  linebreak-style
   22:38   [1m[31merror[39m[22m[1m  Expected linebreaks to be 'LF' but found 'CRLF'  linebreak-style
   23:18   [1m[31merror[39m[22m[1m  Expected linebreaks to be 'LF' but found 'CRLF'  linebreak-style
   24:19   [1m[31merror[39m[22m[1m  Expected linebreaks to be 'LF' but found 'CRLF'  linebreak-style
   25:21   [1m[31merror[39m[22m[1m  Expected linebreaks to be 'LF' but found 'CRLF'  linebreak-style
   26:8    [1m[31merror[39m[22m[1m  Expected linebreaks to be 'LF' but found 'CRLF'  linebreak-style
   27:5    [1m[31merror[39m[22m[1m  Expected linebreaks to be 'LF' but found 'CRLF'  linebreak-style
   28:1    [1m[31merror[39m[22m[1m  Expected linebreaks to be 'LF' but found 'CRLF'  linebreak-style
   29:32   [1m[31merror[39m[22m[1m  Expected linebreaks to be 'LF' but found 'CRLF'  linebreak-style
   30:24   [1m[31merror[39m[22m[1m  Expected linebreaks to be 'LF' but found 'CRLF'  linebreak-style
   31:40   [1m[31merror[39m[22m[1m  Expected linebreaks to be 'LF' but found 'CRLF'  linebreak-style
   32:53   [1m[31merror[39m[22m[1m  Expected linebreaks to be 'LF' but found 'CRLF'  linebreak-style
   33:27   [1m[31merror[39m[22m[1m  Expected linebreaks to be 'LF' but found 'CRLF'  linebreak-style
   34:12   [1m[31merror[39m[22m[1m  Expected linebreaks to be 'LF' but found 'CRLF'  linebreak-style
   35:14   [1m[31merror[39m[22m[1m  Expected linebreaks to be 'LF' but found 'CRLF'  linebreak-style
   36:11   [1m[31merror[39m[22m[1m  Expected linebreaks to be 'LF' but found 'CRLF'  linebreak-style
   37:22   [1m[31merror[39m[22m[1m  Expected linebreaks to be 'LF' but found 'CRLF'  linebreak-style
   38:7    [1m[31merror[39m[22m[1m  Expected linebreaks to be 'LF' but found 'CRLF'  linebreak-style
   39:28   [1m[31merror[39m[22m[1m  Expected linebreaks to be 'LF' but found 'CRLF'  linebreak-style
   40:36   [1m[31merror[39m[22m[1m  Expected linebreaks to be 'LF' but found 'CRLF'  linebreak-style
   41:46   [1m[31merror[39m[22m[1m  Expected linebreaks to be 'LF' but found 'CRLF'  linebreak-style
   42:28   [1m[31merror[39m[22m[1m  Expected linebreaks to be 'LF' but found 'CRLF'  linebreak-style
   43:15   [1m[31merror[39m[22m[1m  Expected linebreaks to be 'LF' but found 'CRLF'  linebreak-style
   44:49   [1m[31merror[39m[22m[1m  Expected linebreaks to be 'LF' but found 'CRLF'  linebreak-style
   45:46   [1m[31merror[39m[22m[1m  Expected linebreaks to be 'LF' but found 'CRLF'  linebreak-style
   46:32   [1m[31merror[39m[22m[1m  Expected linebreaks to be 'LF' but found 'CRLF'  linebreak-style
   47:21   [1m[31merror[39m[22m[1m  Expected linebreaks to be 'LF' but found 'CRLF'  linebreak-style
   48:35   [1m[31merror[39m[22m[1m  Expected linebreaks to be 'LF' but found 'CRLF'  linebreak-style
   49:14   [1m[31merror[39m[22m[1m  Expected linebreaks to be 'LF' but found 'CRLF'  linebreak-style
   50:19   [1m[31merror[39m[22m[1m  Expected linebreaks to be 'LF' but found 'CRLF'  linebreak-style
   51:33   [1m[31merror[39m[22m[1m  Expected linebreaks to be 'LF' but found 'CRLF'  linebreak-style
   52:12   [1m[31merror[39m[22m[1m  Expected linebreaks to be 'LF' but found 'CRLF'  linebreak-style
   53:9    [1m[31merror[39m[22m[1m  Expected linebreaks to be 'LF' but found 'CRLF'  linebreak-style
   54:26   [1m[31merror[39m[22m[1m  Expected linebreaks to be 'LF' but found 'CRLF'  linebreak-style
   55:56   [1m[31merror[39m[22m[1m  Expected linebreaks to be 'LF' but found 'CRLF'  linebreak-style
   56:32   [1m[31merror[39m[22m[1m  Expected linebreaks to be 'LF' but found 'CRLF'  linebreak-style
   57:10   [1m[31merror[39m[22m[1m  Expected linebreaks to be 'LF' but found 'CRLF'  linebreak-style
   58:5    [1m[31merror[39m[22m[1m  Expected linebreaks to be 'LF' but found 'CRLF'  linebreak-style
   59:37   [1m[31merror[39m[22m[1m  Expected linebreaks to be 'LF' but found 'CRLF'  linebreak-style
   60:34   [1m[31merror[39m[22m[1m  Expected linebreaks to be 'LF' but found 'CRLF'  linebreak-style
   61:21   [1m[31merror[39m[22m[1m  Expected linebreaks to be 'LF' but found 'CRLF'  linebreak-style
   62:6    [1m[31merror[39m[22m[1m  Expected linebreaks to be 'LF' but found 'CRLF'  linebreak-style
   63:5    [1m[31merror[39m[22m[1m  Expected linebreaks to be 'LF' but found 'CRLF'  linebreak-style
   64:20   [1m[31merror[39m[22m[1m  Expected linebreaks to be 'LF' but found 'CRLF'  linebreak-style
   65:55   [1m[31merror[39m[22m[1m  Expected linebreaks to be 'LF' but found 'CRLF'  linebreak-style
   66:19   [1m[31merror[39m[22m[1m  Expected linebreaks to be 'LF' but found 'CRLF'  linebreak-style
   67:60   [1m[31merror[39m[22m[1m  Expected linebreaks to be 'LF' but found 'CRLF'  linebreak-style
   68:7    [1m[31merror[39m[22m[1m  Expected linebreaks to be 'LF' but found 'CRLF'  linebreak-style
   69:10   [1m[31merror[39m[22m[1m  Expected linebreaks to be 'LF' but found 'CRLF'  linebreak-style
   70:1    [1m[31merror[39m[22m[1m  Expected linebreaks to be 'LF' but found 'CRLF'  linebreak-style
   71:11   [1m[31merror[39m[22m[1m  Expected linebreaks to be 'LF' but found 'CRLF'  linebreak-style
   72:35   [1m[31merror[39m[22m[1m  Expected linebreaks to be 'LF' but found 'CRLF'  linebreak-style
   73:11   [1m[31merror[39m[22m[1m  Expected linebreaks to be 'LF' but found 'CRLF'  linebreak-style
   74:47   [1m[31merror[39m[22m[1m  Expected linebreaks to be 'LF' but found 'CRLF'  linebreak-style
   75:23   [1m[31merror[39m[22m[1m  Expected linebreaks to be 'LF' but found 'CRLF'  linebreak-style
   76:12   [1m[31merror[39m[22m[1m  Expected linebreaks to be 'LF' but found 'CRLF'  linebreak-style
   77:82   [1m[31merror[39m[22m[1m  Expected linebreaks to be 'LF' but found 'CRLF'  linebreak-style
   78:98   [1m[31merror[39m[22m[1m  Expected linebreaks to be 'LF' but found 'CRLF'  linebreak-style
   79:31   [1m[31merror[39m[22m[1m  Expected linebreaks to be 'LF' but found 'CRLF'  linebreak-style
   80:39   [1m[31merror[39m[22m[1m  Expected linebreaks to be 'LF' but found 'CRLF'  linebreak-style
   81:79   [1m[31merror[39m[22m[1m  Expected linebreaks to be 'LF' but found 'CRLF'  linebreak-style
   82:13   [1m[31merror[39m[22m[1m  Expected linebreaks to be 'LF' but found 'CRLF'  linebreak-style
   83:25   [1m[31merror[39m[22m[1m  Expected linebreaks to be 'LF' but found 'CRLF'  linebreak-style
   84:49   [1m[31merror[39m[22m[1m  Expected linebreaks to be 'LF' but found 'CRLF'  linebreak-style
   85:92   [1m[31merror[39m[22m[1m  Expected linebreaks to be 'LF' but found 'CRLF'  linebreak-style
   86:13   [1m[31merror[39m[22m[1m  Expected linebreaks to be 'LF' but found 'CRLF'  linebreak-style
   87:12   [1m[31merror[39m[22m[1m  Expected linebreaks to be 'LF' but found 'CRLF'  linebreak-style
   88:55   [1m[31merror[39m[22m[1m  Expected linebreaks to be 'LF' but found 'CRLF'  linebreak-style
   89:148  [1m[31merror[39m[22m[1m  Expected linebreaks to be 'LF' but found 'CRLF'  linebreak-style
   90:13   [1m[31merror[39m[22m[1m  Expected linebreaks to be 'LF' but found 'CRLF'  linebreak-style
   91:12   [1m[31merror[39m[22m[1m  Expected linebreaks to be 'LF' but found 'CRLF'  linebreak-style
   92:47   [1m[31merror[39m[22m[1m  Expected linebreaks to be 'LF' but found 'CRLF'  linebreak-style
   93:117  [1m[31merror[39m[22m[1m  Expected linebreaks to be 'LF' but found 'CRLF'  linebreak-style
   94:13   [1m[31merror[39m[22m[1m  Expected linebreaks to be 'LF' but found 'CRLF'  linebreak-style
   95:44   [1m[31merror[39m[22m[1m  Expected linebreaks to be 'LF' but found 'CRLF'  linebreak-style
   96:12   [1m[31merror[39m[22m[1m  Expected linebreaks to be 'LF' but found 'CRLF'  linebreak-style
   97:5    [1m[31merror[39m[22m[1m  Expected linebreaks to be 'LF' but found 'CRLF'  linebreak-style
   98:3    [1m[31merror[39m[22m[1m  Expected linebreaks to be 'LF' but found 'CRLF'  linebreak-style
   99:1    [1m[31merror[39m[22m[1m  Expected linebreaks to be 'LF' but found 'CRLF'  linebreak-style
  100:33   [1m[31merror[39m[22m[1m  Expected linebreaks to be 'LF' but found 'CRLF'  linebreak-style
  101:1    [1m[31merror[39m[22m[1m  Expected linebreaks to be 'LF' but found 'CRLF'  linebreak-style
  102:31   [1m[31merror[39m[22m[1m  Expected linebreaks to be 'LF' but found 'CRLF'  linebreak-style
  103:30   [1m[31merror[39m[22m[1m  Expected linebreaks to be 'LF' but found 'CRLF'  linebreak-style
  104:26   [1m[31merror[39m[22m[1m  Expected linebreaks to be 'LF' but found 'CRLF'  linebreak-style
  105:42   [1m[31merror[39m[22m[1m  Expected linebreaks to be 'LF' but found 'CRLF'  linebreak-style
  106:44   [1m[31merror[39m[22m[1m  Expected linebreaks to be 'LF' but found 'CRLF'  linebreak-style
  107:40   [1m[31merror[39m[22m[1m  Expected linebreaks to be 'LF' but found 'CRLF'  linebreak-style
  108:17   [1m[31merror[39m[22m[1m  Expected linebreaks to be 'LF' but found 'CRLF'  linebreak-style
  109:37   [1m[31merror[39m[22m[1m  Expected linebreaks to be 'LF' but found 'CRLF'  linebreak-style
  110:38   [1m[31merror[39m[22m[1m  Expected linebreaks to be 'LF' but found 'CRLF'  linebreak-style
  111:3    [1m[31merror[39m[22m[1m  Expected linebreaks to be 'LF' but found 'CRLF'  linebreak-style

C:\Users\blaha5\Downloads\da\reactkys\crmWAcv\src\components\editWSForm.jsx
    1:59   [1m[31merror[39m[22m[1m  Expected linebreaks to be 'LF' but found 'CRLF'  linebreak-style
    2:27   [1m[31merror[39m[22m[1m  Expected linebreaks to be 'LF' but found 'CRLF'  linebreak-style
    3:36   [1m[31merror[39m[22m[1m  Expected linebreaks to be 'LF' but found 'CRLF'  linebreak-style
    4:52   [1m[31merror[39m[22m[1m  Expected linebreaks to be 'LF' but found 'CRLF'  linebreak-style
    5:43   [1m[31merror[39m[22m[1m  Expected linebreaks to be 'LF' but found 'CRLF'  linebreak-style
    6:40   [1m[31merror[39m[22m[1m  Expected linebreaks to be 'LF' but found 'CRLF'  linebreak-style
    7:1    [1m[31merror[39m[22m[1m  Expected linebreaks to be 'LF' but found 'CRLF'  linebreak-style
    8:55   [1m[31merror[39m[22m[1m  Expected linebreaks to be 'LF' but found 'CRLF'  linebreak-style
    9:31   [1m[31merror[39m[22m[1m  Expected linebreaks to be 'LF' but found 'CRLF'  linebreak-style
   10:45   [1m[31merror[39m[22m[1m  Expected linebreaks to be 'LF' but found 'CRLF'  linebreak-style
   11:20   [1m[31merror[39m[22m[1m  Expected linebreaks to be 'LF' but found 'CRLF'  linebreak-style
   12:28   [1m[31merror[39m[22m[1m  Expected linebreaks to be 'LF' but found 'CRLF'  linebreak-style
   13:24   [1m[31merror[39m[22m[1m  Expected linebreaks to be 'LF' but found 'CRLF'  linebreak-style
   14:24   [1m[31merror[39m[22m[1m  Expected linebreaks to be 'LF' but found 'CRLF'  linebreak-style
   15:26   [1m[31merror[39m[22m[1m  Expected linebreaks to be 'LF' but found 'CRLF'  linebreak-style
   16:6    [1m[31merror[39m[22m[1m  Expected linebreaks to be 'LF' but found 'CRLF'  linebreak-style
   17:25   [1m[31merror[39m[22m[1m  Expected linebreaks to be 'LF' but found 'CRLF'  linebreak-style
   18:63   [1m[31merror[39m[22m[1m  Expected linebreaks to be 'LF' but found 'CRLF'  linebreak-style
   19:36   [1m[31merror[39m[22m[1m  Expected linebreaks to be 'LF' but found 'CRLF'  linebreak-style
   20:29   [1m[31merror[39m[22m[1m  Expected linebreaks to be 'LF' but found 'CRLF'  linebreak-style
   21:5    [1m[31merror[39m[22m[1m  Expected linebreaks to be 'LF' but found 'CRLF'  linebreak-style
   22:1    [1m[31merror[39m[22m[1m  Expected linebreaks to be 'LF' but found 'CRLF'  linebreak-style
   23:32   [1m[31merror[39m[22m[1m  Expected linebreaks to be 'LF' but found 'CRLF'  linebreak-style
   24:38   [1m[31merror[39m[22m[1m  Expected linebreaks to be 'LF' but found 'CRLF'  linebreak-style
   25:18   [1m[31merror[39m[22m[1m  Expected linebreaks to be 'LF' but found 'CRLF'  linebreak-style
   26:19   [1m[31merror[39m[22m[1m  Expected linebreaks to be 'LF' but found 'CRLF'  linebreak-style
   27:21   [1m[31merror[39m[22m[1m  Expected linebreaks to be 'LF' but found 'CRLF'  linebreak-style
   28:8    [1m[31merror[39m[22m[1m  Expected linebreaks to be 'LF' but found 'CRLF'  linebreak-style
   29:5    [1m[31merror[39m[22m[1m  Expected linebreaks to be 'LF' but found 'CRLF'  linebreak-style
   30:32   [1m[31merror[39m[22m[1m  Expected linebreaks to be 'LF' but found 'CRLF'  linebreak-style
   31:24   [1m[31merror[39m[22m[1m  Expected linebreaks to be 'LF' but found 'CRLF'  linebreak-style
   32:39   [1m[31merror[39m[22m[1m  Expected linebreaks to be 'LF' but found 'CRLF'  linebreak-style
   33:53   [1m[31merror[39m[22m[1m  Expected linebreaks to be 'LF' but found 'CRLF'  linebreak-style
   34:27   [1m[31merror[39m[22m[1m  Expected linebreaks to be 'LF' but found 'CRLF'  linebreak-style
   35:12   [1m[31merror[39m[22m[1m  Expected linebreaks to be 'LF' but found 'CRLF'  linebreak-style
   36:14   [1m[31merror[39m[22m[1m  Expected linebreaks to be 'LF' but found 'CRLF'  linebreak-style
   37:11   [1m[31merror[39m[22m[1m  Expected linebreaks to be 'LF' but found 'CRLF'  linebreak-style
   38:22   [1m[31merror[39m[22m[1m  Expected linebreaks to be 'LF' but found 'CRLF'  linebreak-style
   39:7    [1m[31merror[39m[22m[1m  Expected linebreaks to be 'LF' but found 'CRLF'  linebreak-style
   40:28   [1m[31merror[39m[22m[1m  Expected linebreaks to be 'LF' but found 'CRLF'  linebreak-style
   41:36   [1m[31merror[39m[22m[1m  Expected linebreaks to be 'LF' but found 'CRLF'  linebreak-style
   42:46   [1m[31merror[39m[22m[1m  Expected linebreaks to be 'LF' but found 'CRLF'  linebreak-style
   43:28   [1m[31merror[39m[22m[1m  Expected linebreaks to be 'LF' but found 'CRLF'  linebreak-style
   44:15   [1m[31merror[39m[22m[1m  Expected linebreaks to be 'LF' but found 'CRLF'  linebreak-style
   45:49   [1m[31merror[39m[22m[1m  Expected linebreaks to be 'LF' but found 'CRLF'  linebreak-style
   46:46   [1m[31merror[39m[22m[1m  Expected linebreaks to be 'LF' but found 'CRLF'  linebreak-style
   47:32   [1m[31merror[39m[22m[1m  Expected linebreaks to be 'LF' but found 'CRLF'  linebreak-style
   48:21   [1m[31merror[39m[22m[1m  Expected linebreaks to be 'LF' but found 'CRLF'  linebreak-style
   49:36   [1m[31merror[39m[22m[1m  Expected linebreaks to be 'LF' but found 'CRLF'  linebreak-style
   50:35   [1m[31merror[39m[22m[1m  Expected linebreaks to be 'LF' but found 'CRLF'  linebreak-style
   51:14   [1m[31merror[39m[22m[1m  Expected linebreaks to be 'LF' but found 'CRLF'  linebreak-style
   52:19   [1m[31merror[39m[22m[1m  Expected linebreaks to be 'LF' but found 'CRLF'  linebreak-style
   53:34   [1m[31merror[39m[22m[1m  Expected linebreaks to be 'LF' but found 'CRLF'  linebreak-style
   54:33   [1m[31merror[39m[22m[1m  Expected linebreaks to be 'LF' but found 'CRLF'  linebreak-style
   55:12   [1m[31merror[39m[22m[1m  Expected linebreaks to be 'LF' but found 'CRLF'  linebreak-style
   56:9    [1m[31merror[39m[22m[1m  Expected linebreaks to be 'LF' but found 'CRLF'  linebreak-style
   57:26   [1m[31merror[39m[22m[1m  Expected linebreaks to be 'LF' but found 'CRLF'  linebreak-style
   58:56   [1m[31merror[39m[22m[1m  Expected linebreaks to be 'LF' but found 'CRLF'  linebreak-style
   59:32   [1m[31merror[39m[22m[1m  Expected linebreaks to be 'LF' but found 'CRLF'  linebreak-style
   60:10   [1m[31merror[39m[22m[1m  Expected linebreaks to be 'LF' but found 'CRLF'  linebreak-style
   61:5    [1m[31merror[39m[22m[1m  Expected linebreaks to be 'LF' but found 'CRLF'  linebreak-style
   62:37   [1m[31merror[39m[22m[1m  Expected linebreaks to be 'LF' but found 'CRLF'  linebreak-style
   63:34   [1m[31merror[39m[22m[1m  Expected linebreaks to be 'LF' but found 'CRLF'  linebreak-style
   64:21   [1m[31merror[39m[22m[1m  Expected linebreaks to be 'LF' but found 'CRLF'  linebreak-style
   65:6    [1m[31merror[39m[22m[1m  Expected linebreaks to be 'LF' but found 'CRLF'  linebreak-style
   66:5    [1m[31merror[39m[22m[1m  Expected linebreaks to be 'LF' but found 'CRLF'  linebreak-style
   67:20   [1m[31merror[39m[22m[1m  Expected linebreaks to be 'LF' but found 'CRLF'  linebreak-style
   68:55   [1m[31merror[39m[22m[1m  Expected linebreaks to be 'LF' but found 'CRLF'  linebreak-style
   69:19   [1m[31merror[39m[22m[1m  Expected linebreaks to be 'LF' but found 'CRLF'  linebreak-style
   70:60   [1m[31merror[39m[22m[1m  Expected linebreaks to be 'LF' but found 'CRLF'  linebreak-style
   71:7    [1m[31merror[39m[22m[1m  Expected linebreaks to be 'LF' but found 'CRLF'  linebreak-style
   72:10   [1m[31merror[39m[22m[1m  Expected linebreaks to be 'LF' but found 'CRLF'  linebreak-style
   73:11   [1m[31merror[39m[22m[1m  Expected linebreaks to be 'LF' but found 'CRLF'  linebreak-style
   74:35   [1m[31merror[39m[22m[1m  Expected linebreaks to be 'LF' but found 'CRLF'  linebreak-style
   75:11   [1m[31merror[39m[22m[1m  Expected linebreaks to be 'LF' but found 'CRLF'  linebreak-style
   76:47   [1m[31merror[39m[22m[1m  Expected linebreaks to be 'LF' but found 'CRLF'  linebreak-style
   77:13   [1m[31merror[39m[22m[1m  Expected linebreaks to be 'LF' but found 'CRLF'  linebreak-style
   78:12   [1m[31merror[39m[22m[1m  Expected linebreaks to be 'LF' but found 'CRLF'  linebreak-style
   79:82   [1m[31merror[39m[22m[1m  Expected linebreaks to be 'LF' but found 'CRLF'  linebreak-style
   80:98   [1m[31merror[39m[22m[1m  Expected linebreaks to be 'LF' but found 'CRLF'  linebreak-style
   81:31   [1m[31merror[39m[22m[1m  Expected linebreaks to be 'LF' but found 'CRLF'  linebreak-style
   82:39   [1m[31merror[39m[22m[1m  Expected linebreaks to be 'LF' but found 'CRLF'  linebreak-style
   83:79   [1m[31merror[39m[22m[1m  Expected linebreaks to be 'LF' but found 'CRLF'  linebreak-style
   84:13   [1m[31merror[39m[22m[1m  Expected linebreaks to be 'LF' but found 'CRLF'  linebreak-style
   85:31   [1m[31merror[39m[22m[1m  Expected linebreaks to be 'LF' but found 'CRLF'  linebreak-style
   86:47   [1m[31merror[39m[22m[1m  Expected linebreaks to be 'LF' but found 'CRLF'  linebreak-style
   87:91   [1m[31merror[39m[22m[1m  Expected linebreaks to be 'LF' but found 'CRLF'  linebreak-style
   88:13   [1m[31merror[39m[22m[1m  Expected linebreaks to be 'LF' but found 'CRLF'  linebreak-style
   89:12   [1m[31merror[39m[22m[1m  Expected linebreaks to be 'LF' but found 'CRLF'  linebreak-style
   90:44   [1m[31merror[39m[22m[1m  Expected linebreaks to be 'LF' but found 'CRLF'  linebreak-style
   91:107  [1m[31merror[39m[22m[1m  Expected linebreaks to be 'LF' but found 'CRLF'  linebreak-style
   92:13   [1m[31merror[39m[22m[1m  Expected linebreaks to be 'LF' but found 'CRLF'  linebreak-style
   93:12   [1m[31merror[39m[22m[1m  Expected linebreaks to be 'LF' but found 'CRLF'  linebreak-style
   94:42   [1m[31merror[39m[22m[1m  Expected linebreaks to be 'LF' but found 'CRLF'  linebreak-style
   95:105  [1m[31merror[39m[22m[1m  Expected linebreaks to be 'LF' but found 'CRLF'  linebreak-style
   96:40   [1m[31merror[39m[22m[1m  Expected linebreaks to be 'LF' but found 'CRLF'  linebreak-style
   97:80   [1m[31merror[39m[22m[1m  Expected linebreaks to be 'LF' but found 'CRLF'  linebreak-style
   98:80   [1m[31merror[39m[22m[1m  Expected linebreaks to be 'LF' but found 'CRLF'  linebreak-style
   99:78   [1m[31merror[39m[22m[1m  Expected linebreaks to be 'LF' but found 'CRLF'  linebreak-style
  100:78   [1m[31merror[39m[22m[1m  Expected linebreaks to be 'LF' but found 'CRLF'  linebreak-style
  101:75   [1m[31merror[39m[22m[1m  Expected linebreaks to be 'LF' but found 'CRLF'  linebreak-style
  102:18   [1m[31merror[39m[22m[1m  Expected linebreaks to be 'LF' but found 'CRLF'  linebreak-style
  103:13   [1m[31merror[39m[22m[1m  Expected linebreaks to be 'LF' but found 'CRLF'  linebreak-style
  104:12   [1m[31merror[39m[22m[1m  Expected linebreaks to be 'LF' but found 'CRLF'  linebreak-style
  105:46   [1m[31merror[39m[22m[1m  Expected linebreaks to be 'LF' but found 'CRLF'  linebreak-style
  106:92   [1m[31merror[39m[22m[1m  Expected linebreaks to be 'LF' but found 'CRLF'  linebreak-style
  107:13   [1m[31merror[39m[22m[1m  Expected linebreaks to be 'LF' but found 'CRLF'  linebreak-style
  108:44   [1m[31merror[39m[22m[1m  Expected linebreaks to be 'LF' but found 'CRLF'  linebreak-style
  109:12   [1m[31merror[39m[22m[1m  Expected linebreaks to be 'LF' but found 'CRLF'  linebreak-style
  110:5    [1m[31merror[39m[22m[1m  Expected linebreaks to be 'LF' but found 'CRLF'  linebreak-style
  111:3    [1m[31merror[39m[22m[1m  Expected linebreaks to be 'LF' but found 'CRLF'  linebreak-style
  112:1    [1m[31merror[39m[22m[1m  Expected linebreaks to be 'LF' but found 'CRLF'  linebreak-style
  113:27   [1m[31merror[39m[22m[1m  Expected linebreaks to be 'LF' but found 'CRLF'  linebreak-style
  114:1    [1m[31merror[39m[22m[1m  Expected linebreaks to be 'LF' but found 'CRLF'  linebreak-style
  115:25   [1m[31merror[39m[22m[1m  Expected linebreaks to be 'LF' but found 'CRLF'  linebreak-style
  116:29   [1m[31merror[39m[22m[1m  Expected linebreaks to be 'LF' but found 'CRLF'  linebreak-style
  117:37   [1m[31merror[39m[22m[1m  Expected linebreaks to be 'LF' but found 'CRLF'  linebreak-style
  118:41   [1m[31merror[39m[22m[1m  Expected linebreaks to be 'LF' but found 'CRLF'  linebreak-style
  119:28   [1m[31merror[39m[22m[1m  Expected linebreaks to be 'LF' but found 'CRLF'  linebreak-style
  120:39   [1m[31merror[39m[22m[1m  Expected linebreaks to be 'LF' but found 'CRLF'  linebreak-style
  121:40   [1m[31merror[39m[22m[1m  Expected linebreaks to be 'LF' but found 'CRLF'  linebreak-style
  122:17   [1m[31merror[39m[22m[1m  Expected linebreaks to be 'LF' but found 'CRLF'  linebreak-style
  123:37   [1m[31merror[39m[22m[1m  Expected linebreaks to be 'LF' but found 'CRLF'  linebreak-style
  124:38   [1m[31merror[39m[22m[1m  Expected linebreaks to be 'LF' but found 'CRLF'  linebreak-style
  125:3    [1m[31merror[39m[22m[1m  Expected linebreaks to be 'LF' but found 'CRLF'  linebreak-style

C:\Users\blaha5\Downloads\da\reactkys\crmWAcv\src\components\eventsList.jsx
    1:59  [1m[31merror[39m[22m[1m  Expected linebreaks to be 'LF' but found 'CRLF'  linebreak-style
    2:27  [1m[31merror[39m[22m[1m  Expected linebreaks to be 'LF' but found 'CRLF'  linebreak-style
    3:61  [1m[31merror[39m[22m[1m  Expected linebreaks to be 'LF' but found 'CRLF'  linebreak-style
    4:59  [1m[31merror[39m[22m[1m  Expected linebreaks to be 'LF' but found 'CRLF'  linebreak-style
    5:74  [1m[31merror[39m[22m[1m  Expected linebreaks to be 'LF' but found 'CRLF'  linebreak-style
    6:40  [1m[31merror[39m[22m[1m  Expected linebreaks to be 'LF' but found 'CRLF'  linebreak-style
    7:44  [1m[31merror[39m[22m[1m  Expected linebreaks to be 'LF' but found 'CRLF'  linebreak-style
    8:1   [1m[31merror[39m[22m[1m  Expected linebreaks to be 'LF' but found 'CRLF'  linebreak-style
    9:23  [1m[31merror[39m[22m[1m  Expected linebreaks to be 'LF' but found 'CRLF'  linebreak-style
   10:30  [1m[31merror[39m[22m[1m  Expected linebreaks to be 'LF' but found 'CRLF'  linebreak-style
   11:34  [1m[31merror[39m[22m[1m  Expected linebreaks to be 'LF' but found 'CRLF'  linebreak-style
   12:36  [1m[31merror[39m[22m[1m  Expected linebreaks to be 'LF' but found 'CRLF'  linebreak-style
   13:1   [1m[31merror[39m[22m[1m  Expected linebreaks to be 'LF' but found 'CRLF'  linebreak-style
   14:36  [1m[31merror[39m[22m[1m  Expected linebreaks to be 'LF' but found 'CRLF'  linebreak-style
   15:15  [1m[31merror[39m[22m[1m  Expected linebreaks to be 'LF' but found 'CRLF'  linebreak-style
   16:19  [1m[31merror[39m[22m[1m  Expected linebreaks to be 'LF' but found 'CRLF'  linebreak-style
   17:6   [1m[31merror[39m[22m[1m  Expected linebreaks to be 'LF' but found 'CRLF'  linebreak-style
   18:23  [1m[31merror[39m[22m[1m  Expected linebreaks to be 'LF' but found 'CRLF'  linebreak-style
   19:12  [1m[31merror[39m[22m[1m  Expected linebreaks to be 'LF' but found 'CRLF'  linebreak-style
   20:5   [1m[31merror[39m[22m[1m  Expected linebreaks to be 'LF' but found 'CRLF'  linebreak-style
   21:39  [1m[31merror[39m[22m[1m  Expected linebreaks to be 'LF' but found 'CRLF'  linebreak-style
   22:22  [1m[31merror[39m[22m[1m  Expected linebreaks to be 'LF' but found 'CRLF'  linebreak-style
   23:21  [1m[31merror[39m[22m[1m  Expected linebreaks to be 'LF' but found 'CRLF'  linebreak-style
   24:8   [1m[31merror[39m[22m[1m  Expected linebreaks to be 'LF' but found 'CRLF'  linebreak-style
   25:30  [1m[31merror[39m[22m[1m  Expected linebreaks to be 'LF' but found 'CRLF'  linebreak-style
   26:19  [1m[31merror[39m[22m[1m  Expected linebreaks to be 'LF' but found 'CRLF'  linebreak-style
   27:5   [1m[31merror[39m[22m[1m  Expected linebreaks to be 'LF' but found 'CRLF'  linebreak-style
   28:40  [1m[31merror[39m[22m[1m  Expected linebreaks to be 'LF' but found 'CRLF'  linebreak-style
   29:48  [1m[31merror[39m[22m[1m  Expected linebreaks to be 'LF' but found 'CRLF'  linebreak-style
   30:48  [1m[31merror[39m[22m[1m  Expected linebreaks to be 'LF' but found 'CRLF'  linebreak-style
   31:44  [1m[31merror[39m[22m[1m  Expected linebreaks to be 'LF' but found 'CRLF'  linebreak-style
   32:1   [1m[31merror[39m[22m[1m  Expected linebreaks to be 'LF' but found 'CRLF'  linebreak-style
   33:52  [1m[31merror[39m[22m[1m  Expected linebreaks to be 'LF' but found 'CRLF'  linebreak-style
   34:81  [1m[31merror[39m[22m[1m  Expected linebreaks to be 'LF' but found 'CRLF'  linebreak-style
   35:1   [1m[31merror[39m[22m[1m  Expected linebreaks to be 'LF' but found 'CRLF'  linebreak-style
   36:18  [1m[31merror[39m[22m[1m  Expected linebreaks to be 'LF' but found 'CRLF'  linebreak-style
   37:19  [1m[31merror[39m[22m[1m  Expected linebreaks to be 'LF' but found 'CRLF'  linebreak-style
   38:26  [1m[31merror[39m[22m[1m  Expected linebreaks to be 'LF' but found 'CRLF'  linebreak-style
   39:23  [1m[31merror[39m[22m[1m  Expected linebreaks to be 'LF' but found 'CRLF'  linebreak-style
   40:20  [1m[31merror[39m[22m[1m  Expected linebreaks to be 'LF' but found 'CRLF'  linebreak-style
   41:5   [1m[31merror[39m[22m[1m  Expected linebreaks to be 'LF' but found 'CRLF'  linebreak-style
   42:5   [1m[31merror[39m[22m[1m  Expected linebreaks to be 'LF' but found 'CRLF'  linebreak-style
   43:34  [1m[31merror[39m[22m[1m  Expected linebreaks to be 'LF' but found 'CRLF'  linebreak-style
   44:94  [1m[31merror[39m[22m[1m  Expected linebreaks to be 'LF' but found 'CRLF'  linebreak-style
   45:31  [1m[31merror[39m[22m[1m  Expected linebreaks to be 'LF' but found 'CRLF'  linebreak-style
   46:7   [1m[31merror[39m[22m[1m  Expected linebreaks to be 'LF' but found 'CRLF'  linebreak-style
   47:32  [1m[31merror[39m[22m[1m  Expected linebreaks to be 'LF' but found 'CRLF'  linebreak-style
   48:71  [1m[31merror[39m[22m[1m  Expected linebreaks to be 'LF' but found 'CRLF'  linebreak-style
   49:20  [1m[31merror[39m[22m[1m  Expected linebreaks to be 'LF' but found 'CRLF'  linebreak-style
   50:7   [1m[31merror[39m[22m[1m  Expected linebreaks to be 'LF' but found 'CRLF'  linebreak-style
   51:5   [1m[31merror[39m[22m[1m  Expected linebreaks to be 'LF' but found 'CRLF'  linebreak-style
   52:34  [1m[31merror[39m[22m[1m  Expected linebreaks to be 'LF' but found 'CRLF'  linebreak-style
   53:22  [1m[31merror[39m[22m[1m  Expected linebreaks to be 'LF' but found 'CRLF'  linebreak-style
   54:20  [1m[31merror[39m[22m[1m  Expected linebreaks to be 'LF' but found 'CRLF'  linebreak-style
   55:1   [1m[31merror[39m[22m[1m  Expected linebreaks to be 'LF' but found 'CRLF'  linebreak-style
   56:10  [1m[31merror[39m[22m[1m  Expected linebreaks to be 'LF' but found 'CRLF'  linebreak-style
   57:42  [1m[31merror[39m[22m[1m  Expected linebreaks to be 'LF' but found 'CRLF'  linebreak-style
   58:41  [1m[31merror[39m[22m[1m  Expected linebreaks to be 'LF' but found 'CRLF'  linebreak-style
   59:29  [1m[31merror[39m[22m[1m  Expected linebreaks to be 'LF' but found 'CRLF'  linebreak-style
   60:1   [1m[31merror[39m[22m[1m  Expected linebreaks to be 'LF' but found 'CRLF'  linebreak-style
   61:50  [1m[31merror[39m[22m[1m  Expected linebreaks to be 'LF' but found 'CRLF'  linebreak-style
   62:30  [1m[31merror[39m[22m[1m  Expected linebreaks to be 'LF' but found 'CRLF'  linebreak-style
   63:34  [1m[31merror[39m[22m[1m  Expected linebreaks to be 'LF' but found 'CRLF'  linebreak-style
   64:20  [1m[31merror[39m[22m[1m  Expected linebreaks to be 'LF' but found 'CRLF'  linebreak-style
   65:29  [1m[31merror[39m[22m[1m  Expected linebreaks to be 'LF' but found 'CRLF'  linebreak-style
   66:16  [1m[31merror[39m[22m[1m  Expected linebreaks to be 'LF' but found 'CRLF'  linebreak-style
   67:25  [1m[31merror[39m[22m[1m  Expected linebreaks to be 'LF' but found 'CRLF'  linebreak-style
   68:6   [1m[31merror[39m[22m[1m  Expected linebreaks to be 'LF' but found 'CRLF'  linebreak-style
   69:5   [1m[31merror[39m[22m[1m  Expected linebreaks to be 'LF' but found 'CRLF'  linebreak-style
   70:1   [1m[31merror[39m[22m[1m  Expected linebreaks to be 'LF' but found 'CRLF'  linebreak-style
   71:57  [1m[31merror[39m[22m[1m  Expected linebreaks to be 'LF' but found 'CRLF'  linebreak-style
   72:20  [1m[31merror[39m[22m[1m  Expected linebreaks to be 'LF' but found 'CRLF'  linebreak-style
   73:17  [1m[31merror[39m[22m[1m  Expected linebreaks to be 'LF' but found 'CRLF'  linebreak-style
   74:74  [1m[31merror[39m[22m[1m  Expected linebreaks to be 'LF' but found 'CRLF'  linebreak-style
   75:27  [1m[31merror[39m[22m[1m  Expected linebreaks to be 'LF' but found 'CRLF'  linebreak-style
   76:5   [1m[31merror[39m[22m[1m  Expected linebreaks to be 'LF' but found 'CRLF'  linebreak-style
   77:40  [1m[31merror[39m[22m[1m  Expected linebreaks to be 'LF' but found 'CRLF'  linebreak-style
   78:24  [1m[31merror[39m[22m[1m  Expected linebreaks to be 'LF' but found 'CRLF'  linebreak-style
   79:73  [1m[31merror[39m[22m[1m  Expected linebreaks to be 'LF' but found 'CRLF'  linebreak-style
   80:30  [1m[31merror[39m[22m[1m  Expected linebreaks to be 'LF' but found 'CRLF'  linebreak-style
   81:8   [1m[31merror[39m[22m[1m  Expected linebreaks to be 'LF' but found 'CRLF'  linebreak-style
   82:28  [1m[31merror[39m[22m[1m  Expected linebreaks to be 'LF' but found 'CRLF'  linebreak-style
   83:17  [1m[31merror[39m[22m[1m  Expected linebreaks to be 'LF' but found 'CRLF'  linebreak-style
   84:18  [1m[31merror[39m[22m[1m  Expected linebreaks to be 'LF' but found 'CRLF'  linebreak-style
   85:20  [1m[31merror[39m[22m[1m  Expected linebreaks to be 'LF' but found 'CRLF'  linebreak-style
   86:27  [1m[31merror[39m[22m[1m  Expected linebreaks to be 'LF' but found 'CRLF'  linebreak-style
   87:26  [1m[31merror[39m[22m[1m  Expected linebreaks to be 'LF' but found 'CRLF'  linebreak-style
   88:21  [1m[31merror[39m[22m[1m  Expected linebreaks to be 'LF' but found 'CRLF'  linebreak-style
   89:35  [1m[31merror[39m[22m[1m  Expected linebreaks to be 'LF' but found 'CRLF'  linebreak-style
   90:11  [1m[31merror[39m[22m[1m  Expected linebreaks to be 'LF' but found 'CRLF'  linebreak-style
   91:8   [1m[31merror[39m[22m[1m  Expected linebreaks to be 'LF' but found 'CRLF'  linebreak-style
   92:21  [1m[31merror[39m[22m[1m  Expected linebreaks to be 'LF' but found 'CRLF'  linebreak-style
   93:69  [1m[31merror[39m[22m[1m  Expected linebreaks to be 'LF' but found 'CRLF'  linebreak-style
   94:5   [1m[31merror[39m[22m[1m  Expected linebreaks to be 'LF' but found 'CRLF'  linebreak-style
   95:5   [1m[31merror[39m[22m[1m  Expected linebreaks to be 'LF' but found 'CRLF'  linebreak-style
   96:37  [1m[31merror[39m[22m[1m  Expected linebreaks to be 'LF' but found 'CRLF'  linebreak-style
   97:32  [1m[31merror[39m[22m[1m  Expected linebreaks to be 'LF' but found 'CRLF'  linebreak-style
   98:61  [1m[31merror[39m[22m[1m  Expected linebreaks to be 'LF' but found 'CRLF'  linebreak-style
   99:15  [1m[31merror[39m[22m[1m  Expected linebreaks to be 'LF' but found 'CRLF'  linebreak-style
  100:48  [1m[31merror[39m[22m[1m  Expected linebreaks to be 'LF' but found 'CRLF'  linebreak-style
  101:8   [1m[31merror[39m[22m[1m  Expected linebreaks to be 'LF' but found 'CRLF'  linebreak-style
  102:7   [1m[31merror[39m[22m[1m  Expected linebreaks to be 'LF' but found 'CRLF'  linebreak-style
  103:39  [1m[31merror[39m[22m[1m  Expected linebreaks to be 'LF' but found 'CRLF'  linebreak-style
  104:25  [1m[31merror[39m[22m[1m  Expected linebreaks to be 'LF' but found 'CRLF'  linebreak-style
  105:26  [1m[31merror[39m[22m[1m  Expected linebreaks to be 'LF' but found 'CRLF'  linebreak-style
  106:7   [1m[31merror[39m[22m[1m  Expected linebreaks to be 'LF' but found 'CRLF'  linebreak-style
  107:5   [1m[31merror[39m[22m[1m  Expected linebreaks to be 'LF' but found 'CRLF'  linebreak-style
  108:32  [1m[31merror[39m[22m[1m  Expected linebreaks to be 'LF' but found 'CRLF'  linebreak-style
  109:32  [1m[31merror[39m[22m[1m  Expected linebreaks to be 'LF' but found 'CRLF'  linebreak-style
  110:26  [1m[31merror[39m[22m[1m  Expected linebreaks to be 'LF' but found 'CRLF'  linebreak-style
  111:1   [1m[31merror[39m[22m[1m  Expected linebreaks to be 'LF' but found 'CRLF'  linebreak-style
  112:30  [1m[31merror[39m[22m[1m  Expected linebreaks to be 'LF' but found 'CRLF'  linebreak-style
  113:25  [1m[31merror[39m[22m[1m  Expected linebreaks to be 'LF' but found 'CRLF'  linebreak-style
  114:14  [1m[31merror[39m[22m[1m  Expected linebreaks to be 'LF' but found 'CRLF'  linebreak-style
  115:6   [1m[31merror[39m[22m[1m  Expected linebreaks to be 'LF' but found 'CRLF'  linebreak-style
  116:1   [1m[31merror[39m[22m[1m  Expected linebreaks to be 'LF' but found 'CRLF'  linebreak-style
  117:34  [1m[31merror[39m[22m[1m  Expected linebreaks to be 'LF' but found 'CRLF'  linebreak-style
  118:24  [1m[31merror[39m[22m[1m  Expected linebreaks to be 'LF' but found 'CRLF'  linebreak-style
  119:39  [1m[31merror[39m[22m[1m  Expected linebreaks to be 'LF' but found 'CRLF'  linebreak-style
  120:22  [1m[31merror[39m[22m[1m  Expected linebreaks to be 'LF' but found 'CRLF'  linebreak-style
  121:1   [1m[31merror[39m[22m[1m  Expected linebreaks to be 'LF' but found 'CRLF'  linebreak-style
  122:56  [1m[31merror[39m[22m[1m  Expected linebreaks to be 'LF' but found 'CRLF'  linebreak-style
  123:33  [1m[31merror[39m[22m[1m  Expected linebreaks to be 'LF' but found 'CRLF'  linebreak-style
  124:20  [1m[31merror[39m[22m[1m  Expected linebreaks to be 'LF' but found 'CRLF'  linebreak-style
  125:22  [1m[31merror[39m[22m[1m  Expected linebreaks to be 'LF' but found 'CRLF'  linebreak-style
  126:28  [1m[31merror[39m[22m[1m  Expected linebreaks to be 'LF' but found 'CRLF'  linebreak-style
  127:43  [1m[31merror[39m[22m[1m  Expected linebreaks to be 'LF' but found 'CRLF'  linebreak-style
  128:25  [1m[31merror[39m[22m[1m  Expected linebreaks to be 'LF' but found 'CRLF'  linebreak-style
  129:14  [1m[31merror[39m[22m[1m  Expected linebreaks to be 'LF' but found 'CRLF'  linebreak-style
  130:1   [1m[31merror[39m[22m[1m  Expected linebreaks to be 'LF' but found 'CRLF'  linebreak-style
  131:49  [1m[31merror[39m[22m[1m  Expected linebreaks to be 'LF' but found 'CRLF'  linebreak-style
  132:8   [1m[31merror[39m[22m[1m  Expected linebreaks to be 'LF' but found 'CRLF'  linebreak-style
  133:1   [1m[31merror[39m[22m[1m  Expected linebreaks to be 'LF' but found 'CRLF'  linebreak-style
  134:30  [1m[31merror[39m[22m[1m  Expected linebreaks to be 'LF' but found 'CRLF'  linebreak-style
  135:5   [1m[31merror[39m[22m[1m  Expected linebreaks to be 'LF' but found 'CRLF'  linebreak-style
  136:1   [1m[31merror[39m[22m[1m  Expected linebreaks to be 'LF' but found 'CRLF'  linebreak-style
  137:31  [1m[31merror[39m[22m[1m  Expected linebreaks to be 'LF' but found 'CRLF'  linebreak-style
  138:27  [1m[31merror[39m[22m[1m  Expected linebreaks to be 'LF' but found 'CRLF'  linebreak-style
  139:68  [1m[31merror[39m[22m[1m  Expected linebreaks to be 'LF' but found 'CRLF'  linebreak-style
  140:26  [1m[31merror[39m[22m[1m  Expected linebreaks to be 'LF' but found 'CRLF'  linebreak-style
  141:6   [1m[31merror[39m[22m[1m  Expected linebreaks to be 'LF' but found 'CRLF'  linebreak-style
  142:1   [1m[31merror[39m[22m[1m  Expected linebreaks to be 'LF' but found 'CRLF'  linebreak-style
  143:50  [1m[31merror[39m[22m[1m  Expected linebreaks to be 'LF' but found 'CRLF'  linebreak-style
  144:29  [1m[31merror[39m[22m[1m  Expected linebreaks to be 'LF' but found 'CRLF'  linebreak-style
  145:45  [1m[31merror[39m[22m[1m  Expected linebreaks to be 'LF' but found 'CRLF'  linebreak-style
  146:8   [1m[31merror[39m[22m[1m  Expected linebreaks to be 'LF' but found 'CRLF'  linebreak-style
  147:29  [1m[31merror[39m[22m[1m  Expected linebreaks to be 'LF' but found 'CRLF'  linebreak-style
  148:45  [1m[31merror[39m[22m[1m  Expected linebreaks to be 'LF' but found 'CRLF'  linebreak-style
  149:8   [1m[31merror[39m[22m[1m  Expected linebreaks to be 'LF' but found 'CRLF'  linebreak-style
  150:16  [1m[31merror[39m[22m[1m  Expected linebreaks to be 'LF' but found 'CRLF'  linebreak-style
  151:8   [1m[31merror[39m[22m[1m  Expected linebreaks to be 'LF' but found 'CRLF'  linebreak-style
  152:1   [1m[31merror[39m[22m[1m  Expected linebreaks to be 'LF' but found 'CRLF'  linebreak-style
  153:39  [1m[31merror[39m[22m[1m  Expected linebreaks to be 'LF' but found 'CRLF'  linebreak-style
  154:21  [1m[31merror[39m[22m[1m  Expected linebreaks to be 'LF' but found 'CRLF'  linebreak-style
  155:5   [1m[31merror[39m[22m[1m  Expected linebreaks to be 'LF' but found 'CRLF'  linebreak-style
  156:1   [1m[31merror[39m[22m[1m  Expected linebreaks to be 'LF' but found 'CRLF'  linebreak-style
  157:30  [1m[31merror[39m[22m[1m  Expected linebreaks to be 'LF' but found 'CRLF'  linebreak-style
  158:12  [1m[31merror[39m[22m[1m  Expected linebreaks to be 'LF' but found 'CRLF'  linebreak-style
  159:20  [1m[31merror[39m[22m[1m  Expected linebreaks to be 'LF' but found 'CRLF'  linebreak-style
  160:31  [1m[31merror[39m[22m[1m  Expected linebreaks to be 'LF' but found 'CRLF'  linebreak-style
  161:23  [1m[31merror[39m[22m[1m  Expected linebreaks to be 'LF' but found 'CRLF'  linebreak-style
  162:34  [1m[31merror[39m[22m[1m  Expected linebreaks to be 'LF' but found 'CRLF'  linebreak-style
  163:37  [1m[31merror[39m[22m[1m  Expected linebreaks to be 'LF' but found 'CRLF'  linebreak-style
  164:18  [1m[31merror[39m[22m[1m  Expected linebreaks to be 'LF' but found 'CRLF'  linebreak-style
  165:10  [1m[31merror[39m[22m[1m  Expected linebreaks to be 'LF' but found 'CRLF'  linebreak-style
  166:46  [1m[31merror[39m[22m[1m  Expected linebreaks to be 'LF' but found 'CRLF'  linebreak-style
  167:9   [1m[31merror[39m[22m[1m  Expected linebreaks to be 'LF' but found 'CRLF'  linebreak-style
  168:6   [1m[31merror[39m[22m[1m  Expected linebreaks to be 'LF' but found 'CRLF'  linebreak-style
  169:8   [1m[31merror[39m[22m[1m  Expected linebreaks to be 'LF' but found 'CRLF'  linebreak-style
  170:14  [1m[31merror[39m[22m[1m  Expected linebreaks to be 'LF' but found 'CRLF'  linebreak-style
  171:5   [1m[31merror[39m[22m[1m  Expected linebreaks to be 'LF' but found 'CRLF'  linebreak-style
  172:1   [1m[31merror[39m[22m[1m  Expected linebreaks to be 'LF' but found 'CRLF'  linebreak-style
  173:46  [1m[31merror[39m[22m[1m  Expected linebreaks to be 'LF' but found 'CRLF'  linebreak-style
  174:10  [1m[31merror[39m[22m[1m  Expected linebreaks to be 'LF' but found 'CRLF'  linebreak-style
  175:76  [1m[31merror[39m[22m[1m  Expected linebreaks to be 'LF' but found 'CRLF'  linebreak-style
  176:1   [1m[31merror[39m[22m[1m  Expected linebreaks to be 'LF' but found 'CRLF'  linebreak-style
  177:37  [1m[31merror[39m[22m[1m  Expected linebreaks to be 'LF' but found 'CRLF'  linebreak-style
  178:68  [1m[31merror[39m[22m[1m  Expected linebreaks to be 'LF' but found 'CRLF'  linebreak-style
  179:72  [1m[31merror[39m[22m[1m  Expected linebreaks to be 'LF' but found 'CRLF'  linebreak-style
  180:15  [1m[31merror[39m[22m[1m  Expected linebreaks to be 'LF' but found 'CRLF'  linebreak-style
  181:46  [1m[31merror[39m[22m[1m  Expected linebreaks to be 'LF' but found 'CRLF'  linebreak-style
  182:8   [1m[31merror[39m[22m[1m  Expected linebreaks to be 'LF' but found 'CRLF'  linebreak-style
  183:20  [1m[31merror[39m[22m[1m  Expected linebreaks to be 'LF' but found 'CRLF'  linebreak-style
  184:29  [1m[31merror[39m[22m[1m  Expected linebreaks to be 'LF' but found 'CRLF'  linebreak-style
  185:6   [1m[31merror[39m[22m[1m  Expected linebreaks to be 'LF' but found 'CRLF'  linebreak-style
  186:5   [1m[31merror[39m[22m[1m  Expected linebreaks to be 'LF' but found 'CRLF'  linebreak-style
  187:1   [1m[31merror[39m[22m[1m  Expected linebreaks to be 'LF' but found 'CRLF'  linebreak-style
  188:43  [1m[31merror[39m[22m[1m  Expected linebreaks to be 'LF' but found 'CRLF'  linebreak-style
  189:64  [1m[31merror[39m[22m[1m  Expected linebreaks to be 'LF' but found 'CRLF'  linebreak-style
  190:21  [1m[31merror[39m[22m[1m  Expected linebreaks to be 'LF' but found 'CRLF'  linebreak-style
  191:31  [1m[31merror[39m[22m[1m  Expected linebreaks to be 'LF' but found 'CRLF'  linebreak-style
  192:6   [1m[31merror[39m[22m[1m  Expected linebreaks to be 'LF' but found 'CRLF'  linebreak-style
  193:5   [1m[31merror[39m[22m[1m  Expected linebreaks to be 'LF' but found 'CRLF'  linebreak-style
  194:1   [1m[31merror[39m[22m[1m  Expected linebreaks to be 'LF' but found 'CRLF'  linebreak-style
  195:49  [1m[31merror[39m[22m[1m  Expected linebreaks to be 'LF' but found 'CRLF'  linebreak-style
  196:1   [1m[31merror[39m[22m[1m  Expected linebreaks to be 'LF' but found 'CRLF'  linebreak-style
  197:17  [1m[31merror[39m[22m[1m  Expected linebreaks to be 'LF' but found 'CRLF'  linebreak-style
  198:31  [1m[31merror[39m[22m[1m  Expected linebreaks to be 'LF' but found 'CRLF'  linebreak-style
  199:4   [1m[31merror[39m[22m[1m  Expected linebreaks to be 'LF' but found 'CRLF'  linebreak-style
  200:1   [1m[31merror[39m[22m[1m  Expected linebreaks to be 'LF' but found 'CRLF'  linebreak-style
  201:15  [1m[31merror[39m[22m[1m  Expected linebreaks to be 'LF' but found 'CRLF'  linebreak-style
  202:13  [1m[31merror[39m[22m[1m  Expected linebreaks to be 'LF' but found 'CRLF'  linebreak-style
  203:10  [1m[31merror[39m[22m[1m  Expected linebreaks to be 'LF' but found 'CRLF'  linebreak-style
  204:15  [1m[31merror[39m[22m[1m  Expected linebreaks to be 'LF' but found 'CRLF'  linebreak-style
  205:14  [1m[31merror[39m[22m[1m  Expected linebreaks to be 'LF' but found 'CRLF'  linebreak-style
  206:16  [1m[31merror[39m[22m[1m  Expected linebreaks to be 'LF' but found 'CRLF'  linebreak-style
  207:14  [1m[31merror[39m[22m[1m  Expected linebreaks to be 'LF' but found 'CRLF'  linebreak-style
  208:41  [1m[31merror[39m[22m[1m  Expected linebreaks to be 'LF' but found 'CRLF'  linebreak-style
  209:11  [1m[31merror[39m[22m[1m  Expected linebreaks to be 'LF' but found 'CRLF'  linebreak-style
  210:7   [1m[31merror[39m[22m[1m  Expected linebreaks to be 'LF' but found 'CRLF'  linebreak-style
  211:4   [1m[31merror[39m[22m[1m  Expected linebreaks to be 'LF' but found 'CRLF'  linebreak-style
  212:1   [1m[31merror[39m[22m[1m  Expected linebreaks to be 'LF' but found 'CRLF'  linebreak-style
  213:60  [1m[31merror[39m[22m[1m  Expected linebreaks to be 'LF' but found 'CRLF'  linebreak-style
  214:44  [1m[31merror[39m[22m[1m  Expected linebreaks to be 'LF' but found 'CRLF'  linebreak-style
  215:13  [1m[31merror[39m[22m[1m  Expected linebreaks to be 'LF' but found 'CRLF'  linebreak-style
  216:9   [1m[31merror[39m[22m[1m  Expected linebreaks to be 'LF' but found 'CRLF'  linebreak-style
  217:12  [1m[31merror[39m[22m[1m  Expected linebreaks to be 'LF' but found 'CRLF'  linebreak-style
  218:22  [1m[31merror[39m[22m[1m  Expected linebreaks to be 'LF' but found 'CRLF'  linebreak-style
  219:16  [1m[31merror[39m[22m[1m  Expected linebreaks to be 'LF' but found 'CRLF'  linebreak-style
  220:26  [1m[31merror[39m[22m[1m  Expected linebreaks to be 'LF' but found 'CRLF'  linebreak-style
  221:13  [1m[31merror[39m[22m[1m  Expected linebreaks to be 'LF' but found 'CRLF'  linebreak-style
  222:1   [1m[31merror[39m[22m[1m  Expected linebreaks to be 'LF' but found 'CRLF'  linebreak-style
  223:15  [1m[31merror[39m[22m[1m  Expected linebreaks to be 'LF' but found 'CRLF'  linebreak-style
  224:22  [1m[31merror[39m[22m[1m  Expected linebreaks to be 'LF' but found 'CRLF'  linebreak-style
  225:22  [1m[31merror[39m[22m[1m  Expected linebreaks to be 'LF' but found 'CRLF'  linebreak-style
  226:29  [1m[31merror[39m[22m[1m  Expected linebreaks to be 'LF' but found 'CRLF'  linebreak-style
  227:36  [1m[31merror[39m[22m[1m  Expected linebreaks to be 'LF' but found 'CRLF'  linebreak-style
  228:29  [1m[31merror[39m[22m[1m  Expected linebreaks to be 'LF' but found 'CRLF'  linebreak-style
  229:34  [1m[31merror[39m[22m[1m  Expected linebreaks to be 'LF' but found 'CRLF'  linebreak-style
  230:11  [1m[31merror[39m[22m[1m  Expected linebreaks to be 'LF' but found 'CRLF'  linebreak-style
  231:10  [1m[31merror[39m[22m[1m  Expected linebreaks to be 'LF' but found 'CRLF'  linebreak-style
  232:7   [1m[31merror[39m[22m[1m  Expected linebreaks to be 'LF' but found 'CRLF'  linebreak-style
  233:4   [1m[31merror[39m[22m[1m  Expected linebreaks to be 'LF' but found 'CRLF'  linebreak-style
  234:1   [1m[31merror[39m[22m[1m  Expected linebreaks to be 'LF' but found 'CRLF'  linebreak-style
  235:44  [1m[31merror[39m[22m[1m  Expected linebreaks to be 'LF' but found 'CRLF'  linebreak-style
  236:1   [1m[31merror[39m[22m[1m  Expected linebreaks to be 'LF' but found 'CRLF'  linebreak-style
  237:42  [1m[31merror[39m[22m[1m  Expected linebreaks to be 'LF' but found 'CRLF'  linebreak-style
  238:27  [1m[31merror[39m[22m[1m  Expected linebreaks to be 'LF' but found 'CRLF'  linebreak-style
  239:31  [1m[31merror[39m[22m[1m  Expected linebreaks to be 'LF' but found 'CRLF'  linebreak-style
  240:35  [1m[31merror[39m[22m[1m  Expected linebreaks to be 'LF' but found 'CRLF'  linebreak-style
  241:8   [1m[31merror[39m[22m[1m  Expected linebreaks to be 'LF' but found 'CRLF'  linebreak-style
  242:23  [1m[31merror[39m[22m[1m  Expected linebreaks to be 'LF' but found 'CRLF'  linebreak-style
  243:6   [1m[31merror[39m[22m[1m  Expected linebreaks to be 'LF' but found 'CRLF'  linebreak-style
  244:39  [1m[31merror[39m[22m[1m  Expected linebreaks to be 'LF' but found 'CRLF'  linebreak-style
  245:74  [1m[31merror[39m[22m[1m  Expected linebreaks to be 'LF' but found 'CRLF'  linebreak-style
  246:20  [1m[31merror[39m[22m[1m  Expected linebreaks to be 'LF' but found 'CRLF'  linebreak-style
  247:6   [1m[31merror[39m[22m[1m  Expected linebreaks to be 'LF' but found 'CRLF'  linebreak-style
  248:1   [1m[31merror[39m[22m[1m  Expected linebreaks to be 'LF' but found 'CRLF'  linebreak-style
  249:30  [1m[31merror[39m[22m[1m  Expected linebreaks to be 'LF' but found 'CRLF'  linebreak-style
  250:1   [1m[31merror[39m[22m[1m  Expected linebreaks to be 'LF' but found 'CRLF'  linebreak-style
  251:43  [1m[31merror[39m[22m[1m  Expected linebreaks to be 'LF' but found 'CRLF'  linebreak-style
  252:47  [1m[31merror[39m[22m[1m  Expected linebreaks to be 'LF' but found 'CRLF'  linebreak-style
  253:61  [1m[31merror[39m[22m[1m  Expected linebreaks to be 'LF' but found 'CRLF'  linebreak-style
  254:85  [1m[31merror[39m[22m[1m  Expected linebreaks to be 'LF' but found 'CRLF'  linebreak-style
  255:30  [1m[31merror[39m[22m[1m  Expected linebreaks to be 'LF' but found 'CRLF'  linebreak-style
  256:13  [1m[31merror[39m[22m[1m  Expected linebreaks to be 'LF' but found 'CRLF'  linebreak-style
  257:32  [1m[31merror[39m[22m[1m  Expected linebreaks to be 'LF' but found 'CRLF'  linebreak-style
  258:42  [1m[31merror[39m[22m[1m  Expected linebreaks to be 'LF' but found 'CRLF'  linebreak-style
  259:33  [1m[31merror[39m[22m[1m  Expected linebreaks to be 'LF' but found 'CRLF'  linebreak-style
  260:33  [1m[31merror[39m[22m[1m  Expected linebreaks to be 'LF' but found 'CRLF'  linebreak-style
  261:35  [1m[31merror[39m[22m[1m  Expected linebreaks to be 'LF' but found 'CRLF'  linebreak-style
  262:60  [1m[31merror[39m[22m[1m  Expected linebreaks to be 'LF' but found 'CRLF'  linebreak-style
  263:1   [1m[31merror[39m[22m[1m  Expected linebreaks to be 'LF' but found 'CRLF'  linebreak-style
  264:35  [1m[31merror[39m[22m[1m  Expected linebreaks to be 'LF' but found 'CRLF'  linebreak-style
  265:11  [1m[31merror[39m[22m[1m  Expected linebreaks to be 'LF' but found 'CRLF'  linebreak-style
  266:36  [1m[31merror[39m[22m[1m  Expected linebreaks to be 'LF' but found 'CRLF'  linebreak-style
  267:35  [1m[31merror[39m[22m[1m  Expected linebreaks to be 'LF' but found 'CRLF'  linebreak-style
  268:37  [1m[31merror[39m[22m[1m  Expected linebreaks to be 'LF' but found 'CRLF'  linebreak-style
  269:41  [1m[31merror[39m[22m[1m  Expected linebreaks to be 'LF' but found 'CRLF'  linebreak-style
  270:41  [1m[31merror[39m[22m[1m  Expected linebreaks to be 'LF' but found 'CRLF'  linebreak-style
  271:10  [1m[31merror[39m[22m[1m  Expected linebreaks to be 'LF' but found 'CRLF'  linebreak-style
  272:22  [1m[31merror[39m[22m[1m  Expected linebreaks to be 'LF' but found 'CRLF'  linebreak-style
  273:8   [1m[31merror[39m[22m[1m  Expected linebreaks to be 'LF' but found 'CRLF'  linebreak-style
  274:1   [1m[31merror[39m[22m[1m  Expected linebreaks to be 'LF' but found 'CRLF'  linebreak-style
  275:56  [1m[31merror[39m[22m[1m  Expected linebreaks to be 'LF' but found 'CRLF'  linebreak-style
  276:70  [1m[31merror[39m[22m[1m  Expected linebreaks to be 'LF' but found 'CRLF'  linebreak-style
  277:1   [1m[31merror[39m[22m[1m  Expected linebreaks to be 'LF' but found 'CRLF'  linebreak-style
  278:90  [1m[31merror[39m[22m[1m  Expected linebreaks to be 'LF' but found 'CRLF'  linebreak-style
  279:11  [1m[31merror[39m[22m[1m  Expected linebreaks to be 'LF' but found 'CRLF'  linebreak-style
  280:35  [1m[31merror[39m[22m[1m  Expected linebreaks to be 'LF' but found 'CRLF'  linebreak-style
  281:40  [1m[31merror[39m[22m[1m  Expected linebreaks to be 'LF' but found 'CRLF'  linebreak-style
  282:33  [1m[31merror[39m[22m[1m  Expected linebreaks to be 'LF' but found 'CRLF'  linebreak-style
  283:35  [1m[31merror[39m[22m[1m  Expected linebreaks to be 'LF' but found 'CRLF'  linebreak-style
  284:39  [1m[31merror[39m[22m[1m  Expected linebreaks to be 'LF' but found 'CRLF'  linebreak-style
  285:39  [1m[31merror[39m[22m[1m  Expected linebreaks to be 'LF' but found 'CRLF'  linebreak-style
  286:10  [1m[31merror[39m[22m[1m  Expected linebreaks to be 'LF' but found 'CRLF'  linebreak-style
  287:21  [1m[31merror[39m[22m[1m  Expected linebreaks to be 'LF' but found 'CRLF'  linebreak-style
  288:8   [1m[31merror[39m[22m[1m  Expected linebreaks to be 'LF' but found 'CRLF'  linebreak-style
  289:1   [1m[31merror[39m[22m[1m  Expected linebreaks to be 'LF' but found 'CRLF'  linebreak-style
  290:20  [1m[31merror[39m[22m[1m  Expected linebreaks to be 'LF' but found 'CRLF'  linebreak-style
  291:6   [1m[31merror[39m[22m[1m  Expected linebreaks to be 'LF' but found 'CRLF'  linebreak-style
  292:1   [1m[31merror[39m[22m[1m  Expected linebreaks to be 'LF' but found 'CRLF'  linebreak-style
  293:66  [1m[31merror[39m[22m[1m  Expected linebreaks to be 'LF' but found 'CRLF'  linebreak-style
  294:31  [1m[31merror[39m[22m[1m  Expected linebreaks to be 'LF' but found 'CRLF'  linebreak-style
  295:29  [1m[31merror[39m[22m[1m  Expected linebreaks to be 'LF' but found 'CRLF'  linebreak-style
  296:5   [1m[31merror[39m[22m[1m  Expected linebreaks to be 'LF' but found 'CRLF'  linebreak-style
  297:1   [1m[31merror[39m[22m[1m  Expected linebreaks to be 'LF' but found 'CRLF'  linebreak-style
  298:11  [1m[31merror[39m[22m[1m  Expected linebreaks to be 'LF' but found 'CRLF'  linebreak-style
  299:7   [1m[31merror[39m[22m[1m  Expected linebreaks to be 'LF' but found 'CRLF'  linebreak-style
  300:35  [1m[31merror[39m[22m[1m  Expected linebreaks to be 'LF' but found 'CRLF'  linebreak-style
  301:15  [1m[31merror[39m[22m[1m  Expected linebreaks to be 'LF' but found 'CRLF'  linebreak-style
  302:22  [1m[31merror[39m[22m[1m  Expected linebreaks to be 'LF' but found 'CRLF'  linebreak-style
  303:22  [1m[31merror[39m[22m[1m  Expected linebreaks to be 'LF' but found 'CRLF'  linebreak-style
  304:29  [1m[31merror[39m[22m[1m  Expected linebreaks to be 'LF' but found 'CRLF'  linebreak-style
  305:36  [1m[31merror[39m[22m[1m  Expected linebreaks to be 'LF' but found 'CRLF'  linebreak-style
  306:29  [1m[31merror[39m[22m[1m  Expected linebreaks to be 'LF' but found 'CRLF'  linebreak-style
  307:34  [1m[31merror[39m[22m[1m  Expected linebreaks to be 'LF' but found 'CRLF'  linebreak-style
  308:11  [1m[31merror[39m[22m[1m  Expected linebreaks to be 'LF' but found 'CRLF'  linebreak-style
  309:13  [1m[31merror[39m[22m[1m  Expected linebreaks to be 'LF' but found 'CRLF'  linebreak-style
  310:1   [1m[31merror[39m[22m[1m  Expected linebreaks to be 'LF' but found 'CRLF'  linebreak-style
  311:62  [1m[31merror[39m[22m[1m  Expected linebreaks to be 'LF' but found 'CRLF'  linebreak-style
  312:18  [1m[31merror[39m[22m[1m  Expected linebreaks to be 'LF' but found 'CRLF'  linebreak-style
  313:28  [1m[31merror[39m[22m[1m  Expected linebreaks to be 'LF' but found 'CRLF'  linebreak-style
  314:19  [1m[31merror[39m[22m[1m  Expected linebreaks to be 'LF' but found 'CRLF'  linebreak-style
  315:1   [1m[31merror[39m[22m[1m  Expected linebreaks to be 'LF' but found 'CRLF'  linebreak-style
  316:16  [1m[31merror[39m[22m[1m  Expected linebreaks to be 'LF' but found 'CRLF'  linebreak-style
  317:15  [1m[31merror[39m[22m[1m  Expected linebreaks to be 'LF' but found 'CRLF'  linebreak-style
  318:39  [1m[31merror[39m[22m[1m  Expected linebreaks to be 'LF' but found 'CRLF'  linebreak-style
  319:18  [1m[31merror[39m[22m[1m  Expected linebreaks to be 'LF' but found 'CRLF'  linebreak-style
  320:29  [1m[31merror[39m[22m[1m  Expected linebreaks to be 'LF' but found 'CRLF'  linebreak-style
  321:50  [1m[31merror[39m[22m[1m  Expected linebreaks to be 'LF' but found 'CRLF'  linebreak-style
  322:49  [1m[31merror[39m[22m[1m  Expected linebreaks to be 'LF' but found 'CRLF'  linebreak-style
  323:16  [1m[31merror[39m[22m[1m  Expected linebreaks to be 'LF' but found 'CRLF'  linebreak-style
  324:39  [1m[31merror[39m[22m[1m  Expected linebreaks to be 'LF' but found 'CRLF'  linebreak-style
  325:21  [1m[31merror[39m[22m[1m  Expected linebreaks to be 'LF' but found 'CRLF'  linebreak-style
  326:28  [1m[31merror[39m[22m[1m  Expected linebreaks to be 'LF' but found 'CRLF'  linebreak-style
  327:26  [1m[31merror[39m[22m[1m  Expected linebreaks to be 'LF' but found 'CRLF'  linebreak-style
  328:22  [1m[31merror[39m[22m[1m  Expected linebreaks to be 'LF' but found 'CRLF'  linebreak-style
  329:40  [1m[31merror[39m[22m[1m  Expected linebreaks to be 'LF' but found 'CRLF'  linebreak-style
  330:22  [1m[31merror[39m[22m[1m  Expected linebreaks to be 'LF' but found 'CRLF'  linebreak-style
  331:26  [1m[31merror[39m[22m[1m  Expected linebreaks to be 'LF' but found 'CRLF'  linebreak-style
  332:36  [1m[31merror[39m[22m[1m  Expected linebreaks to be 'LF' but found 'CRLF'  linebreak-style
  333:22  [1m[31merror[39m[22m[1m  Expected linebreaks to be 'LF' but found 'CRLF'  linebreak-style
  334:22  [1m[31merror[39m[22m[1m  Expected linebreaks to be 'LF' but found 'CRLF'  linebreak-style
  335:36  [1m[31merror[39m[22m[1m  Expected linebreaks to be 'LF' but found 'CRLF'  linebreak-style
  336:19  [1m[31merror[39m[22m[1m  Expected linebreaks to be 'LF' but found 'CRLF'  linebreak-style
  337:20  [1m[31merror[39m[22m[1m  Expected linebreaks to be 'LF' but found 'CRLF'  linebreak-style
  338:16  [1m[31merror[39m[22m[1m  Expected linebreaks to be 'LF' but found 'CRLF'  linebreak-style
  339:17  [1m[31merror[39m[22m[1m  Expected linebreaks to be 'LF' but found 'CRLF'  linebreak-style
  340:62  [1m[31merror[39m[22m[1m  Expected linebreaks to be 'LF' but found 'CRLF'  linebreak-style
  341:18  [1m[31merror[39m[22m[1m  Expected linebreaks to be 'LF' but found 'CRLF'  linebreak-style
  342:16  [1m[31merror[39m[22m[1m  Expected linebreaks to be 'LF' but found 'CRLF'  linebreak-style
  343:17  [1m[31merror[39m[22m[1m  Expected linebreaks to be 'LF' but found 'CRLF'  linebreak-style
  344:1   [1m[31merror[39m[22m[1m  Expected linebreaks to be 'LF' but found 'CRLF'  linebreak-style
  345:16  [1m[31merror[39m[22m[1m  Expected linebreaks to be 'LF' but found 'CRLF'  linebreak-style
  346:37  [1m[31merror[39m[22m[1m  Expected linebreaks to be 'LF' but found 'CRLF'  linebreak-style
  347:30  [1m[31merror[39m[22m[1m  Expected linebreaks to be 'LF' but found 'CRLF'  linebreak-style
  348:41  [1m[31merror[39m[22m[1m  Expected linebreaks to be 'LF' but found 'CRLF'  linebreak-style
  349:42  [1m[31merror[39m[22m[1m  Expected linebreaks to be 'LF' but found 'CRLF'  linebreak-style
  350:27  [1m[31merror[39m[22m[1m  Expected linebreaks to be 'LF' but found 'CRLF'  linebreak-style
  351:24  [1m[31merror[39m[22m[1m  Expected linebreaks to be 'LF' but found 'CRLF'  linebreak-style
  352:35  [1m[31merror[39m[22m[1m  Expected linebreaks to be 'LF' but found 'CRLF'  linebreak-style
  353:56  [1m[31merror[39m[22m[1m  Expected linebreaks to be 'LF' but found 'CRLF'  linebreak-style
  354:60  [1m[31merror[39m[22m[1m  Expected linebreaks to be 'LF' but found 'CRLF'  linebreak-style
  355:70  [1m[31merror[39m[22m[1m  Expected linebreaks to be 'LF' but found 'CRLF'  linebreak-style
  356:39  [1m[31merror[39m[22m[1m  Expected linebreaks to be 'LF' but found 'CRLF'  linebreak-style
  357:43  [1m[31merror[39m[22m[1m  Expected linebreaks to be 'LF' but found 'CRLF'  linebreak-style
  358:55  [1m[31merror[39m[22m[1m  Expected linebreaks to be 'LF' but found 'CRLF'  linebreak-style
  359:26  [1m[31merror[39m[22m[1m  Expected linebreaks to be 'LF' but found 'CRLF'  linebreak-style
  360:25  [1m[31merror[39m[22m[1m  Expected linebreaks to be 'LF' but found 'CRLF'  linebreak-style
  361:46  [1m[31merror[39m[22m[1m  Expected linebreaks to be 'LF' but found 'CRLF'  linebreak-style
  362:22  [1m[31merror[39m[22m[1m  Expected linebreaks to be 'LF' but found 'CRLF'  linebreak-style
  363:36  [1m[31merror[39m[22m[1m  Expected linebreaks to be 'LF' but found 'CRLF'  linebreak-style
  364:26  [1m[31merror[39m[22m[1m  Expected linebreaks to be 'LF' but found 'CRLF'  linebreak-style
  365:21  [1m[31merror[39m[22m[1m  Expected linebreaks to be 'LF' but found 'CRLF'  linebreak-style
  366:18  [1m[31merror[39m[22m[1m  Expected linebreaks to be 'LF' but found 'CRLF'  linebreak-style
  367:1   [1m[31merror[39m[22m[1m  Expected linebreaks to be 'LF' but found 'CRLF'  linebreak-style
  368:25  [1m[31merror[39m[22m[1m  Expected linebreaks to be 'LF' but found 'CRLF'  linebreak-style
  369:22  [1m[31merror[39m[22m[1m  Expected linebreaks to be 'LF' but found 'CRLF'  linebreak-style
  370:33  [1m[31merror[39m[22m[1m  Expected linebreaks to be 'LF' but found 'CRLF'  linebreak-style
  371:54  [1m[31merror[39m[22m[1m  Expected linebreaks to be 'LF' but found 'CRLF'  linebreak-style
  372:58  [1m[31merror[39m[22m[1m  Expected linebreaks to be 'LF' but found 'CRLF'  linebreak-style
  373:20  [1m[31merror[39m[22m[1m  Expected linebreaks to be 'LF' but found 'CRLF'  linebreak-style
  374:34  [1m[31merror[39m[22m[1m  Expected linebreaks to be 'LF' but found 'CRLF'  linebreak-style
  375:24  [1m[31merror[39m[22m[1m  Expected linebreaks to be 'LF' but found 'CRLF'  linebreak-style
  376:19  [1m[31merror[39m[22m[1m  Expected linebreaks to be 'LF' but found 'CRLF'  linebreak-style
  377:18  [1m[31merror[39m[22m[1m  Expected linebreaks to be 'LF' but found 'CRLF'  linebreak-style
  378:1   [1m[31merror[39m[22m[1m  Expected linebreaks to be 'LF' but found 'CRLF'  linebreak-style
  379:38  [1m[31merror[39m[22m[1m  Expected linebreaks to be 'LF' but found 'CRLF'  linebreak-style
  380:24  [1m[31merror[39m[22m[1m  Expected linebreaks to be 'LF' but found 'CRLF'  linebreak-style
  381:32  [1m[31merror[39m[22m[1m  Expected linebreaks to be 'LF' but found 'CRLF'  linebreak-style
  382:35  [1m[31merror[39m[22m[1m  Expected linebreaks to be 'LF' but found 'CRLF'  linebreak-style
  383:66  [1m[31merror[39m[22m[1m  Expected linebreaks to be 'LF' but found 'CRLF'  linebreak-style
  384:21  [1m[31merror[39m[22m[1m  Expected linebreaks to be 'LF' but found 'CRLF'  linebreak-style
  385:18  [1m[31merror[39m[22m[1m  Expected linebreaks to be 'LF' but found 'CRLF'  linebreak-style
  386:26  [1m[31merror[39m[22m[1m  Expected linebreaks to be 'LF' but found 'CRLF'  linebreak-style
  387:26  [1m[31merror[39m[22m[1m  Expected linebreaks to be 'LF' but found 'CRLF'  linebreak-style
  388:1   [1m[31merror[39m[22m[1m  Expected linebreaks to be 'LF' but found 'CRLF'  linebreak-style
  389:39  [1m[31merror[39m[22m[1m  Expected linebreaks to be 'LF' but found 'CRLF'  linebreak-style
  390:21  [1m[31merror[39m[22m[1m  Expected linebreaks to be 'LF' but found 'CRLF'  linebreak-style
  391:67  [1m[31merror[39m[22m[1m  Expected linebreaks to be 'LF' but found 'CRLF'  linebreak-style
  392:46  [1m[31merror[39m[22m[1m  Expected linebreaks to be 'LF' but found 'CRLF'  linebreak-style
  393:36  [1m[31merror[39m[22m[1m  Expected linebreaks to be 'LF' but found 'CRLF'  linebreak-style
  394:37  [1m[31merror[39m[22m[1m  Expected linebreaks to be 'LF' but found 'CRLF'  linebreak-style
  395:20  [1m[31merror[39m[22m[1m  Expected linebreaks to be 'LF' but found 'CRLF'  linebreak-style
  396:29  [1m[31merror[39m[22m[1m  Expected linebreaks to be 'LF' but found 'CRLF'  linebreak-style
  397:23  [1m[31merror[39m[22m[1m  Expected linebreaks to be 'LF' but found 'CRLF'  linebreak-style
  398:26  [1m[31merror[39m[22m[1m  Expected linebreaks to be 'LF' but found 'CRLF'  linebreak-style
  399:20  [1m[31merror[39m[22m[1m  Expected linebreaks to be 'LF' but found 'CRLF'  linebreak-style
  400:1   [1m[31merror[39m[22m[1m  Expected linebreaks to be 'LF' but found 'CRLF'  linebreak-style
  401:38  [1m[31merror[39m[22m[1m  Expected linebreaks to be 'LF' but found 'CRLF'  linebreak-style
  402:53  [1m[31merror[39m[22m[1m  Expected linebreaks to be 'LF' but found 'CRLF'  linebreak-style
  403:44  [1m[31merror[39m[22m[1m  Expected linebreaks to be 'LF' but found 'CRLF'  linebreak-style
  404:37  [1m[31merror[39m[22m[1m  Expected linebreaks to be 'LF' but found 'CRLF'  linebreak-style
  405:50  [1m[31merror[39m[22m[1m  Expected linebreaks to be 'LF' but found 'CRLF'  linebreak-style
  406:47  [1m[31merror[39m[22m[1m  Expected linebreaks to be 'LF' but found 'CRLF'  linebreak-style
  407:21  [1m[31merror[39m[22m[1m  Expected linebreaks to be 'LF' but found 'CRLF'  linebreak-style
  408:26  [1m[31merror[39m[22m[1m  Expected linebreaks to be 'LF' but found 'CRLF'  linebreak-style
  409:24  [1m[31merror[39m[22m[1m  Expected linebreaks to be 'LF' but found 'CRLF'  linebreak-style
  410:32  [1m[31merror[39m[22m[1m  Expected linebreaks to be 'LF' but found 'CRLF'  linebreak-style
  411:35  [1m[31merror[39m[22m[1m  Expected linebreaks to be 'LF' but found 'CRLF'  linebreak-style
  412:44  [1m[31merror[39m[22m[1m  Expected linebreaks to be 'LF' but found 'CRLF'  linebreak-style
  413:21  [1m[31merror[39m[22m[1m  Expected linebreaks to be 'LF' but found 'CRLF'  linebreak-style
  414:38  [1m[31merror[39m[22m[1m  Expected linebreaks to be 'LF' but found 'CRLF'  linebreak-style
  415:18  [1m[31merror[39m[22m[1m  Expected linebreaks to be 'LF' but found 'CRLF'  linebreak-style
  416:25  [1m[31merror[39m[22m[1m  Expected linebreaks to be 'LF' but found 'CRLF'  linebreak-style
  417:26  [1m[31merror[39m[22m[1m  Expected linebreaks to be 'LF' but found 'CRLF'  linebreak-style
  418:20  [1m[31merror[39m[22m[1m  Expected linebreaks to be 'LF' but found 'CRLF'  linebreak-style
  419:18  [1m[31merror[39m[22m[1m  Expected linebreaks to be 'LF' but found 'CRLF'  linebreak-style
  420:14  [1m[31merror[39m[22m[1m  Expected linebreaks to be 'LF' but found 'CRLF'  linebreak-style
  421:17  [1m[31merror[39m[22m[1m  Expected linebreaks to be 'LF' but found 'CRLF'  linebreak-style
  422:15  [1m[31merror[39m[22m[1m  Expected linebreaks to be 'LF' but found 'CRLF'  linebreak-style
  423:8   [1m[31merror[39m[22m[1m  Expected linebreaks to be 'LF' but found 'CRLF'  linebreak-style
  424:5   [1m[31merror[39m[22m[1m  Expected linebreaks to be 'LF' but found 'CRLF'  linebreak-style
  425:3   [1m[31merror[39m[22m[1m  Expected linebreaks to be 'LF' but found 'CRLF'  linebreak-style
  426:1   [1m[31merror[39m[22m[1m  Expected linebreaks to be 'LF' but found 'CRLF'  linebreak-style
  427:23  [1m[31merror[39m[22m[1m  Expected linebreaks to be 'LF' but found 'CRLF'  linebreak-style

C:\Users\blaha5\Downloads\da\reactkys\crmWAcv\src\components\exportForm.jsx
    1:27   [1m[31merror[39m[22m[1m  Expected linebreaks to be 'LF' but found 'CRLF'  linebreak-style
    2:52   [1m[31merror[39m[22m[1m  Expected linebreaks to be 'LF' but found 'CRLF'  linebreak-style
    3:43   [1m[31merror[39m[22m[1m  Expected linebreaks to be 'LF' but found 'CRLF'  linebreak-style
    4:40   [1m[31merror[39m[22m[1m  Expected linebreaks to be 'LF' but found 'CRLF'  linebreak-style
    5:1    [1m[31merror[39m[22m[1m  Expected linebreaks to be 'LF' but found 'CRLF'  linebreak-style
    6:27   [1m[31merror[39m[22m[1m  Expected linebreaks to be 'LF' but found 'CRLF'  linebreak-style
    7:31   [1m[31merror[39m[22m[1m  Expected linebreaks to be 'LF' but found 'CRLF'  linebreak-style
    8:63   [1m[31merror[39m[22m[1m  Expected linebreaks to be 'LF' but found 'CRLF'  linebreak-style
    9:48   [1m[31merror[39m[22m[1m  Expected linebreaks to be 'LF' but found 'CRLF'  linebreak-style
   10:40   [1m[31merror[39m[22m[1m  Expected linebreaks to be 'LF' but found 'CRLF'  linebreak-style
   11:54   [1m[31merror[39m[22m[1m  Expected linebreaks to be 'LF' but found 'CRLF'  linebreak-style
   12:63   [1m[31merror[39m[22m[1m  Expected linebreaks to be 'LF' but found 'CRLF'  linebreak-style
   13:41   [1m[31merror[39m[22m[1m  Expected linebreaks to be 'LF' but found 'CRLF'  linebreak-style
   14:14   [1m[31merror[39m[22m[1m  Expected linebreaks to be 'LF' but found 'CRLF'  linebreak-style
   15:17   [1m[31merror[39m[22m[1m  Expected linebreaks to be 'LF' but found 'CRLF'  linebreak-style
   16:15   [1m[31merror[39m[22m[1m  Expected linebreaks to be 'LF' but found 'CRLF'  linebreak-style
   17:6    [1m[31merror[39m[22m[1m  Expected linebreaks to be 'LF' but found 'CRLF'  linebreak-style
   18:41   [1m[31merror[39m[22m[1m  Expected linebreaks to be 'LF' but found 'CRLF'  linebreak-style
   19:25   [1m[31merror[39m[22m[1m  Expected linebreaks to be 'LF' but found 'CRLF'  linebreak-style
   20:19   [1m[31merror[39m[22m[1m  Expected linebreaks to be 'LF' but found 'CRLF'  linebreak-style
   21:22   [1m[31merror[39m[22m[1m  Expected linebreaks to be 'LF' but found 'CRLF'  linebreak-style
   22:19   [1m[31merror[39m[22m[1m  Expected linebreaks to be 'LF' but found 'CRLF'  linebreak-style
   23:28   [1m[31merror[39m[22m[1m  Expected linebreaks to be 'LF' but found 'CRLF'  linebreak-style
   24:19   [1m[31merror[39m[22m[1m  Expected linebreaks to be 'LF' but found 'CRLF'  linebreak-style
   25:19   [1m[31merror[39m[22m[1m  Expected linebreaks to be 'LF' but found 'CRLF'  linebreak-style
   26:6    [1m[31merror[39m[22m[1m  Expected linebreaks to be 'LF' but found 'CRLF'  linebreak-style
   27:37   [1m[31merror[39m[22m[1m  Expected linebreaks to be 'LF' but found 'CRLF'  linebreak-style
   28:40   [1m[31merror[39m[22m[1m  Expected linebreaks to be 'LF' but found 'CRLF'  linebreak-style
   29:32   [1m[31merror[39m[22m[1m  Expected linebreaks to be 'LF' but found 'CRLF'  linebreak-style
   30:37   [1m[31merror[39m[22m[1m  Expected linebreaks to be 'LF' but found 'CRLF'  linebreak-style
   31:68   [1m[31merror[39m[22m[1m  Expected linebreaks to be 'LF' but found 'CRLF'  linebreak-style
   32:38   [1m[31merror[39m[22m[1m  Expected linebreaks to be 'LF' but found 'CRLF'  linebreak-style
   33:10   [1m[31merror[39m[22m[1m  Expected linebreaks to be 'LF' but found 'CRLF'  linebreak-style
   34:8    [1m[31merror[39m[22m[1m  Expected linebreaks to be 'LF' but found 'CRLF'  linebreak-style
   35:28   [1m[31merror[39m[22m[1m  Expected linebreaks to be 'LF' but found 'CRLF'  linebreak-style
   36:8    [1m[31merror[39m[22m[1m  Expected linebreaks to be 'LF' but found 'CRLF'  linebreak-style
   37:5    [1m[31merror[39m[22m[1m  Expected linebreaks to be 'LF' but found 'CRLF'  linebreak-style
   38:1    [1m[31merror[39m[22m[1m  Expected linebreaks to be 'LF' but found 'CRLF'  linebreak-style
   39:20   [1m[31merror[39m[22m[1m  Expected linebreaks to be 'LF' but found 'CRLF'  linebreak-style
   40:25   [1m[31merror[39m[22m[1m  Expected linebreaks to be 'LF' but found 'CRLF'  linebreak-style
   41:34   [1m[31merror[39m[22m[1m  Expected linebreaks to be 'LF' but found 'CRLF'  linebreak-style
   42:28   [1m[31merror[39m[22m[1m  Expected linebreaks to be 'LF' but found 'CRLF'  linebreak-style
   43:43   [1m[31merror[39m[22m[1m  Expected linebreaks to be 'LF' but found 'CRLF'  linebreak-style
   44:30   [1m[31merror[39m[22m[1m  Expected linebreaks to be 'LF' but found 'CRLF'  linebreak-style
   45:27   [1m[31merror[39m[22m[1m  Expected linebreaks to be 'LF' but found 'CRLF'  linebreak-style
   46:9    [1m[31merror[39m[22m[1m  Expected linebreaks to be 'LF' but found 'CRLF'  linebreak-style
   47:26   [1m[31merror[39m[22m[1m  Expected linebreaks to be 'LF' but found 'CRLF'  linebreak-style
   48:35   [1m[31merror[39m[22m[1m  Expected linebreaks to be 'LF' but found 'CRLF'  linebreak-style
   49:50   [1m[31merror[39m[22m[1m  Expected linebreaks to be 'LF' but found 'CRLF'  linebreak-style
   50:27   [1m[31merror[39m[22m[1m  Expected linebreaks to be 'LF' but found 'CRLF'  linebreak-style
   51:10   [1m[31merror[39m[22m[1m  Expected linebreaks to be 'LF' but found 'CRLF'  linebreak-style
   52:10   [1m[31merror[39m[22m[1m  Expected linebreaks to be 'LF' but found 'CRLF'  linebreak-style
   53:1    [1m[31merror[39m[22m[1m  Expected linebreaks to be 'LF' but found 'CRLF'  linebreak-style
   54:42   [1m[31merror[39m[22m[1m  Expected linebreaks to be 'LF' but found 'CRLF'  linebreak-style
   55:44   [1m[31merror[39m[22m[1m  Expected linebreaks to be 'LF' but found 'CRLF'  linebreak-style
   56:32   [1m[31merror[39m[22m[1m  Expected linebreaks to be 'LF' but found 'CRLF'  linebreak-style
   57:20   [1m[31merror[39m[22m[1m  Expected linebreaks to be 'LF' but found 'CRLF'  linebreak-style
   58:23   [1m[31merror[39m[22m[1m  Expected linebreaks to be 'LF' but found 'CRLF'  linebreak-style
   59:9    [1m[31merror[39m[22m[1m  Expected linebreaks to be 'LF' but found 'CRLF'  linebreak-style
   60:5    [1m[31merror[39m[22m[1m  Expected linebreaks to be 'LF' but found 'CRLF'  linebreak-style
   61:42   [1m[31merror[39m[22m[1m  Expected linebreaks to be 'LF' but found 'CRLF'  linebreak-style
   62:44   [1m[31merror[39m[22m[1m  Expected linebreaks to be 'LF' but found 'CRLF'  linebreak-style
   63:32   [1m[31merror[39m[22m[1m  Expected linebreaks to be 'LF' but found 'CRLF'  linebreak-style
   64:20   [1m[31merror[39m[22m[1m  Expected linebreaks to be 'LF' but found 'CRLF'  linebreak-style
   65:23   [1m[31merror[39m[22m[1m  Expected linebreaks to be 'LF' but found 'CRLF'  linebreak-style
   66:9    [1m[31merror[39m[22m[1m  Expected linebreaks to be 'LF' but found 'CRLF'  linebreak-style
   67:5    [1m[31merror[39m[22m[1m  Expected linebreaks to be 'LF' but found 'CRLF'  linebreak-style
   68:43   [1m[31merror[39m[22m[1m  Expected linebreaks to be 'LF' but found 'CRLF'  linebreak-style
   69:44   [1m[31merror[39m[22m[1m  Expected linebreaks to be 'LF' but found 'CRLF'  linebreak-style
   70:41   [1m[31merror[39m[22m[1m  Expected linebreaks to be 'LF' but found 'CRLF'  linebreak-style
   71:20   [1m[31merror[39m[22m[1m  Expected linebreaks to be 'LF' but found 'CRLF'  linebreak-style
   72:23   [1m[31merror[39m[22m[1m  Expected linebreaks to be 'LF' but found 'CRLF'  linebreak-style
   73:9    [1m[31merror[39m[22m[1m  Expected linebreaks to be 'LF' but found 'CRLF'  linebreak-style
   74:5    [1m[31merror[39m[22m[1m  Expected linebreaks to be 'LF' but found 'CRLF'  linebreak-style
   75:1    [1m[31merror[39m[22m[1m  Expected linebreaks to be 'LF' but found 'CRLF'  linebreak-style
   76:32   [1m[31merror[39m[22m[1m  Expected linebreaks to be 'LF' but found 'CRLF'  linebreak-style
   77:40   [1m[31merror[39m[22m[1m  Expected linebreaks to be 'LF' but found 'CRLF'  linebreak-style
   78:5    [1m[31merror[39m[22m[1m  Expected linebreaks to be 'LF' but found 'CRLF'  linebreak-style
   79:1    [1m[31merror[39m[22m[1m  Expected linebreaks to be 'LF' but found 'CRLF'  linebreak-style
   80:42   [1m[31merror[39m[22m[1m  Expected linebreaks to be 'LF' but found 'CRLF'  linebreak-style
   81:28   [1m[31merror[39m[22m[1m  Expected linebreaks to be 'LF' but found 'CRLF'  linebreak-style
   82:17   [1m[31merror[39m[22m[1m  Expected linebreaks to be 'LF' but found 'CRLF'  linebreak-style
   83:23   [1m[31merror[39m[22m[1m  Expected linebreaks to be 'LF' but found 'CRLF'  linebreak-style
   84:14   [1m[31merror[39m[22m[1m  Expected linebreaks to be 'LF' but found 'CRLF'  linebreak-style
   85:14   [1m[31merror[39m[22m[1m  Expected linebreaks to be 'LF' but found 'CRLF'  linebreak-style
   86:15   [1m[31merror[39m[22m[1m  Expected linebreaks to be 'LF' but found 'CRLF'  linebreak-style
   87:7    [1m[31merror[39m[22m[1m  Expected linebreaks to be 'LF' but found 'CRLF'  linebreak-style
   88:10   [1m[31merror[39m[22m[1m  Expected linebreaks to be 'LF' but found 'CRLF'  linebreak-style
   89:49   [1m[31merror[39m[22m[1m  Expected linebreaks to be 'LF' but found 'CRLF'  linebreak-style
   90:83   [1m[31merror[39m[22m[1m  Expected linebreaks to be 'LF' but found 'CRLF'  linebreak-style
   91:24   [1m[31merror[39m[22m[1m  Expected linebreaks to be 'LF' but found 'CRLF'  linebreak-style
   92:19   [1m[31merror[39m[22m[1m  Expected linebreaks to be 'LF' but found 'CRLF'  linebreak-style
   93:46   [1m[31merror[39m[22m[1m  Expected linebreaks to be 'LF' but found 'CRLF'  linebreak-style
   94:11   [1m[31merror[39m[22m[1m  Expected linebreaks to be 'LF' but found 'CRLF'  linebreak-style
   95:40   [1m[31merror[39m[22m[1m  Expected linebreaks to be 'LF' but found 'CRLF'  linebreak-style
   96:10   [1m[31merror[39m[22m[1m  Expected linebreaks to be 'LF' but found 'CRLF'  linebreak-style
   97:44   [1m[31merror[39m[22m[1m  Expected linebreaks to be 'LF' but found 'CRLF'  linebreak-style
   98:28   [1m[31merror[39m[22m[1m  Expected linebreaks to be 'LF' but found 'CRLF'  linebreak-style
   99:18   [1m[31merror[39m[22m[1m  Expected linebreaks to be 'LF' but found 'CRLF'  linebreak-style
  100:37   [1m[31merror[39m[22m[1m  Expected linebreaks to be 'LF' but found 'CRLF'  linebreak-style
  101:31   [1m[31merror[39m[22m[1m  Expected linebreaks to be 'LF' but found 'CRLF'  linebreak-style
  102:6    [1m[31merror[39m[22m[1m  Expected linebreaks to be 'LF' but found 'CRLF'  linebreak-style
  103:5    [1m[31merror[39m[22m[1m  Expected linebreaks to be 'LF' but found 'CRLF'  linebreak-style
  104:1    [1m[31merror[39m[22m[1m  Expected linebreaks to be 'LF' but found 'CRLF'  linebreak-style
  105:38   [1m[31merror[39m[22m[1m  Expected linebreaks to be 'LF' but found 'CRLF'  linebreak-style
  106:40   [1m[31merror[39m[22m[1m  Expected linebreaks to be 'LF' but found 'CRLF'  linebreak-style
  107:32   [1m[31merror[39m[22m[1m  Expected linebreaks to be 'LF' but found 'CRLF'  linebreak-style
  108:37   [1m[31merror[39m[22m[1m  Expected linebreaks to be 'LF' but found 'CRLF'  linebreak-style
  109:68   [1m[31merror[39m[22m[1m  Expected linebreaks to be 'LF' but found 'CRLF'  linebreak-style
  110:48   [1m[31merror[39m[22m[1m  Expected linebreaks to be 'LF' but found 'CRLF'  linebreak-style
  111:10   [1m[31merror[39m[22m[1m  Expected linebreaks to be 'LF' but found 'CRLF'  linebreak-style
  112:8    [1m[31merror[39m[22m[1m  Expected linebreaks to be 'LF' but found 'CRLF'  linebreak-style
  113:28   [1m[31merror[39m[22m[1m  Expected linebreaks to be 'LF' but found 'CRLF'  linebreak-style
  114:8    [1m[31merror[39m[22m[1m  Expected linebreaks to be 'LF' but found 'CRLF'  linebreak-style
  115:5    [1m[31merror[39m[22m[1m  Expected linebreaks to be 'LF' but found 'CRLF'  linebreak-style
  116:1    [1m[31merror[39m[22m[1m  Expected linebreaks to be 'LF' but found 'CRLF'  linebreak-style
  117:17   [1m[31merror[39m[22m[1m  Expected linebreaks to be 'LF' but found 'CRLF'  linebreak-style
  118:55   [1m[31merror[39m[22m[1m  Expected linebreaks to be 'LF' but found 'CRLF'  linebreak-style
  119:4    [1m[31merror[39m[22m[1m  Expected linebreaks to be 'LF' but found 'CRLF'  linebreak-style
  120:1    [1m[31merror[39m[22m[1m  Expected linebreaks to be 'LF' but found 'CRLF'  linebreak-style
  121:11   [1m[31merror[39m[22m[1m  Expected linebreaks to be 'LF' but found 'CRLF'  linebreak-style
  122:58   [1m[31merror[39m[22m[1m  Expected linebreaks to be 'LF' but found 'CRLF'  linebreak-style
  123:97   [1m[31merror[39m[22m[1m  Expected linebreaks to be 'LF' but found 'CRLF'  linebreak-style
  124:39   [1m[31merror[39m[22m[1m  Expected linebreaks to be 'LF' but found 'CRLF'  linebreak-style
  125:16   [1m[31merror[39m[22m[1m  Expected linebreaks to be 'LF' but found 'CRLF'  linebreak-style
  126:40   [1m[31merror[39m[22m[1m  Expected linebreaks to be 'LF' but found 'CRLF'  linebreak-style
  127:47   [1m[31merror[39m[22m[1m  Expected linebreaks to be 'LF' but found 'CRLF'  linebreak-style
  128:29   [1m[31merror[39m[22m[1m  Expected linebreaks to be 'LF' but found 'CRLF'  linebreak-style
  129:37   [1m[31merror[39m[22m[1m  Expected linebreaks to be 'LF' but found 'CRLF'  linebreak-style
  130:21   [1m[31merror[39m[22m[1m  Expected linebreaks to be 'LF' but found 'CRLF'  linebreak-style
  131:32   [1m[31merror[39m[22m[1m  Expected linebreaks to be 'LF' but found 'CRLF'  linebreak-style
  132:28   [1m[31merror[39m[22m[1m  Expected linebreaks to be 'LF' but found 'CRLF'  linebreak-style
  133:30   [1m[31merror[39m[22m[1m  Expected linebreaks to be 'LF' but found 'CRLF'  linebreak-style
  134:41   [1m[31merror[39m[22m[1m  Expected linebreaks to be 'LF' but found 'CRLF'  linebreak-style
  135:46   [1m[31merror[39m[22m[1m  Expected linebreaks to be 'LF' but found 'CRLF'  linebreak-style
  136:17   [1m[31merror[39m[22m[1m  Expected linebreaks to be 'LF' but found 'CRLF'  linebreak-style
  137:23   [1m[31merror[39m[22m[1m  Expected linebreaks to be 'LF' but found 'CRLF'  linebreak-style
  138:21   [1m[31merror[39m[22m[1m  Expected linebreaks to be 'LF' but found 'CRLF'  linebreak-style
  139:17   [1m[31merror[39m[22m[1m  Expected linebreaks to be 'LF' but found 'CRLF'  linebreak-style
  140:12   [1m[31merror[39m[22m[1m  Expected linebreaks to be 'LF' but found 'CRLF'  linebreak-style
  141:17   [1m[31merror[39m[22m[1m  Expected linebreaks to be 'LF' but found 'CRLF'  linebreak-style
  142:16   [1m[31merror[39m[22m[1m  Expected linebreaks to be 'LF' but found 'CRLF'  linebreak-style
  143:40   [1m[31merror[39m[22m[1m  Expected linebreaks to be 'LF' but found 'CRLF'  linebreak-style
  144:47   [1m[31merror[39m[22m[1m  Expected linebreaks to be 'LF' but found 'CRLF'  linebreak-style
  145:29   [1m[31merror[39m[22m[1m  Expected linebreaks to be 'LF' but found 'CRLF'  linebreak-style
  146:37   [1m[31merror[39m[22m[1m  Expected linebreaks to be 'LF' but found 'CRLF'  linebreak-style
  147:21   [1m[31merror[39m[22m[1m  Expected linebreaks to be 'LF' but found 'CRLF'  linebreak-style
  148:32   [1m[31merror[39m[22m[1m  Expected linebreaks to be 'LF' but found 'CRLF'  linebreak-style
  149:28   [1m[31merror[39m[22m[1m  Expected linebreaks to be 'LF' but found 'CRLF'  linebreak-style
  150:30   [1m[31merror[39m[22m[1m  Expected linebreaks to be 'LF' but found 'CRLF'  linebreak-style
  151:41   [1m[31merror[39m[22m[1m  Expected linebreaks to be 'LF' but found 'CRLF'  linebreak-style
  152:46   [1m[31merror[39m[22m[1m  Expected linebreaks to be 'LF' but found 'CRLF'  linebreak-style
  153:17   [1m[31merror[39m[22m[1m  Expected linebreaks to be 'LF' but found 'CRLF'  linebreak-style
  154:23   [1m[31merror[39m[22m[1m  Expected linebreaks to be 'LF' but found 'CRLF'  linebreak-style
  155:21   [1m[31merror[39m[22m[1m  Expected linebreaks to be 'LF' but found 'CRLF'  linebreak-style
  156:17   [1m[31merror[39m[22m[1m  Expected linebreaks to be 'LF' but found 'CRLF'  linebreak-style
  157:12   [1m[31merror[39m[22m[1m  Expected linebreaks to be 'LF' but found 'CRLF'  linebreak-style
  158:17   [1m[31merror[39m[22m[1m  Expected linebreaks to be 'LF' but found 'CRLF'  linebreak-style
  159:103  [1m[31merror[39m[22m[1m  Expected linebreaks to be 'LF' but found 'CRLF'  linebreak-style
  160:74   [1m[31merror[39m[22m[1m  Expected linebreaks to be 'LF' but found 'CRLF'  linebreak-style
  161:38   [1m[31merror[39m[22m[1m  Expected linebreaks to be 'LF' but found 'CRLF'  linebreak-style
  162:57   [1m[31merror[39m[22m[1m  Expected linebreaks to be 'LF' but found 'CRLF'  linebreak-style
  163:26   [1m[31merror[39m[22m[1m  Expected linebreaks to be 'LF' but found 'CRLF'  linebreak-style
  164:34   [1m[31merror[39m[22m[1m  Expected linebreaks to be 'LF' but found 'CRLF'  linebreak-style
  165:21   [1m[31merror[39m[22m[1m  Expected linebreaks to be 'LF' but found 'CRLF'  linebreak-style
  166:32   [1m[31merror[39m[22m[1m  Expected linebreaks to be 'LF' but found 'CRLF'  linebreak-style
  167:27   [1m[31merror[39m[22m[1m  Expected linebreaks to be 'LF' but found 'CRLF'  linebreak-style
  168:25   [1m[31merror[39m[22m[1m  Expected linebreaks to be 'LF' but found 'CRLF'  linebreak-style
  169:39   [1m[31merror[39m[22m[1m  Expected linebreaks to be 'LF' but found 'CRLF'  linebreak-style
  170:30   [1m[31merror[39m[22m[1m  Expected linebreaks to be 'LF' but found 'CRLF'  linebreak-style
  171:47   [1m[31merror[39m[22m[1m  Expected linebreaks to be 'LF' but found 'CRLF'  linebreak-style
  172:17   [1m[31merror[39m[22m[1m  Expected linebreaks to be 'LF' but found 'CRLF'  linebreak-style
  173:20   [1m[31merror[39m[22m[1m  Expected linebreaks to be 'LF' but found 'CRLF'  linebreak-style
  174:21   [1m[31merror[39m[22m[1m  Expected linebreaks to be 'LF' but found 'CRLF'  linebreak-style
  175:17   [1m[31merror[39m[22m[1m  Expected linebreaks to be 'LF' but found 'CRLF'  linebreak-style
  176:12   [1m[31merror[39m[22m[1m  Expected linebreaks to be 'LF' but found 'CRLF'  linebreak-style
  177:89   [1m[31merror[39m[22m[1m  Expected linebreaks to be 'LF' but found 'CRLF'  linebreak-style
  178:17   [1m[31merror[39m[22m[1m  Expected linebreaks to be 'LF' but found 'CRLF'  linebreak-style
  179:13   [1m[31merror[39m[22m[1m  Expected linebreaks to be 'LF' but found 'CRLF'  linebreak-style
  180:13   [1m[31merror[39m[22m[1m  Expected linebreaks to be 'LF' but found 'CRLF'  linebreak-style
  181:47   [1m[31merror[39m[22m[1m  Expected linebreaks to be 'LF' but found 'CRLF'  linebreak-style
  182:17   [1m[31merror[39m[22m[1m  Expected linebreaks to be 'LF' but found 'CRLF'  linebreak-style
  183:57   [1m[31merror[39m[22m[1m  Expected linebreaks to be 'LF' but found 'CRLF'  linebreak-style
  184:19   [1m[31merror[39m[22m[1m  Expected linebreaks to be 'LF' but found 'CRLF'  linebreak-style
  185:13   [1m[31merror[39m[22m[1m  Expected linebreaks to be 'LF' but found 'CRLF'  linebreak-style
  186:9    [1m[31merror[39m[22m[1m  Expected linebreaks to be 'LF' but found 'CRLF'  linebreak-style
  187:12   [1m[31merror[39m[22m[1m  Expected linebreaks to be 'LF' but found 'CRLF'  linebreak-style
  188:5    [1m[31merror[39m[22m[1m  Expected linebreaks to be 'LF' but found 'CRLF'  linebreak-style
  189:3    [1m[31merror[39m[22m[1m  Expected linebreaks to be 'LF' but found 'CRLF'  linebreak-style
  190:1    [1m[31merror[39m[22m[1m  Expected linebreaks to be 'LF' but found 'CRLF'  linebreak-style
  191:27   [1m[31merror[39m[22m[1m  Expected linebreaks to be 'LF' but found 'CRLF'  linebreak-style

C:\Users\blaha5\Downloads\da\reactkys\crmWAcv\src\components\fancyCheckbox.jsx
   1:36  [1m[31merror[39m[22m[1m  Expected linebreaks to be 'LF' but found 'CRLF'  linebreak-style
   2:27  [1m[31merror[39m[22m[1m  Expected linebreaks to be 'LF' but found 'CRLF'  linebreak-style
   3:1   [1m[31merror[39m[22m[1m  Expected linebreaks to be 'LF' but found 'CRLF'  linebreak-style
   4:25  [1m[31merror[39m[22m[1m  Expected linebreaks to be 'LF' but found 'CRLF'  linebreak-style
   5:11  [1m[31merror[39m[22m[1m  Expected linebreaks to be 'LF' but found 'CRLF'  linebreak-style
   6:18  [1m[31merror[39m[22m[1m  Expected linebreaks to be 'LF' but found 'CRLF'  linebreak-style
   7:12  [1m[31merror[39m[22m[1m  Expected linebreaks to be 'LF' but found 'CRLF'  linebreak-style
   8:12  [1m[31merror[39m[22m[1m  Expected linebreaks to be 'LF' but found 'CRLF'  linebreak-style
   9:6   [1m[31merror[39m[22m[1m  Expected linebreaks to be 'LF' but found 'CRLF'  linebreak-style
  10:8   [1m[31merror[39m[22m[1m  Expected linebreaks to be 'LF' but found 'CRLF'  linebreak-style
  11:9   [1m[31merror[39m[22m[1m  Expected linebreaks to be 'LF' but found 'CRLF'  linebreak-style
  12:12  [1m[31merror[39m[22m[1m  Expected linebreaks to be 'LF' but found 'CRLF'  linebreak-style
  13:12  [1m[31merror[39m[22m[1m  Expected linebreaks to be 'LF' but found 'CRLF'  linebreak-style
  14:13  [1m[31merror[39m[22m[1m  Expected linebreaks to be 'LF' but found 'CRLF'  linebreak-style
  15:9   [1m[31merror[39m[22m[1m  Expected linebreaks to be 'LF' but found 'CRLF'  linebreak-style
  16:13  [1m[31merror[39m[22m[1m  Expected linebreaks to be 'LF' but found 'CRLF'  linebreak-style
  17:8   [1m[31merror[39m[22m[1m  Expected linebreaks to be 'LF' but found 'CRLF'  linebreak-style
  18:69  [1m[31merror[39m[22m[1m  Expected linebreaks to be 'LF' but found 'CRLF'  linebreak-style
  19:53  [1m[31merror[39m[22m[1m  Expected linebreaks to be 'LF' but found 'CRLF'  linebreak-style
  20:1   [1m[31merror[39m[22m[1m  Expected linebreaks to be 'LF' but found 'CRLF'  linebreak-style
  21:11  [1m[31merror[39m[22m[1m  Expected linebreaks to be 'LF' but found 'CRLF'  linebreak-style
  22:11  [1m[31merror[39m[22m[1m  Expected linebreaks to be 'LF' but found 'CRLF'  linebreak-style
  23:70  [1m[31merror[39m[22m[1m  Expected linebreaks to be 'LF' but found 'CRLF'  linebreak-style
  24:24  [1m[31merror[39m[22m[1m  Expected linebreaks to be 'LF' but found 'CRLF'  linebreak-style
  25:20  [1m[31merror[39m[22m[1m  Expected linebreaks to be 'LF' but found 'CRLF'  linebreak-style
  26:6   [1m[31merror[39m[22m[1m  Expected linebreaks to be 'LF' but found 'CRLF'  linebreak-style
  27:13  [1m[31merror[39m[22m[1m  Expected linebreaks to be 'LF' but found 'CRLF'  linebreak-style
  28:21  [1m[31merror[39m[22m[1m  Expected linebreaks to be 'LF' but found 'CRLF'  linebreak-style
  29:20  [1m[31merror[39m[22m[1m  Expected linebreaks to be 'LF' but found 'CRLF'  linebreak-style
  30:24  [1m[31merror[39m[22m[1m  Expected linebreaks to be 'LF' but found 'CRLF'  linebreak-style
  31:22  [1m[31merror[39m[22m[1m  Expected linebreaks to be 'LF' but found 'CRLF'  linebreak-style
  32:28  [1m[31merror[39m[22m[1m  Expected linebreaks to be 'LF' but found 'CRLF'  linebreak-style
  33:28  [1m[31merror[39m[22m[1m  Expected linebreaks to be 'LF' but found 'CRLF'  linebreak-style
  34:31  [1m[31merror[39m[22m[1m  Expected linebreaks to be 'LF' but found 'CRLF'  linebreak-style
  35:28  [1m[31merror[39m[22m[1m  Expected linebreaks to be 'LF' but found 'CRLF'  linebreak-style
  36:53  [1m[31merror[39m[22m[1m  Expected linebreaks to be 'LF' but found 'CRLF'  linebreak-style
  37:68  [1m[31merror[39m[22m[1m  Expected linebreaks to be 'LF' but found 'CRLF'  linebreak-style
  38:1   [1m[31merror[39m[22m[1m  Expected linebreaks to be 'LF' but found 'CRLF'  linebreak-style
  39:9   [1m[31merror[39m[22m[1m  Expected linebreaks to be 'LF' but found 'CRLF'  linebreak-style
  40:50  [1m[31merror[39m[22m[1m  Expected linebreaks to be 'LF' but found 'CRLF'  linebreak-style
  41:70  [1m[31merror[39m[22m[1m  Expected linebreaks to be 'LF' but found 'CRLF'  linebreak-style
  42:13  [1m[31merror[39m[22m[1m  Expected linebreaks to be 'LF' but found 'CRLF'  linebreak-style
  43:5   [1m[31merror[39m[22m[1m  Expected linebreaks to be 'LF' but found 'CRLF'  linebreak-style
  44:3   [1m[31merror[39m[22m[1m  Expected linebreaks to be 'LF' but found 'CRLF'  linebreak-style
  45:30  [1m[31merror[39m[22m[1m  Expected linebreaks to be 'LF' but found 'CRLF'  linebreak-style
  46:1   [1m[31merror[39m[22m[1m  Expected linebreaks to be 'LF' but found 'CRLF'  linebreak-style
  47:28  [1m[31merror[39m[22m[1m  Expected linebreaks to be 'LF' but found 'CRLF'  linebreak-style
  48:27  [1m[31merror[39m[22m[1m  Expected linebreaks to be 'LF' but found 'CRLF'  linebreak-style
  49:34  [1m[31merror[39m[22m[1m  Expected linebreaks to be 'LF' but found 'CRLF'  linebreak-style
  50:28  [1m[31merror[39m[22m[1m  Expected linebreaks to be 'LF' but found 'CRLF'  linebreak-style
  51:28  [1m[31merror[39m[22m[1m  Expected linebreaks to be 'LF' but found 'CRLF'  linebreak-style
  52:65  [1m[31merror[39m[22m[1m  Expected linebreaks to be 'LF' but found 'CRLF'  linebreak-style
  53:67  [1m[31merror[39m[22m[1m  Expected linebreaks to be 'LF' but found 'CRLF'  linebreak-style
  54:68  [1m[31merror[39m[22m[1m  Expected linebreaks to be 'LF' but found 'CRLF'  linebreak-style
  55:28  [1m[31merror[39m[22m[1m  Expected linebreaks to be 'LF' but found 'CRLF'  linebreak-style
  56:28  [1m[31merror[39m[22m[1m  Expected linebreaks to be 'LF' but found 'CRLF'  linebreak-style
  57:31  [1m[31merror[39m[22m[1m  Expected linebreaks to be 'LF' but found 'CRLF'  linebreak-style
  58:25  [1m[31merror[39m[22m[1m  Expected linebreaks to be 'LF' but found 'CRLF'  linebreak-style
  59:31  [1m[31merror[39m[22m[1m  Expected linebreaks to be 'LF' but found 'CRLF'  linebreak-style
  60:3   [1m[31merror[39m[22m[1m  Expected linebreaks to be 'LF' but found 'CRLF'  linebreak-style
  61:1   [1m[31merror[39m[22m[1m  Expected linebreaks to be 'LF' but found 'CRLF'  linebreak-style
  62:31  [1m[31merror[39m[22m[1m  Expected linebreaks to be 'LF' but found 'CRLF'  linebreak-style
  63:22  [1m[31merror[39m[22m[1m  Expected linebreaks to be 'LF' but found 'CRLF'  linebreak-style
  64:29  [1m[31merror[39m[22m[1m  Expected linebreaks to be 'LF' but found 'CRLF'  linebreak-style
  65:23  [1m[31merror[39m[22m[1m  Expected linebreaks to be 'LF' but found 'CRLF'  linebreak-style
  66:18  [1m[31merror[39m[22m[1m  Expected linebreaks to be 'LF' but found 'CRLF'  linebreak-style
  67:17  [1m[31merror[39m[22m[1m  Expected linebreaks to be 'LF' but found 'CRLF'  linebreak-style
  68:19  [1m[31merror[39m[22m[1m  Expected linebreaks to be 'LF' but found 'CRLF'  linebreak-style
  69:20  [1m[31merror[39m[22m[1m  Expected linebreaks to be 'LF' but found 'CRLF'  linebreak-style
  70:19  [1m[31merror[39m[22m[1m  Expected linebreaks to be 'LF' but found 'CRLF'  linebreak-style
  71:19  [1m[31merror[39m[22m[1m  Expected linebreaks to be 'LF' but found 'CRLF'  linebreak-style
  72:17  [1m[31merror[39m[22m[1m  Expected linebreaks to be 'LF' but found 'CRLF'  linebreak-style
  73:20  [1m[31merror[39m[22m[1m  Expected linebreaks to be 'LF' but found 'CRLF'  linebreak-style
  74:24  [1m[31merror[39m[22m[1m  Expected linebreaks to be 'LF' but found 'CRLF'  linebreak-style
  75:3   [1m[31merror[39m[22m[1m  Expected linebreaks to be 'LF' but found 'CRLF'  linebreak-style

C:\Users\blaha5\Downloads\da\reactkys\crmWAcv\src\components\fetchWrapper.jsx
   1:36  [1m[31merror[39m[22m[1m  Expected linebreaks to be 'LF' but found 'CRLF'  linebreak-style
   2:52  [1m[31merror[39m[22m[1m  Expected linebreaks to be 'LF' but found 'CRLF'  linebreak-style
   3:1   [1m[31merror[39m[22m[1m  Expected linebreaks to be 'LF' but found 'CRLF'  linebreak-style
   4:24  [1m[31merror[39m[22m[1m  Expected linebreaks to be 'LF' but found 'CRLF'  linebreak-style
   5:7   [1m[31merror[39m[22m[1m  Expected linebreaks to be 'LF' but found 'CRLF'  linebreak-style
   6:27  [1m[31merror[39m[22m[1m  Expected linebreaks to be 'LF' but found 'CRLF'  linebreak-style
   7:15  [1m[31merror[39m[22m[1m  Expected linebreaks to be 'LF' but found 'CRLF'  linebreak-style
   8:10  [1m[31merror[39m[22m[1m  Expected linebreaks to be 'LF' but found 'CRLF'  linebreak-style
   9:8   [1m[31merror[39m[22m[1m  Expected linebreaks to be 'LF' but found 'CRLF'  linebreak-style
  10:42  [1m[31merror[39m[22m[1m  Expected linebreaks to be 'LF' but found 'CRLF'  linebreak-style
  11:44  [1m[31merror[39m[22m[1m  Expected linebreaks to be 'LF' but found 'CRLF'  linebreak-style
  12:1   [1m[31merror[39m[22m[1m  Expected linebreaks to be 'LF' but found 'CRLF'  linebreak-style
  13:20  [1m[31merror[39m[22m[1m  Expected linebreaks to be 'LF' but found 'CRLF'  linebreak-style
  14:23  [1m[31merror[39m[22m[1m  Expected linebreaks to be 'LF' but found 'CRLF'  linebreak-style
  15:1   [1m[31merror[39m[22m[1m  Expected linebreaks to be 'LF' but found 'CRLF'  linebreak-style
  16:35  [1m[31merror[39m[22m[1m  Expected linebreaks to be 'LF' but found 'CRLF'  linebreak-style
  17:12  [1m[31merror[39m[22m[1m  Expected linebreaks to be 'LF' but found 'CRLF'  linebreak-style
  18:38  [1m[31merror[39m[22m[1m  Expected linebreaks to be 'LF' but found 'CRLF'  linebreak-style
  19:23  [1m[31merror[39m[22m[1m  Expected linebreaks to be 'LF' but found 'CRLF'  linebreak-style
  20:50  [1m[31merror[39m[22m[1m  Expected linebreaks to be 'LF' but found 'CRLF'  linebreak-style
  21:10  [1m[31merror[39m[22m[1m  Expected linebreaks to be 'LF' but found 'CRLF'  linebreak-style
  22:39  [1m[31merror[39m[22m[1m  Expected linebreaks to be 'LF' but found 'CRLF'  linebreak-style
  23:22  [1m[31merror[39m[22m[1m  Expected linebreaks to be 'LF' but found 'CRLF'  linebreak-style
  24:25  [1m[31merror[39m[22m[1m  Expected linebreaks to be 'LF' but found 'CRLF'  linebreak-style
  25:10  [1m[31merror[39m[22m[1m  Expected linebreaks to be 'LF' but found 'CRLF'  linebreak-style
  26:22  [1m[31merror[39m[22m[1m  Expected linebreaks to be 'LF' but found 'CRLF'  linebreak-style
  27:22  [1m[31merror[39m[22m[1m  Expected linebreaks to be 'LF' but found 'CRLF'  linebreak-style
  28:25  [1m[31merror[39m[22m[1m  Expected linebreaks to be 'LF' but found 'CRLF'  linebreak-style
  29:10  [1m[31merror[39m[22m[1m  Expected linebreaks to be 'LF' but found 'CRLF'  linebreak-style
  30:8   [1m[31merror[39m[22m[1m  Expected linebreaks to be 'LF' but found 'CRLF'  linebreak-style
  31:7   [1m[31merror[39m[22m[1m  Expected linebreaks to be 'LF' but found 'CRLF'  linebreak-style
  32:1   [1m[31merror[39m[22m[1m  Expected linebreaks to be 'LF' but found 'CRLF'  linebreak-style
  33:16  [1m[31merror[39m[22m[1m  Expected linebreaks to be 'LF' but found 'CRLF'  linebreak-style
  34:1   [1m[31merror[39m[22m[1m  Expected linebreaks to be 'LF' but found 'CRLF'  linebreak-style
  35:19  [1m[31merror[39m[22m[1m  Expected linebreaks to be 'LF' but found 'CRLF'  linebreak-style
  36:70  [1m[31merror[39m[22m[1m  Expected linebreaks to be 'LF' but found 'CRLF'  linebreak-style
  37:7   [1m[31merror[39m[22m[1m  Expected linebreaks to be 'LF' but found 'CRLF'  linebreak-style
  38:13  [1m[31merror[39m[22m[1m  Expected linebreaks to be 'LF' but found 'CRLF'  linebreak-style
  39:1   [1m[31merror[39m[22m[1m  Expected linebreaks to be 'LF' but found 'CRLF'  linebreak-style
  40:30  [1m[31merror[39m[22m[1m  Expected linebreaks to be 'LF' but found 'CRLF'  linebreak-style
  41:31  [1m[31merror[39m[22m[1m  Expected linebreaks to be 'LF' but found 'CRLF'  linebreak-style
  42:4   [1m[31merror[39m[22m[1m  Expected linebreaks to be 'LF' but found 'CRLF'  linebreak-style
  43:15  [1m[31merror[39m[22m[1m  Expected linebreaks to be 'LF' but found 'CRLF'  linebreak-style
  44:13  [1m[31merror[39m[22m[1m  Expected linebreaks to be 'LF' but found 'CRLF'  linebreak-style
  45:12  [1m[31merror[39m[22m[1m  Expected linebreaks to be 'LF' but found 'CRLF'  linebreak-style
  46:24  [1m[31merror[39m[22m[1m  Expected linebreaks to be 'LF' but found 'CRLF'  linebreak-style
  47:13  [1m[31merror[39m[22m[1m  Expected linebreaks to be 'LF' but found 'CRLF'  linebreak-style
  48:7   [1m[31merror[39m[22m[1m  Expected linebreaks to be 'LF' but found 'CRLF'  linebreak-style
  49:4   [1m[31merror[39m[22m[1m  Expected linebreaks to be 'LF' but found 'CRLF'  linebreak-style
  50:15  [1m[31merror[39m[22m[1m  Expected linebreaks to be 'LF' but found 'CRLF'  linebreak-style
  51:34  [1m[31merror[39m[22m[1m  Expected linebreaks to be 'LF' but found 'CRLF'  linebreak-style
  52:4   [1m[31merror[39m[22m[1m  Expected linebreaks to be 'LF' but found 'CRLF'  linebreak-style
  53:23  [1m[31merror[39m[22m[1m  Expected linebreaks to be 'LF' but found 'CRLF'  linebreak-style
  54:3   [1m[31merror[39m[22m[1m  Expected linebreaks to be 'LF' but found 'CRLF'  linebreak-style
  55:27  [1m[31merror[39m[22m[1m  Expected linebreaks to be 'LF' but found 'CRLF'  linebreak-style
  56:36  [1m[31merror[39m[22m[1m  Expected linebreaks to be 'LF' but found 'CRLF'  linebreak-style
  57:28  [1m[31merror[39m[22m[1m  Expected linebreaks to be 'LF' but found 'CRLF'  linebreak-style
  58:31  [1m[31merror[39m[22m[1m  Expected linebreaks to be 'LF' but found 'CRLF'  linebreak-style
  59:26  [1m[31merror[39m[22m[1m  Expected linebreaks to be 'LF' but found 'CRLF'  linebreak-style
  60:3   [1m[31merror[39m[22m[1m  Expected linebreaks to be 'LF' but found 'CRLF'  linebreak-style
  61:1   [1m[31merror[39m[22m[1m  Expected linebreaks to be 'LF' but found 'CRLF'  linebreak-style
  62:29  [1m[31merror[39m[22m[1m  Expected linebreaks to be 'LF' but found 'CRLF'  linebreak-style

C:\Users\blaha5\Downloads\da\reactkys\crmWAcv\src\components\fileUpload.jsx
   1:36  [1m[31merror[39m[22m[1m  Expected linebreaks to be 'LF' but found 'CRLF'  linebreak-style
   2:27  [1m[31merror[39m[22m[1m  Expected linebreaks to be 'LF' but found 'CRLF'  linebreak-style
   3:1   [1m[31merror[39m[22m[1m  Expected linebreaks to be 'LF' but found 'CRLF'  linebreak-style
   4:38  [1m[31merror[39m[22m[1m  Expected linebreaks to be 'LF' but found 'CRLF'  linebreak-style
   5:47  [1m[31merror[39m[22m[1m  Expected linebreaks to be 'LF' but found 'CRLF'  linebreak-style
   6:1   [1m[31merror[39m[22m[1m  Expected linebreaks to be 'LF' but found 'CRLF'  linebreak-style
   7:40  [1m[31merror[39m[22m[1m  Expected linebreaks to be 'LF' but found 'CRLF'  linebreak-style
   8:40  [1m[31merror[39m[22m[1m  Expected linebreaks to be 'LF' but found 'CRLF'  linebreak-style
   9:37  [1m[31merror[39m[22m[1m  Expected linebreaks to be 'LF' but found 'CRLF'  linebreak-style
  10:31  [1m[31merror[39m[22m[1m  Expected linebreaks to be 'LF' but found 'CRLF'  linebreak-style
  11:35  [1m[31merror[39m[22m[1m  Expected linebreaks to be 'LF' but found 'CRLF'  linebreak-style
  12:30  [1m[31merror[39m[22m[1m  Expected linebreaks to be 'LF' but found 'CRLF'  linebreak-style
  13:7   [1m[31merror[39m[22m[1m  Expected linebreaks to be 'LF' but found 'CRLF'  linebreak-style
  14:32  [1m[31merror[39m[22m[1m  Expected linebreaks to be 'LF' but found 'CRLF'  linebreak-style
  15:5   [1m[31merror[39m[22m[1m  Expected linebreaks to be 'LF' but found 'CRLF'  linebreak-style
  16:1   [1m[31merror[39m[22m[1m  Expected linebreaks to be 'LF' but found 'CRLF'  linebreak-style
  17:11  [1m[31merror[39m[22m[1m  Expected linebreaks to be 'LF' but found 'CRLF'  linebreak-style
  18:10  [1m[31merror[39m[22m[1m  Expected linebreaks to be 'LF' but found 'CRLF'  linebreak-style
  19:56  [1m[31merror[39m[22m[1m  Expected linebreaks to be 'LF' but found 'CRLF'  linebreak-style
  20:11  [1m[31merror[39m[22m[1m  Expected linebreaks to be 'LF' but found 'CRLF'  linebreak-style
  21:5   [1m[31merror[39m[22m[1m  Expected linebreaks to be 'LF' but found 'CRLF'  linebreak-style
  22:3   [1m[31merror[39m[22m[1m  Expected linebreaks to be 'LF' but found 'CRLF'  linebreak-style
  23:1   [1m[31merror[39m[22m[1m  Expected linebreaks to be 'LF' but found 'CRLF'  linebreak-style
  24:27  [1m[31merror[39m[22m[1m  Expected linebreaks to be 'LF' but found 'CRLF'  linebreak-style
  25:1   [1m[31merror[39m[22m[1m  Expected linebreaks to be 'LF' but found 'CRLF'  linebreak-style
  26:25  [1m[31merror[39m[22m[1m  Expected linebreaks to be 'LF' but found 'CRLF'  linebreak-style
  27:38  [1m[31merror[39m[22m[1m  Expected linebreaks to be 'LF' but found 'CRLF'  linebreak-style
  28:3   [1m[31merror[39m[22m[1m  Expected linebreaks to be 'LF' but found 'CRLF'  linebreak-style

C:\Users\blaha5\Downloads\da\reactkys\crmWAcv\src\components\filter.jsx
   1:59   [1m[31merror[39m[22m[1m  Expected linebreaks to be 'LF' but found 'CRLF'  linebreak-style
   2:59   [1m[31merror[39m[22m[1m  Expected linebreaks to be 'LF' but found 'CRLF'  linebreak-style
   3:36   [1m[31merror[39m[22m[1m  Expected linebreaks to be 'LF' but found 'CRLF'  linebreak-style
   4:52   [1m[31merror[39m[22m[1m  Expected linebreaks to be 'LF' but found 'CRLF'  linebreak-style
   5:1    [1m[31merror[39m[22m[1m  Expected linebreaks to be 'LF' but found 'CRLF'  linebreak-style
   6:54   [1m[31merror[39m[22m[1m  Expected linebreaks to be 'LF' but found 'CRLF'  linebreak-style
   7:64   [1m[31merror[39m[22m[1m  Expected linebreaks to be 'LF' but found 'CRLF'  linebreak-style
   8:29   [1m[31merror[39m[22m[1m  Expected linebreaks to be 'LF' but found 'CRLF'  linebreak-style
   9:20   [1m[31merror[39m[22m[1m  Expected linebreaks to be 'LF' but found 'CRLF'  linebreak-style
  10:37   [1m[31merror[39m[22m[1m  Expected linebreaks to be 'LF' but found 'CRLF'  linebreak-style
  11:22   [1m[31merror[39m[22m[1m  Expected linebreaks to be 'LF' but found 'CRLF'  linebreak-style
  12:1    [1m[31merror[39m[22m[1m  Expected linebreaks to be 'LF' but found 'CRLF'  linebreak-style
  13:30   [1m[31merror[39m[22m[1m  Expected linebreaks to be 'LF' but found 'CRLF'  linebreak-style
  14:76   [1m[31merror[39m[22m[1m  Expected linebreaks to be 'LF' but found 'CRLF'  linebreak-style
  15:50   [1m[31merror[39m[22m[1m  Expected linebreaks to be 'LF' but found 'CRLF'  linebreak-style
  16:34   [1m[31merror[39m[22m[1m  Expected linebreaks to be 'LF' but found 'CRLF'  linebreak-style
  17:67   [1m[31merror[39m[22m[1m  Expected linebreaks to be 'LF' but found 'CRLF'  linebreak-style
  18:54   [1m[31merror[39m[22m[1m  Expected linebreaks to be 'LF' but found 'CRLF'  linebreak-style
  19:8    [1m[31merror[39m[22m[1m  Expected linebreaks to be 'LF' but found 'CRLF'  linebreak-style
  20:6    [1m[31merror[39m[22m[1m  Expected linebreaks to be 'LF' but found 'CRLF'  linebreak-style
  21:29   [1m[31merror[39m[22m[1m  Expected linebreaks to be 'LF' but found 'CRLF'  linebreak-style
  22:5    [1m[31merror[39m[22m[1m  Expected linebreaks to be 'LF' but found 'CRLF'  linebreak-style
  23:1    [1m[31merror[39m[22m[1m  Expected linebreaks to be 'LF' but found 'CRLF'  linebreak-style
  24:36   [1m[31merror[39m[22m[1m  Expected linebreaks to be 'LF' but found 'CRLF'  linebreak-style
  25:12   [1m[31merror[39m[22m[1m  Expected linebreaks to be 'LF' but found 'CRLF'  linebreak-style
  26:34   [1m[31merror[39m[22m[1m  Expected linebreaks to be 'LF' but found 'CRLF'  linebreak-style
  27:22   [1m[31merror[39m[22m[1m  Expected linebreaks to be 'LF' but found 'CRLF'  linebreak-style
  28:33   [1m[31merror[39m[22m[1m  Expected linebreaks to be 'LF' but found 'CRLF'  linebreak-style
  29:19   [1m[31merror[39m[22m[1m  Expected linebreaks to be 'LF' but found 'CRLF'  linebreak-style
  30:53   [1m[31merror[39m[22m[1m  Expected linebreaks to be 'LF' but found 'CRLF'  linebreak-style
  31:9    [1m[31merror[39m[22m[1m  Expected linebreaks to be 'LF' but found 'CRLF'  linebreak-style
  32:5    [1m[31merror[39m[22m[1m  Expected linebreaks to be 'LF' but found 'CRLF'  linebreak-style
  33:1    [1m[31merror[39m[22m[1m  Expected linebreaks to be 'LF' but found 'CRLF'  linebreak-style
  34:11   [1m[31merror[39m[22m[1m  Expected linebreaks to be 'LF' but found 'CRLF'  linebreak-style
  35:33   [1m[31merror[39m[22m[1m  Expected linebreaks to be 'LF' but found 'CRLF'  linebreak-style
  36:108  [1m[31merror[39m[22m[1m  Expected linebreaks to be 'LF' but found 'CRLF'  linebreak-style
  37:42   [1m[31merror[39m[22m[1m  Expected linebreaks to be 'LF' but found 'CRLF'  linebreak-style
  38:16   [1m[31merror[39m[22m[1m  Expected linebreaks to be 'LF' but found 'CRLF'  linebreak-style
  39:17   [1m[31merror[39m[22m[1m  Expected linebreaks to be 'LF' but found 'CRLF'  linebreak-style
  40:28   [1m[31merror[39m[22m[1m  Expected linebreaks to be 'LF' but found 'CRLF'  linebreak-style
  41:33   [1m[31merror[39m[22m[1m  Expected linebreaks to be 'LF' but found 'CRLF'  linebreak-style
  42:54   [1m[31merror[39m[22m[1m  Expected linebreaks to be 'LF' but found 'CRLF'  linebreak-style
  43:36   [1m[31merror[39m[22m[1m  Expected linebreaks to be 'LF' but found 'CRLF'  linebreak-style
  44:13   [1m[31merror[39m[22m[1m  Expected linebreaks to be 'LF' but found 'CRLF'  linebreak-style
  45:37   [1m[31merror[39m[22m[1m  Expected linebreaks to be 'LF' but found 'CRLF'  linebreak-style
  46:17   [1m[31merror[39m[22m[1m  Expected linebreaks to be 'LF' but found 'CRLF'  linebreak-style
  47:1    [1m[31merror[39m[22m[1m  Expected linebreaks to be 'LF' but found 'CRLF'  linebreak-style
  48:34   [1m[31merror[39m[22m[1m  Expected linebreaks to be 'LF' but found 'CRLF'  linebreak-style
  49:64   [1m[31merror[39m[22m[1m  Expected linebreaks to be 'LF' but found 'CRLF'  linebreak-style
  50:17   [1m[31merror[39m[22m[1m  Expected linebreaks to be 'LF' but found 'CRLF'  linebreak-style
  51:18   [1m[31merror[39m[22m[1m  Expected linebreaks to be 'LF' but found 'CRLF'  linebreak-style
  52:13   [1m[31merror[39m[22m[1m  Expected linebreaks to be 'LF' but found 'CRLF'  linebreak-style
  53:15   [1m[31merror[39m[22m[1m  Expected linebreaks to be 'LF' but found 'CRLF'  linebreak-style
  54:5    [1m[31merror[39m[22m[1m  Expected linebreaks to be 'LF' but found 'CRLF'  linebreak-style
  55:3    [1m[31merror[39m[22m[1m  Expected linebreaks to be 'LF' but found 'CRLF'  linebreak-style
  56:1    [1m[31merror[39m[22m[1m  Expected linebreaks to be 'LF' but found 'CRLF'  linebreak-style
  57:23   [1m[31merror[39m[22m[1m  Expected linebreaks to be 'LF' but found 'CRLF'  linebreak-style
  58:1    [1m[31merror[39m[22m[1m  Expected linebreaks to be 'LF' but found 'CRLF'  linebreak-style
  59:21   [1m[31merror[39m[22m[1m  Expected linebreaks to be 'LF' but found 'CRLF'  linebreak-style
  60:44   [1m[31merror[39m[22m[1m  Expected linebreaks to be 'LF' but found 'CRLF'  linebreak-style
  61:34   [1m[31merror[39m[22m[1m  Expected linebreaks to be 'LF' but found 'CRLF'  linebreak-style
  62:35   [1m[31merror[39m[22m[1m  Expected linebreaks to be 'LF' but found 'CRLF'  linebreak-style
  63:33   [1m[31merror[39m[22m[1m  Expected linebreaks to be 'LF' but found 'CRLF'  linebreak-style
  64:6    [1m[31merror[39m[22m[1m  Expected linebreaks to be 'LF' but found 'CRLF'  linebreak-style
  65:1    [1m[31merror[39m[22m[1m  Expected linebreaks to be 'LF' but found 'CRLF'  linebreak-style
  66:3    [1m[31merror[39m[22m[1m  Expected linebreaks to be 'LF' but found 'CRLF'  linebreak-style

C:\Users\blaha5\Downloads\da\reactkys\crmWAcv\src\components\firmList.jsx
    1:36   [1m[31merror[39m[22m[1m  Expected linebreaks to be 'LF' but found 'CRLF'  linebreak-style
    2:59   [1m[31merror[39m[22m[1m  Expected linebreaks to be 'LF' but found 'CRLF'  linebreak-style
    3:59   [1m[31merror[39m[22m[1m  Expected linebreaks to be 'LF' but found 'CRLF'  linebreak-style
    4:61   [1m[31merror[39m[22m[1m  Expected linebreaks to be 'LF' but found 'CRLF'  linebreak-style
    5:59   [1m[31merror[39m[22m[1m  Expected linebreaks to be 'LF' but found 'CRLF'  linebreak-style
    6:27   [1m[31merror[39m[22m[1m  Expected linebreaks to be 'LF' but found 'CRLF'  linebreak-style
    7:52   [1m[31merror[39m[22m[1m  Expected linebreaks to be 'LF' but found 'CRLF'  linebreak-style
    8:59   [1m[31merror[39m[22m[1m  Expected linebreaks to be 'LF' but found 'CRLF'  linebreak-style
    9:41   [1m[31merror[39m[22m[1m  Expected linebreaks to be 'LF' but found 'CRLF'  linebreak-style
   10:31   [1m[31merror[39m[22m[1m  Expected linebreaks to be 'LF' but found 'CRLF'  linebreak-style
   11:39   [1m[31merror[39m[22m[1m  Expected linebreaks to be 'LF' but found 'CRLF'  linebreak-style
   12:43   [1m[31merror[39m[22m[1m  Expected linebreaks to be 'LF' but found 'CRLF'  linebreak-style
   13:35   [1m[31merror[39m[22m[1m  Expected linebreaks to be 'LF' but found 'CRLF'  linebreak-style
   14:35   [1m[31merror[39m[22m[1m  Expected linebreaks to be 'LF' but found 'CRLF'  linebreak-style
   15:43   [1m[31merror[39m[22m[1m  Expected linebreaks to be 'LF' but found 'CRLF'  linebreak-style
   16:43   [1m[31merror[39m[22m[1m  Expected linebreaks to be 'LF' but found 'CRLF'  linebreak-style
   17:48   [1m[31merror[39m[22m[1m  Expected linebreaks to be 'LF' but found 'CRLF'  linebreak-style
   18:40   [1m[31merror[39m[22m[1m  Expected linebreaks to be 'LF' but found 'CRLF'  linebreak-style
   19:43   [1m[31merror[39m[22m[1m  Expected linebreaks to be 'LF' but found 'CRLF'  linebreak-style
   20:70   [1m[31merror[39m[22m[1m  Expected linebreaks to be 'LF' but found 'CRLF'  linebreak-style
   21:48   [1m[31merror[39m[22m[1m  Expected linebreaks to be 'LF' but found 'CRLF'  linebreak-style
   22:1    [1m[31merror[39m[22m[1m  Expected linebreaks to be 'LF' but found 'CRLF'  linebreak-style
   23:33   [1m[31merror[39m[22m[1m  Expected linebreaks to be 'LF' but found 'CRLF'  linebreak-style
   24:49   [1m[31merror[39m[22m[1m  Expected linebreaks to be 'LF' but found 'CRLF'  linebreak-style
   25:19   [1m[31merror[39m[22m[1m  Expected linebreaks to be 'LF' but found 'CRLF'  linebreak-style
   26:3    [1m[31merror[39m[22m[1m  Expected linebreaks to be 'LF' but found 'CRLF'  linebreak-style
   27:1    [1m[31merror[39m[22m[1m  Expected linebreaks to be 'LF' but found 'CRLF'  linebreak-style
   28:25   [1m[31merror[39m[22m[1m  Expected linebreaks to be 'LF' but found 'CRLF'  linebreak-style
   29:32   [1m[31merror[39m[22m[1m  Expected linebreaks to be 'LF' but found 'CRLF'  linebreak-style
   30:40   [1m[31merror[39m[22m[1m  Expected linebreaks to be 'LF' but found 'CRLF'  linebreak-style
   31:48   [1m[31merror[39m[22m[1m  Expected linebreaks to be 'LF' but found 'CRLF'  linebreak-style
   32:55   [1m[31merror[39m[22m[1m  Expected linebreaks to be 'LF' but found 'CRLF'  linebreak-style
   33:34   [1m[31merror[39m[22m[1m  Expected linebreaks to be 'LF' but found 'CRLF'  linebreak-style
   34:48   [1m[31merror[39m[22m[1m  Expected linebreaks to be 'LF' but found 'CRLF'  linebreak-style
   35:48   [1m[31merror[39m[22m[1m  Expected linebreaks to be 'LF' but found 'CRLF'  linebreak-style
   36:44   [1m[31merror[39m[22m[1m  Expected linebreaks to be 'LF' but found 'CRLF'  linebreak-style
   37:58   [1m[31merror[39m[22m[1m  Expected linebreaks to be 'LF' but found 'CRLF'  linebreak-style
   38:66   [1m[31merror[39m[22m[1m  Expected linebreaks to be 'LF' but found 'CRLF'  linebreak-style
   39:64   [1m[31merror[39m[22m[1m  Expected linebreaks to be 'LF' but found 'CRLF'  linebreak-style
   40:58   [1m[31merror[39m[22m[1m  Expected linebreaks to be 'LF' but found 'CRLF'  linebreak-style
   41:58   [1m[31merror[39m[22m[1m  Expected linebreaks to be 'LF' but found 'CRLF'  linebreak-style
   42:66   [1m[31merror[39m[22m[1m  Expected linebreaks to be 'LF' but found 'CRLF'  linebreak-style
   43:51   [1m[31merror[39m[22m[1m  Expected linebreaks to be 'LF' but found 'CRLF'  linebreak-style
   44:42   [1m[31merror[39m[22m[1m  Expected linebreaks to be 'LF' but found 'CRLF'  linebreak-style
   45:52   [1m[31merror[39m[22m[1m  Expected linebreaks to be 'LF' but found 'CRLF'  linebreak-style
   46:58   [1m[31merror[39m[22m[1m  Expected linebreaks to be 'LF' but found 'CRLF'  linebreak-style
   47:61   [1m[31merror[39m[22m[1m  Expected linebreaks to be 'LF' but found 'CRLF'  linebreak-style
   48:53   [1m[31merror[39m[22m[1m  Expected linebreaks to be 'LF' but found 'CRLF'  linebreak-style
   49:53   [1m[31merror[39m[22m[1m  Expected linebreaks to be 'LF' but found 'CRLF'  linebreak-style
   50:47   [1m[31merror[39m[22m[1m  Expected linebreaks to be 'LF' but found 'CRLF'  linebreak-style
   51:1    [1m[31merror[39m[22m[1m  Expected linebreaks to be 'LF' but found 'CRLF'  linebreak-style
   52:38   [1m[31merror[39m[22m[1m  Expected linebreaks to be 'LF' but found 'CRLF'  linebreak-style
   53:47   [1m[31merror[39m[22m[1m  Expected linebreaks to be 'LF' but found 'CRLF'  linebreak-style
   54:1    [1m[31merror[39m[22m[1m  Expected linebreaks to be 'LF' but found 'CRLF'  linebreak-style
   55:45   [1m[31merror[39m[22m[1m  Expected linebreaks to be 'LF' but found 'CRLF'  linebreak-style
   56:61   [1m[31merror[39m[22m[1m  Expected linebreaks to be 'LF' but found 'CRLF'  linebreak-style
   57:58   [1m[31merror[39m[22m[1m  Expected linebreaks to be 'LF' but found 'CRLF'  linebreak-style
   58:68   [1m[31merror[39m[22m[1m  Expected linebreaks to be 'LF' but found 'CRLF'  linebreak-style
   59:1    [1m[31merror[39m[22m[1m  Expected linebreaks to be 'LF' but found 'CRLF'  linebreak-style
   60:59   [1m[31merror[39m[22m[1m  Expected linebreaks to be 'LF' but found 'CRLF'  linebreak-style
   61:31   [1m[31merror[39m[22m[1m  Expected linebreaks to be 'LF' but found 'CRLF'  linebreak-style
   62:34   [1m[31merror[39m[22m[1m  Expected linebreaks to be 'LF' but found 'CRLF'  linebreak-style
   63:1    [1m[31merror[39m[22m[1m  Expected linebreaks to be 'LF' but found 'CRLF'  linebreak-style
   64:69   [1m[31merror[39m[22m[1m  Expected linebreaks to be 'LF' but found 'CRLF'  linebreak-style
   65:40   [1m[31merror[39m[22m[1m  Expected linebreaks to be 'LF' but found 'CRLF'  linebreak-style
   66:1    [1m[31merror[39m[22m[1m  Expected linebreaks to be 'LF' but found 'CRLF'  linebreak-style
   67:52   [1m[31merror[39m[22m[1m  Expected linebreaks to be 'LF' but found 'CRLF'  linebreak-style
   68:64   [1m[31merror[39m[22m[1m  Expected linebreaks to be 'LF' but found 'CRLF'  linebreak-style
   69:58   [1m[31merror[39m[22m[1m  Expected linebreaks to be 'LF' but found 'CRLF'  linebreak-style
   70:56   [1m[31merror[39m[22m[1m  Expected linebreaks to be 'LF' but found 'CRLF'  linebreak-style
   71:76   [1m[31merror[39m[22m[1m  Expected linebreaks to be 'LF' but found 'CRLF'  linebreak-style
   72:1    [1m[31merror[39m[22m[1m  Expected linebreaks to be 'LF' but found 'CRLF'  linebreak-style
   73:38   [1m[31merror[39m[22m[1m  Expected linebreaks to be 'LF' but found 'CRLF'  linebreak-style
   74:28   [1m[31merror[39m[22m[1m  Expected linebreaks to be 'LF' but found 'CRLF'  linebreak-style
   75:27   [1m[31merror[39m[22m[1m  Expected linebreaks to be 'LF' but found 'CRLF'  linebreak-style
   76:19   [1m[31merror[39m[22m[1m  Expected linebreaks to be 'LF' but found 'CRLF'  linebreak-style
   77:30   [1m[31merror[39m[22m[1m  Expected linebreaks to be 'LF' but found 'CRLF'  linebreak-style
   78:12   [1m[31merror[39m[22m[1m  Expected linebreaks to be 'LF' but found 'CRLF'  linebreak-style
   79:12   [1m[31merror[39m[22m[1m  Expected linebreaks to be 'LF' but found 'CRLF'  linebreak-style
   80:13   [1m[31merror[39m[22m[1m  Expected linebreaks to be 'LF' but found 'CRLF'  linebreak-style
   81:26   [1m[31merror[39m[22m[1m  Expected linebreaks to be 'LF' but found 'CRLF'  linebreak-style
   82:24   [1m[31merror[39m[22m[1m  Expected linebreaks to be 'LF' but found 'CRLF'  linebreak-style
   83:17   [1m[31merror[39m[22m[1m  Expected linebreaks to be 'LF' but found 'CRLF'  linebreak-style
   84:27   [1m[31merror[39m[22m[1m  Expected linebreaks to be 'LF' but found 'CRLF'  linebreak-style
   85:10   [1m[31merror[39m[22m[1m  Expected linebreaks to be 'LF' but found 'CRLF'  linebreak-style
   86:19   [1m[31merror[39m[22m[1m  Expected linebreaks to be 'LF' but found 'CRLF'  linebreak-style
   87:8    [1m[31merror[39m[22m[1m  Expected linebreaks to be 'LF' but found 'CRLF'  linebreak-style
   88:1    [1m[31merror[39m[22m[1m  Expected linebreaks to be 'LF' but found 'CRLF'  linebreak-style
   89:52   [1m[31merror[39m[22m[1m  Expected linebreaks to be 'LF' but found 'CRLF'  linebreak-style
   90:33   [1m[31merror[39m[22m[1m  Expected linebreaks to be 'LF' but found 'CRLF'  linebreak-style
   91:5    [1m[31merror[39m[22m[1m  Expected linebreaks to be 'LF' but found 'CRLF'  linebreak-style
   92:1    [1m[31merror[39m[22m[1m  Expected linebreaks to be 'LF' but found 'CRLF'  linebreak-style
   93:39   [1m[31merror[39m[22m[1m  Expected linebreaks to be 'LF' but found 'CRLF'  linebreak-style
   94:31   [1m[31merror[39m[22m[1m  Expected linebreaks to be 'LF' but found 'CRLF'  linebreak-style
   95:26   [1m[31merror[39m[22m[1m  Expected linebreaks to be 'LF' but found 'CRLF'  linebreak-style
   96:32   [1m[31merror[39m[22m[1m  Expected linebreaks to be 'LF' but found 'CRLF'  linebreak-style
   97:5    [1m[31merror[39m[22m[1m  Expected linebreaks to be 'LF' but found 'CRLF'  linebreak-style
   98:1    [1m[31merror[39m[22m[1m  Expected linebreaks to be 'LF' but found 'CRLF'  linebreak-style
   99:36   [1m[31merror[39m[22m[1m  Expected linebreaks to be 'LF' but found 'CRLF'  linebreak-style
  100:65   [1m[31merror[39m[22m[1m  Expected linebreaks to be 'LF' but found 'CRLF'  linebreak-style
  101:77   [1m[31merror[39m[22m[1m  Expected linebreaks to be 'LF' but found 'CRLF'  linebreak-style
  102:42   [1m[31merror[39m[22m[1m  Expected linebreaks to be 'LF' but found 'CRLF'  linebreak-style
  103:60   [1m[31merror[39m[22m[1m  Expected linebreaks to be 'LF' but found 'CRLF'  linebreak-style
  104:24   [1m[31merror[39m[22m[1m  Expected linebreaks to be 'LF' but found 'CRLF'  linebreak-style
  105:35   [1m[31merror[39m[22m[1m  Expected linebreaks to be 'LF' but found 'CRLF'  linebreak-style
  106:28   [1m[31merror[39m[22m[1m  Expected linebreaks to be 'LF' but found 'CRLF'  linebreak-style
  107:23   [1m[31merror[39m[22m[1m  Expected linebreaks to be 'LF' but found 'CRLF'  linebreak-style
  108:43   [1m[31merror[39m[22m[1m  Expected linebreaks to be 'LF' but found 'CRLF'  linebreak-style
  109:65   [1m[31merror[39m[22m[1m  Expected linebreaks to be 'LF' but found 'CRLF'  linebreak-style
  110:5    [1m[31merror[39m[22m[1m  Expected linebreaks to be 'LF' but found 'CRLF'  linebreak-style
  111:1    [1m[31merror[39m[22m[1m  Expected linebreaks to be 'LF' but found 'CRLF'  linebreak-style
  112:47   [1m[31merror[39m[22m[1m  Expected linebreaks to be 'LF' but found 'CRLF'  linebreak-style
  113:36   [1m[31merror[39m[22m[1m  Expected linebreaks to be 'LF' but found 'CRLF'  linebreak-style
  114:7    [1m[31merror[39m[22m[1m  Expected linebreaks to be 'LF' but found 'CRLF'  linebreak-style
  115:21   [1m[31merror[39m[22m[1m  Expected linebreaks to be 'LF' but found 'CRLF'  linebreak-style
  116:25   [1m[31merror[39m[22m[1m  Expected linebreaks to be 'LF' but found 'CRLF'  linebreak-style
  117:27   [1m[31merror[39m[22m[1m  Expected linebreaks to be 'LF' but found 'CRLF'  linebreak-style
  118:6    [1m[31merror[39m[22m[1m  Expected linebreaks to be 'LF' but found 'CRLF'  linebreak-style
  119:7    [1m[31merror[39m[22m[1m  Expected linebreaks to be 'LF' but found 'CRLF'  linebreak-style
  120:51   [1m[31merror[39m[22m[1m  Expected linebreaks to be 'LF' but found 'CRLF'  linebreak-style
  121:14   [1m[31merror[39m[22m[1m  Expected linebreaks to be 'LF' but found 'CRLF'  linebreak-style
  122:6    [1m[31merror[39m[22m[1m  Expected linebreaks to be 'LF' but found 'CRLF'  linebreak-style
  123:34   [1m[31merror[39m[22m[1m  Expected linebreaks to be 'LF' but found 'CRLF'  linebreak-style
  124:24   [1m[31merror[39m[22m[1m  Expected linebreaks to be 'LF' but found 'CRLF'  linebreak-style
  125:39   [1m[31merror[39m[22m[1m  Expected linebreaks to be 'LF' but found 'CRLF'  linebreak-style
  126:21   [1m[31merror[39m[22m[1m  Expected linebreaks to be 'LF' but found 'CRLF'  linebreak-style
  127:15   [1m[31merror[39m[22m[1m  Expected linebreaks to be 'LF' but found 'CRLF'  linebreak-style
  128:56   [1m[31merror[39m[22m[1m  Expected linebreaks to be 'LF' but found 'CRLF'  linebreak-style
  129:33   [1m[31merror[39m[22m[1m  Expected linebreaks to be 'LF' but found 'CRLF'  linebreak-style
  130:20   [1m[31merror[39m[22m[1m  Expected linebreaks to be 'LF' but found 'CRLF'  linebreak-style
  131:22   [1m[31merror[39m[22m[1m  Expected linebreaks to be 'LF' but found 'CRLF'  linebreak-style
  132:28   [1m[31merror[39m[22m[1m  Expected linebreaks to be 'LF' but found 'CRLF'  linebreak-style
  133:43   [1m[31merror[39m[22m[1m  Expected linebreaks to be 'LF' but found 'CRLF'  linebreak-style
  134:25   [1m[31merror[39m[22m[1m  Expected linebreaks to be 'LF' but found 'CRLF'  linebreak-style
  135:14   [1m[31merror[39m[22m[1m  Expected linebreaks to be 'LF' but found 'CRLF'  linebreak-style
  136:49   [1m[31merror[39m[22m[1m  Expected linebreaks to be 'LF' but found 'CRLF'  linebreak-style
  137:8    [1m[31merror[39m[22m[1m  Expected linebreaks to be 'LF' but found 'CRLF'  linebreak-style
  138:30   [1m[31merror[39m[22m[1m  Expected linebreaks to be 'LF' but found 'CRLF'  linebreak-style
  139:5    [1m[31merror[39m[22m[1m  Expected linebreaks to be 'LF' but found 'CRLF'  linebreak-style
  140:1    [1m[31merror[39m[22m[1m  Expected linebreaks to be 'LF' but found 'CRLF'  linebreak-style
  141:52   [1m[31merror[39m[22m[1m  Expected linebreaks to be 'LF' but found 'CRLF'  linebreak-style
  142:29   [1m[31merror[39m[22m[1m  Expected linebreaks to be 'LF' but found 'CRLF'  linebreak-style
  143:9    [1m[31merror[39m[22m[1m  Expected linebreaks to be 'LF' but found 'CRLF'  linebreak-style
  144:26   [1m[31merror[39m[22m[1m  Expected linebreaks to be 'LF' but found 'CRLF'  linebreak-style
  145:36   [1m[31merror[39m[22m[1m  Expected linebreaks to be 'LF' but found 'CRLF'  linebreak-style
  146:33   [1m[31merror[39m[22m[1m  Expected linebreaks to be 'LF' but found 'CRLF'  linebreak-style
  147:32   [1m[31merror[39m[22m[1m  Expected linebreaks to be 'LF' but found 'CRLF'  linebreak-style
  148:38   [1m[31merror[39m[22m[1m  Expected linebreaks to be 'LF' but found 'CRLF'  linebreak-style
  149:8    [1m[31merror[39m[22m[1m  Expected linebreaks to be 'LF' but found 'CRLF'  linebreak-style
  150:25   [1m[31merror[39m[22m[1m  Expected linebreaks to be 'LF' but found 'CRLF'  linebreak-style
  151:13   [1m[31merror[39m[22m[1m  Expected linebreaks to be 'LF' but found 'CRLF'  linebreak-style
  152:84   [1m[31merror[39m[22m[1m  Expected linebreaks to be 'LF' but found 'CRLF'  linebreak-style
  153:6    [1m[31merror[39m[22m[1m  Expected linebreaks to be 'LF' but found 'CRLF'  linebreak-style
  154:5    [1m[31merror[39m[22m[1m  Expected linebreaks to be 'LF' but found 'CRLF'  linebreak-style
  155:1    [1m[31merror[39m[22m[1m  Expected linebreaks to be 'LF' but found 'CRLF'  linebreak-style
  156:36   [1m[31merror[39m[22m[1m  Expected linebreaks to be 'LF' but found 'CRLF'  linebreak-style
  157:36   [1m[31merror[39m[22m[1m  Expected linebreaks to be 'LF' but found 'CRLF'  linebreak-style
  158:26   [1m[31merror[39m[22m[1m  Expected linebreaks to be 'LF' but found 'CRLF'  linebreak-style
  159:36   [1m[31merror[39m[22m[1m  Expected linebreaks to be 'LF' but found 'CRLF'  linebreak-style
  160:5    [1m[31merror[39m[22m[1m  Expected linebreaks to be 'LF' but found 'CRLF'  linebreak-style
  161:1    [1m[31merror[39m[22m[1m  Expected linebreaks to be 'LF' but found 'CRLF'  linebreak-style
  162:30   [1m[31merror[39m[22m[1m  Expected linebreaks to be 'LF' but found 'CRLF'  linebreak-style
  163:23   [1m[31merror[39m[22m[1m  Expected linebreaks to be 'LF' but found 'CRLF'  linebreak-style
  164:5    [1m[31merror[39m[22m[1m  Expected linebreaks to be 'LF' but found 'CRLF'  linebreak-style
  165:1    [1m[31merror[39m[22m[1m  Expected linebreaks to be 'LF' but found 'CRLF'  linebreak-style
  166:31   [1m[31merror[39m[22m[1m  Expected linebreaks to be 'LF' but found 'CRLF'  linebreak-style
  167:24   [1m[31merror[39m[22m[1m  Expected linebreaks to be 'LF' but found 'CRLF'  linebreak-style
  168:28   [1m[31merror[39m[22m[1m  Expected linebreaks to be 'LF' but found 'CRLF'  linebreak-style
  169:5    [1m[31merror[39m[22m[1m  Expected linebreaks to be 'LF' but found 'CRLF'  linebreak-style
  170:1    [1m[31merror[39m[22m[1m  Expected linebreaks to be 'LF' but found 'CRLF'  linebreak-style
  171:51   [1m[31merror[39m[22m[1m  Expected linebreaks to be 'LF' but found 'CRLF'  linebreak-style
  172:1    [1m[31merror[39m[22m[1m  Expected linebreaks to be 'LF' but found 'CRLF'  linebreak-style
  173:34   [1m[31merror[39m[22m[1m  Expected linebreaks to be 'LF' but found 'CRLF'  linebreak-style
  174:22   [1m[31merror[39m[22m[1m  Expected linebreaks to be 'LF' but found 'CRLF'  linebreak-style
  175:27   [1m[31merror[39m[22m[1m  Expected linebreaks to be 'LF' but found 'CRLF'  linebreak-style
  176:29   [1m[31merror[39m[22m[1m  Expected linebreaks to be 'LF' but found 'CRLF'  linebreak-style
  177:10   [1m[31merror[39m[22m[1m  Expected linebreaks to be 'LF' but found 'CRLF'  linebreak-style
  178:70   [1m[31merror[39m[22m[1m  Expected linebreaks to be 'LF' but found 'CRLF'  linebreak-style
  179:77   [1m[31merror[39m[22m[1m  Expected linebreaks to be 'LF' but found 'CRLF'  linebreak-style
  180:30   [1m[31merror[39m[22m[1m  Expected linebreaks to be 'LF' but found 'CRLF'  linebreak-style
  181:34   [1m[31merror[39m[22m[1m  Expected linebreaks to be 'LF' but found 'CRLF'  linebreak-style
  182:35   [1m[31merror[39m[22m[1m  Expected linebreaks to be 'LF' but found 'CRLF'  linebreak-style
  183:40   [1m[31merror[39m[22m[1m  Expected linebreaks to be 'LF' but found 'CRLF'  linebreak-style
  184:53   [1m[31merror[39m[22m[1m  Expected linebreaks to be 'LF' but found 'CRLF'  linebreak-style
  185:8    [1m[31merror[39m[22m[1m  Expected linebreaks to be 'LF' but found 'CRLF'  linebreak-style
  186:20   [1m[31merror[39m[22m[1m  Expected linebreaks to be 'LF' but found 'CRLF'  linebreak-style
  187:29   [1m[31merror[39m[22m[1m  Expected linebreaks to be 'LF' but found 'CRLF'  linebreak-style
  188:16   [1m[31merror[39m[22m[1m  Expected linebreaks to be 'LF' but found 'CRLF'  linebreak-style
  189:25   [1m[31merror[39m[22m[1m  Expected linebreaks to be 'LF' but found 'CRLF'  linebreak-style
  190:6    [1m[31merror[39m[22m[1m  Expected linebreaks to be 'LF' but found 'CRLF'  linebreak-style
  191:5    [1m[31merror[39m[22m[1m  Expected linebreaks to be 'LF' but found 'CRLF'  linebreak-style
  192:1    [1m[31merror[39m[22m[1m  Expected linebreaks to be 'LF' but found 'CRLF'  linebreak-style
  193:29   [1m[31merror[39m[22m[1m  Expected linebreaks to be 'LF' but found 'CRLF'  linebreak-style
  194:33   [1m[31merror[39m[22m[1m  Expected linebreaks to be 'LF' but found 'CRLF'  linebreak-style
  195:28   [1m[31merror[39m[22m[1m  Expected linebreaks to be 'LF' but found 'CRLF'  linebreak-style
  196:53   [1m[31merror[39m[22m[1m  Expected linebreaks to be 'LF' but found 'CRLF'  linebreak-style
  197:5    [1m[31merror[39m[22m[1m  Expected linebreaks to be 'LF' but found 'CRLF'  linebreak-style
  198:20   [1m[31merror[39m[22m[1m  Expected linebreaks to be 'LF' but found 'CRLF'  linebreak-style
  199:42   [1m[31merror[39m[22m[1m  Expected linebreaks to be 'LF' but found 'CRLF'  linebreak-style
  200:1    [1m[31merror[39m[22m[1m  Expected linebreaks to be 'LF' but found 'CRLF'  linebreak-style
  201:26   [1m[31merror[39m[22m[1m  Expected linebreaks to be 'LF' but found 'CRLF'  linebreak-style
  202:35   [1m[31merror[39m[22m[1m  Expected linebreaks to be 'LF' but found 'CRLF'  linebreak-style
  203:6    [1m[31merror[39m[22m[1m  Expected linebreaks to be 'LF' but found 'CRLF'  linebreak-style
  204:10   [1m[31merror[39m[22m[1m  Expected linebreaks to be 'LF' but found 'CRLF'  linebreak-style
  205:1    [1m[31merror[39m[22m[1m  Expected linebreaks to be 'LF' but found 'CRLF'  linebreak-style
  206:34   [1m[31merror[39m[22m[1m  Expected linebreaks to be 'LF' but found 'CRLF'  linebreak-style
  207:20   [1m[31merror[39m[22m[1m  Expected linebreaks to be 'LF' but found 'CRLF'  linebreak-style
  208:35   [1m[31merror[39m[22m[1m  Expected linebreaks to be 'LF' but found 'CRLF'  linebreak-style
  209:50   [1m[31merror[39m[22m[1m  Expected linebreaks to be 'LF' but found 'CRLF'  linebreak-style
  210:81   [1m[31merror[39m[22m[1m  Expected linebreaks to be 'LF' but found 'CRLF'  linebreak-style
  211:25   [1m[31merror[39m[22m[1m  Expected linebreaks to be 'LF' but found 'CRLF'  linebreak-style
  212:77   [1m[31merror[39m[22m[1m  Expected linebreaks to be 'LF' but found 'CRLF'  linebreak-style
  213:10   [1m[31merror[39m[22m[1m  Expected linebreaks to be 'LF' but found 'CRLF'  linebreak-style
  214:8    [1m[31merror[39m[22m[1m  Expected linebreaks to be 'LF' but found 'CRLF'  linebreak-style
  215:7    [1m[31merror[39m[22m[1m  Expected linebreaks to be 'LF' but found 'CRLF'  linebreak-style
  216:55   [1m[31merror[39m[22m[1m  Expected linebreaks to be 'LF' but found 'CRLF'  linebreak-style
  217:71   [1m[31merror[39m[22m[1m  Expected linebreaks to be 'LF' but found 'CRLF'  linebreak-style
  218:10   [1m[31merror[39m[22m[1m  Expected linebreaks to be 'LF' but found 'CRLF'  linebreak-style
  219:1    [1m[31merror[39m[22m[1m  Expected linebreaks to be 'LF' but found 'CRLF'  linebreak-style
  220:20   [1m[31merror[39m[22m[1m  Expected linebreaks to be 'LF' but found 'CRLF'  linebreak-style
  221:17   [1m[31merror[39m[22m[1m  Expected linebreaks to be 'LF' but found 'CRLF'  linebreak-style
  222:30   [1m[31merror[39m[22m[1m  Expected linebreaks to be 'LF' but found 'CRLF'  linebreak-style
  223:1    [1m[31merror[39m[22m[1m  Expected linebreaks to be 'LF' but found 'CRLF'  linebreak-style
  224:56   [1m[31merror[39m[22m[1m  Expected linebreaks to be 'LF' but found 'CRLF'  linebreak-style
  225:20   [1m[31merror[39m[22m[1m  Expected linebreaks to be 'LF' but found 'CRLF'  linebreak-style
  226:43   [1m[31merror[39m[22m[1m  Expected linebreaks to be 'LF' but found 'CRLF'  linebreak-style
  227:44   [1m[31merror[39m[22m[1m  Expected linebreaks to be 'LF' but found 'CRLF'  linebreak-style
  228:43   [1m[31merror[39m[22m[1m  Expected linebreaks to be 'LF' but found 'CRLF'  linebreak-style
  229:38   [1m[31merror[39m[22m[1m  Expected linebreaks to be 'LF' but found 'CRLF'  linebreak-style
  230:36   [1m[31merror[39m[22m[1m  Expected linebreaks to be 'LF' but found 'CRLF'  linebreak-style
  231:8    [1m[31merror[39m[22m[1m  Expected linebreaks to be 'LF' but found 'CRLF'  linebreak-style
  232:16   [1m[31merror[39m[22m[1m  Expected linebreaks to be 'LF' but found 'CRLF'  linebreak-style
  233:67   [1m[31merror[39m[22m[1m  Expected linebreaks to be 'LF' but found 'CRLF'  linebreak-style
  234:8    [1m[31merror[39m[22m[1m  Expected linebreaks to be 'LF' but found 'CRLF'  linebreak-style
  235:11   [1m[31merror[39m[22m[1m  Expected linebreaks to be 'LF' but found 'CRLF'  linebreak-style
  236:6    [1m[31merror[39m[22m[1m  Expected linebreaks to be 'LF' but found 'CRLF'  linebreak-style
  237:29   [1m[31merror[39m[22m[1m  Expected linebreaks to be 'LF' but found 'CRLF'  linebreak-style
  238:1    [1m[31merror[39m[22m[1m  Expected linebreaks to be 'LF' but found 'CRLF'  linebreak-style
  239:20   [1m[31merror[39m[22m[1m  Expected linebreaks to be 'LF' but found 'CRLF'  linebreak-style
  240:23   [1m[31merror[39m[22m[1m  Expected linebreaks to be 'LF' but found 'CRLF'  linebreak-style
  241:49   [1m[31merror[39m[22m[1m  Expected linebreaks to be 'LF' but found 'CRLF'  linebreak-style
  242:29   [1m[31merror[39m[22m[1m  Expected linebreaks to be 'LF' but found 'CRLF'  linebreak-style
  243:1    [1m[31merror[39m[22m[1m  Expected linebreaks to be 'LF' but found 'CRLF'  linebreak-style
  244:46   [1m[31merror[39m[22m[1m  Expected linebreaks to be 'LF' but found 'CRLF'  linebreak-style
  245:20   [1m[31merror[39m[22m[1m  Expected linebreaks to be 'LF' but found 'CRLF'  linebreak-style
  246:17   [1m[31merror[39m[22m[1m  Expected linebreaks to be 'LF' but found 'CRLF'  linebreak-style
  247:6    [1m[31merror[39m[22m[1m  Expected linebreaks to be 'LF' but found 'CRLF'  linebreak-style
  248:49   [1m[31merror[39m[22m[1m  Expected linebreaks to be 'LF' but found 'CRLF'  linebreak-style
  249:62   [1m[31merror[39m[22m[1m  Expected linebreaks to be 'LF' but found 'CRLF'  linebreak-style
  250:39   [1m[31merror[39m[22m[1m  Expected linebreaks to be 'LF' but found 'CRLF'  linebreak-style
  251:5    [1m[31merror[39m[22m[1m  Expected linebreaks to be 'LF' but found 'CRLF'  linebreak-style
  252:1    [1m[31merror[39m[22m[1m  Expected linebreaks to be 'LF' but found 'CRLF'  linebreak-style
  253:20   [1m[31merror[39m[22m[1m  Expected linebreaks to be 'LF' but found 'CRLF'  linebreak-style
  254:46   [1m[31merror[39m[22m[1m  Expected linebreaks to be 'LF' but found 'CRLF'  linebreak-style
  255:14   [1m[31merror[39m[22m[1m  Expected linebreaks to be 'LF' but found 'CRLF'  linebreak-style
  256:6    [1m[31merror[39m[22m[1m  Expected linebreaks to be 'LF' but found 'CRLF'  linebreak-style
  257:1    [1m[31merror[39m[22m[1m  Expected linebreaks to be 'LF' but found 'CRLF'  linebreak-style
  258:46   [1m[31merror[39m[22m[1m  Expected linebreaks to be 'LF' but found 'CRLF'  linebreak-style
  259:22   [1m[31merror[39m[22m[1m  Expected linebreaks to be 'LF' but found 'CRLF'  linebreak-style
  260:40   [1m[31merror[39m[22m[1m  Expected linebreaks to be 'LF' but found 'CRLF'  linebreak-style
  261:28   [1m[31merror[39m[22m[1m  Expected linebreaks to be 'LF' but found 'CRLF'  linebreak-style
  262:1    [1m[31merror[39m[22m[1m  Expected linebreaks to be 'LF' but found 'CRLF'  linebreak-style
  263:46   [1m[31merror[39m[22m[1m  Expected linebreaks to be 'LF' but found 'CRLF'  linebreak-style
  264:31   [1m[31merror[39m[22m[1m  Expected linebreaks to be 'LF' but found 'CRLF'  linebreak-style
  265:23   [1m[31merror[39m[22m[1m  Expected linebreaks to be 'LF' but found 'CRLF'  linebreak-style
  266:37   [1m[31merror[39m[22m[1m  Expected linebreaks to be 'LF' but found 'CRLF'  linebreak-style
  267:5    [1m[31merror[39m[22m[1m  Expected linebreaks to be 'LF' but found 'CRLF'  linebreak-style
  268:1    [1m[31merror[39m[22m[1m  Expected linebreaks to be 'LF' but found 'CRLF'  linebreak-style
  269:49   [1m[31merror[39m[22m[1m  Expected linebreaks to be 'LF' but found 'CRLF'  linebreak-style
  270:69   [1m[31merror[39m[22m[1m  Expected linebreaks to be 'LF' but found 'CRLF'  linebreak-style
  271:5    [1m[31merror[39m[22m[1m  Expected linebreaks to be 'LF' but found 'CRLF'  linebreak-style
  272:1    [1m[31merror[39m[22m[1m  Expected linebreaks to be 'LF' but found 'CRLF'  linebreak-style
  273:54   [1m[31merror[39m[22m[1m  Expected linebreaks to be 'LF' but found 'CRLF'  linebreak-style
  274:74   [1m[31merror[39m[22m[1m  Expected linebreaks to be 'LF' but found 'CRLF'  linebreak-style
  275:5    [1m[31merror[39m[22m[1m  Expected linebreaks to be 'LF' but found 'CRLF'  linebreak-style
  276:1    [1m[31merror[39m[22m[1m  Expected linebreaks to be 'LF' but found 'CRLF'  linebreak-style
  277:43   [1m[31merror[39m[22m[1m  Expected linebreaks to be 'LF' but found 'CRLF'  linebreak-style
  278:41   [1m[31merror[39m[22m[1m  Expected linebreaks to be 'LF' but found 'CRLF'  linebreak-style
  279:50   [1m[31merror[39m[22m[1m  Expected linebreaks to be 'LF' but found 'CRLF'  linebreak-style
  280:27   [1m[31merror[39m[22m[1m  Expected linebreaks to be 'LF' but found 'CRLF'  linebreak-style
  281:60   [1m[31merror[39m[22m[1m  Expected linebreaks to be 'LF' but found 'CRLF'  linebreak-style
  282:5    [1m[31merror[39m[22m[1m  Expected linebreaks to be 'LF' but found 'CRLF'  linebreak-style
  283:1    [1m[31merror[39m[22m[1m  Expected linebreaks to be 'LF' but found 'CRLF'  linebreak-style
  284:36   [1m[31merror[39m[22m[1m  Expected linebreaks to be 'LF' but found 'CRLF'  linebreak-style
  285:33   [1m[31merror[39m[22m[1m  Expected linebreaks to be 'LF' but found 'CRLF'  linebreak-style
  286:17   [1m[31merror[39m[22m[1m  Expected linebreaks to be 'LF' but found 'CRLF'  linebreak-style
  287:5    [1m[31merror[39m[22m[1m  Expected linebreaks to be 'LF' but found 'CRLF'  linebreak-style
  288:1    [1m[31merror[39m[22m[1m  Expected linebreaks to be 'LF' but found 'CRLF'  linebreak-style
  289:27   [1m[31merror[39m[22m[1m  Expected linebreaks to be 'LF' but found 'CRLF'  linebreak-style
  290:25   [1m[31merror[39m[22m[1m  Expected linebreaks to be 'LF' but found 'CRLF'  linebreak-style
  291:5    [1m[31merror[39m[22m[1m  Expected linebreaks to be 'LF' but found 'CRLF'  linebreak-style
  292:1    [1m[31merror[39m[22m[1m  Expected linebreaks to be 'LF' but found 'CRLF'  linebreak-style
  293:29   [1m[31merror[39m[22m[1m  Expected linebreaks to be 'LF' but found 'CRLF'  linebreak-style
  294:27   [1m[31merror[39m[22m[1m  Expected linebreaks to be 'LF' but found 'CRLF'  linebreak-style
  295:5    [1m[31merror[39m[22m[1m  Expected linebreaks to be 'LF' but found 'CRLF'  linebreak-style
  296:1    [1m[31merror[39m[22m[1m  Expected linebreaks to be 'LF' but found 'CRLF'  linebreak-style
  297:33   [1m[31merror[39m[22m[1m  Expected linebreaks to be 'LF' but found 'CRLF'  linebreak-style
  298:31   [1m[31merror[39m[22m[1m  Expected linebreaks to be 'LF' but found 'CRLF'  linebreak-style
  299:5    [1m[31merror[39m[22m[1m  Expected linebreaks to be 'LF' but found 'CRLF'  linebreak-style
  300:1    [1m[31merror[39m[22m[1m  Expected linebreaks to be 'LF' but found 'CRLF'  linebreak-style
  301:29   [1m[31merror[39m[22m[1m  Expected linebreaks to be 'LF' but found 'CRLF'  linebreak-style
  302:27   [1m[31merror[39m[22m[1m  Expected linebreaks to be 'LF' but found 'CRLF'  linebreak-style
  303:5    [1m[31merror[39m[22m[1m  Expected linebreaks to be 'LF' but found 'CRLF'  linebreak-style
  304:1    [1m[31merror[39m[22m[1m  Expected linebreaks to be 'LF' but found 'CRLF'  linebreak-style
  305:46   [1m[31merror[39m[22m[1m  Expected linebreaks to be 'LF' but found 'CRLF'  linebreak-style
  306:31   [1m[31merror[39m[22m[1m  Expected linebreaks to be 'LF' but found 'CRLF'  linebreak-style
  307:25   [1m[31merror[39m[22m[1m  Expected linebreaks to be 'LF' but found 'CRLF'  linebreak-style
  308:5    [1m[31merror[39m[22m[1m  Expected linebreaks to be 'LF' but found 'CRLF'  linebreak-style
  309:1    [1m[31merror[39m[22m[1m  Expected linebreaks to be 'LF' but found 'CRLF'  linebreak-style
  310:44   [1m[31merror[39m[22m[1m  Expected linebreaks to be 'LF' but found 'CRLF'  linebreak-style
  311:35   [1m[31merror[39m[22m[1m  Expected linebreaks to be 'LF' but found 'CRLF'  linebreak-style
  312:32   [1m[31merror[39m[22m[1m  Expected linebreaks to be 'LF' but found 'CRLF'  linebreak-style
  313:42   [1m[31merror[39m[22m[1m  Expected linebreaks to be 'LF' but found 'CRLF'  linebreak-style
  314:5    [1m[31merror[39m[22m[1m  Expected linebreaks to be 'LF' but found 'CRLF'  linebreak-style
  315:1    [1m[31merror[39m[22m[1m  Expected linebreaks to be 'LF' but found 'CRLF'  linebreak-style
  316:41   [1m[31merror[39m[22m[1m  Expected linebreaks to be 'LF' but found 'CRLF'  linebreak-style
  317:31   [1m[31merror[39m[22m[1m  Expected linebreaks to be 'LF' but found 'CRLF'  linebreak-style
  318:5    [1m[31merror[39m[22m[1m  Expected linebreaks to be 'LF' but found 'CRLF'  linebreak-style
  319:1    [1m[31merror[39m[22m[1m  Expected linebreaks to be 'LF' but found 'CRLF'  linebreak-style
  320:46   [1m[31merror[39m[22m[1m  Expected linebreaks to be 'LF' but found 'CRLF'  linebreak-style
  321:66   [1m[31merror[39m[22m[1m  Expected linebreaks to be 'LF' but found 'CRLF'  linebreak-style
  322:5    [1m[31merror[39m[22m[1m  Expected linebreaks to be 'LF' but found 'CRLF'  linebreak-style
  323:1    [1m[31merror[39m[22m[1m  Expected linebreaks to be 'LF' but found 'CRLF'  linebreak-style
  324:41   [1m[31merror[39m[22m[1m  Expected linebreaks to be 'LF' but found 'CRLF'  linebreak-style
  325:10   [1m[31merror[39m[22m[1m  Expected linebreaks to be 'LF' but found 'CRLF'  linebreak-style
  326:71   [1m[31merror[39m[22m[1m  Expected linebreaks to be 'LF' but found 'CRLF'  linebreak-style
  327:37   [1m[31merror[39m[22m[1m  Expected linebreaks to be 'LF' but found 'CRLF'  linebreak-style
  328:24   [1m[31merror[39m[22m[1m  Expected linebreaks to be 'LF' but found 'CRLF'  linebreak-style
  329:78   [1m[31merror[39m[22m[1m  Expected linebreaks to be 'LF' but found 'CRLF'  linebreak-style
  330:15   [1m[31merror[39m[22m[1m  Expected linebreaks to be 'LF' but found 'CRLF'  linebreak-style
  331:46   [1m[31merror[39m[22m[1m  Expected linebreaks to be 'LF' but found 'CRLF'  linebreak-style
  332:8    [1m[31merror[39m[22m[1m  Expected linebreaks to be 'LF' but found 'CRLF'  linebreak-style
  333:20   [1m[31merror[39m[22m[1m  Expected linebreaks to be 'LF' but found 'CRLF'  linebreak-style
  334:29   [1m[31merror[39m[22m[1m  Expected linebreaks to be 'LF' but found 'CRLF'  linebreak-style
  335:16   [1m[31merror[39m[22m[1m  Expected linebreaks to be 'LF' but found 'CRLF'  linebreak-style
  336:25   [1m[31merror[39m[22m[1m  Expected linebreaks to be 'LF' but found 'CRLF'  linebreak-style
  337:6    [1m[31merror[39m[22m[1m  Expected linebreaks to be 'LF' but found 'CRLF'  linebreak-style
  338:5    [1m[31merror[39m[22m[1m  Expected linebreaks to be 'LF' but found 'CRLF'  linebreak-style
  339:1    [1m[31merror[39m[22m[1m  Expected linebreaks to be 'LF' but found 'CRLF'  linebreak-style
  340:39   [1m[31merror[39m[22m[1m  Expected linebreaks to be 'LF' but found 'CRLF'  linebreak-style
  341:64   [1m[31merror[39m[22m[1m  Expected linebreaks to be 'LF' but found 'CRLF'  linebreak-style
  342:21   [1m[31merror[39m[22m[1m  Expected linebreaks to be 'LF' but found 'CRLF'  linebreak-style
  343:26   [1m[31merror[39m[22m[1m  Expected linebreaks to be 'LF' but found 'CRLF'  linebreak-style
  344:6    [1m[31merror[39m[22m[1m  Expected linebreaks to be 'LF' but found 'CRLF'  linebreak-style
  345:5    [1m[31merror[39m[22m[1m  Expected linebreaks to be 'LF' but found 'CRLF'  linebreak-style
  346:1    [1m[31merror[39m[22m[1m  Expected linebreaks to be 'LF' but found 'CRLF'  linebreak-style
  347:30   [1m[31merror[39m[22m[1m  Expected linebreaks to be 'LF' but found 'CRLF'  linebreak-style
  348:27   [1m[31merror[39m[22m[1m  Expected linebreaks to be 'LF' but found 'CRLF'  linebreak-style
  349:5    [1m[31merror[39m[22m[1m  Expected linebreaks to be 'LF' but found 'CRLF'  linebreak-style
  350:1    [1m[31merror[39m[22m[1m  Expected linebreaks to be 'LF' but found 'CRLF'  linebreak-style
  351:44   [1m[31merror[39m[22m[1m  Expected linebreaks to be 'LF' but found 'CRLF'  linebreak-style
  352:30   [1m[31merror[39m[22m[1m  Expected linebreaks to be 'LF' but found 'CRLF'  linebreak-style
  353:5    [1m[31merror[39m[22m[1m  Expected linebreaks to be 'LF' but found 'CRLF'  linebreak-style
  354:1    [1m[31merror[39m[22m[1m  Expected linebreaks to be 'LF' but found 'CRLF'  linebreak-style
  355:37   [1m[31merror[39m[22m[1m  Expected linebreaks to be 'LF' but found 'CRLF'  linebreak-style
  356:30   [1m[31merror[39m[22m[1m  Expected linebreaks to be 'LF' but found 'CRLF'  linebreak-style
  357:5    [1m[31merror[39m[22m[1m  Expected linebreaks to be 'LF' but found 'CRLF'  linebreak-style
  358:1    [1m[31merror[39m[22m[1m  Expected linebreaks to be 'LF' but found 'CRLF'  linebreak-style
  359:34   [1m[31merror[39m[22m[1m  Expected linebreaks to be 'LF' but found 'CRLF'  linebreak-style
  360:27   [1m[31merror[39m[22m[1m  Expected linebreaks to be 'LF' but found 'CRLF'  linebreak-style
  361:5    [1m[31merror[39m[22m[1m  Expected linebreaks to be 'LF' but found 'CRLF'  linebreak-style
  362:1    [1m[31merror[39m[22m[1m  Expected linebreaks to be 'LF' but found 'CRLF'  linebreak-style
  363:32   [1m[31merror[39m[22m[1m  Expected linebreaks to be 'LF' but found 'CRLF'  linebreak-style
  364:25   [1m[31merror[39m[22m[1m  Expected linebreaks to be 'LF' but found 'CRLF'  linebreak-style
  365:5    [1m[31merror[39m[22m[1m  Expected linebreaks to be 'LF' but found 'CRLF'  linebreak-style
  366:1    [1m[31merror[39m[22m[1m  Expected linebreaks to be 'LF' but found 'CRLF'  linebreak-style
  367:34   [1m[31merror[39m[22m[1m  Expected linebreaks to be 'LF' but found 'CRLF'  linebreak-style
  368:27   [1m[31merror[39m[22m[1m  Expected linebreaks to be 'LF' but found 'CRLF'  linebreak-style
  369:5    [1m[31merror[39m[22m[1m  Expected linebreaks to be 'LF' but found 'CRLF'  linebreak-style
  370:1    [1m[31merror[39m[22m[1m  Expected linebreaks to be 'LF' but found 'CRLF'  linebreak-style
  371:38   [1m[31merror[39m[22m[1m  Expected linebreaks to be 'LF' but found 'CRLF'  linebreak-style
  372:31   [1m[31merror[39m[22m[1m  Expected linebreaks to be 'LF' but found 'CRLF'  linebreak-style
  373:5    [1m[31merror[39m[22m[1m  Expected linebreaks to be 'LF' but found 'CRLF'  linebreak-style
  374:1    [1m[31merror[39m[22m[1m  Expected linebreaks to be 'LF' but found 'CRLF'  linebreak-style
  375:29   [1m[31merror[39m[22m[1m  Expected linebreaks to be 'LF' but found 'CRLF'  linebreak-style
  376:27   [1m[31merror[39m[22m[1m  Expected linebreaks to be 'LF' but found 'CRLF'  linebreak-style
  377:17   [1m[31merror[39m[22m[1m  Expected linebreaks to be 'LF' but found 'CRLF'  linebreak-style
  378:5    [1m[31merror[39m[22m[1m  Expected linebreaks to be 'LF' but found 'CRLF'  linebreak-style
  379:1    [1m[31merror[39m[22m[1m  Expected linebreaks to be 'LF' but found 'CRLF'  linebreak-style
  380:81   [1m[31merror[39m[22m[1m  Expected linebreaks to be 'LF' but found 'CRLF'  linebreak-style
  381:31   [1m[31merror[39m[22m[1m  Expected linebreaks to be 'LF' but found 'CRLF'  linebreak-style
  382:27   [1m[31merror[39m[22m[1m  Expected linebreaks to be 'LF' but found 'CRLF'  linebreak-style
  383:68   [1m[31merror[39m[22m[1m  Expected linebreaks to be 'LF' but found 'CRLF'  linebreak-style
  384:26   [1m[31merror[39m[22m[1m  Expected linebreaks to be 'LF' but found 'CRLF'  linebreak-style
  385:6    [1m[31merror[39m[22m[1m  Expected linebreaks to be 'LF' but found 'CRLF'  linebreak-style
  386:50   [1m[31merror[39m[22m[1m  Expected linebreaks to be 'LF' but found 'CRLF'  linebreak-style
  387:29   [1m[31merror[39m[22m[1m  Expected linebreaks to be 'LF' but found 'CRLF'  linebreak-style
  388:45   [1m[31merror[39m[22m[1m  Expected linebreaks to be 'LF' but found 'CRLF'  linebreak-style
  389:8    [1m[31merror[39m[22m[1m  Expected linebreaks to be 'LF' but found 'CRLF'  linebreak-style
  390:29   [1m[31merror[39m[22m[1m  Expected linebreaks to be 'LF' but found 'CRLF'  linebreak-style
  391:45   [1m[31merror[39m[22m[1m  Expected linebreaks to be 'LF' but found 'CRLF'  linebreak-style
  392:8    [1m[31merror[39m[22m[1m  Expected linebreaks to be 'LF' but found 'CRLF'  linebreak-style
  393:16   [1m[31merror[39m[22m[1m  Expected linebreaks to be 'LF' but found 'CRLF'  linebreak-style
  394:8    [1m[31merror[39m[22m[1m  Expected linebreaks to be 'LF' but found 'CRLF'  linebreak-style
  395:25   [1m[31merror[39m[22m[1m  Expected linebreaks to be 'LF' but found 'CRLF'  linebreak-style
  396:39   [1m[31merror[39m[22m[1m  Expected linebreaks to be 'LF' but found 'CRLF'  linebreak-style
  397:5    [1m[31merror[39m[22m[1m  Expected linebreaks to be 'LF' but found 'CRLF'  linebreak-style
  398:1    [1m[31merror[39m[22m[1m  Expected linebreaks to be 'LF' but found 'CRLF'  linebreak-style
  399:33   [1m[31merror[39m[22m[1m  Expected linebreaks to be 'LF' but found 'CRLF'  linebreak-style
  400:34   [1m[31merror[39m[22m[1m  Expected linebreaks to be 'LF' but found 'CRLF'  linebreak-style
  401:17   [1m[31merror[39m[22m[1m  Expected linebreaks to be 'LF' but found 'CRLF'  linebreak-style
  402:6    [1m[31merror[39m[22m[1m  Expected linebreaks to be 'LF' but found 'CRLF'  linebreak-style
  403:55   [1m[31merror[39m[22m[1m  Expected linebreaks to be 'LF' but found 'CRLF'  linebreak-style
  404:5    [1m[31merror[39m[22m[1m  Expected linebreaks to be 'LF' but found 'CRLF'  linebreak-style
  405:1    [1m[31merror[39m[22m[1m  Expected linebreaks to be 'LF' but found 'CRLF'  linebreak-style
  406:29   [1m[31merror[39m[22m[1m  Expected linebreaks to be 'LF' but found 'CRLF'  linebreak-style
  407:12   [1m[31merror[39m[22m[1m  Expected linebreaks to be 'LF' but found 'CRLF'  linebreak-style
  408:20   [1m[31merror[39m[22m[1m  Expected linebreaks to be 'LF' but found 'CRLF'  linebreak-style
  409:31   [1m[31merror[39m[22m[1m  Expected linebreaks to be 'LF' but found 'CRLF'  linebreak-style
  410:42   [1m[31merror[39m[22m[1m  Expected linebreaks to be 'LF' but found 'CRLF'  linebreak-style
  411:6    [1m[31merror[39m[22m[1m  Expected linebreaks to be 'LF' but found 'CRLF'  linebreak-style
  412:8    [1m[31merror[39m[22m[1m  Expected linebreaks to be 'LF' but found 'CRLF'  linebreak-style
  413:14   [1m[31merror[39m[22m[1m  Expected linebreaks to be 'LF' but found 'CRLF'  linebreak-style
  414:5    [1m[31merror[39m[22m[1m  Expected linebreaks to be 'LF' but found 'CRLF'  linebreak-style
  415:1    [1m[31merror[39m[22m[1m  Expected linebreaks to be 'LF' but found 'CRLF'  linebreak-style
  416:35   [1m[31merror[39m[22m[1m  Expected linebreaks to be 'LF' but found 'CRLF'  linebreak-style
  417:23   [1m[31merror[39m[22m[1m  Expected linebreaks to be 'LF' but found 'CRLF'  linebreak-style
  418:23   [1m[31merror[39m[22m[1m  Expected linebreaks to be 'LF' but found 'CRLF'  linebreak-style
  419:5    [1m[31merror[39m[22m[1m  Expected linebreaks to be 'LF' but found 'CRLF'  linebreak-style
  420:1    [1m[31merror[39m[22m[1m  Expected linebreaks to be 'LF' but found 'CRLF'  linebreak-style
  421:49   [1m[31merror[39m[22m[1m  Expected linebreaks to be 'LF' but found 'CRLF'  linebreak-style
  422:27   [1m[31merror[39m[22m[1m  Expected linebreaks to be 'LF' but found 'CRLF'  linebreak-style
  423:29   [1m[31merror[39m[22m[1m  Expected linebreaks to be 'LF' but found 'CRLF'  linebreak-style
  424:17   [1m[31merror[39m[22m[1m  Expected linebreaks to be 'LF' but found 'CRLF'  linebreak-style
  425:23   [1m[31merror[39m[22m[1m  Expected linebreaks to be 'LF' but found 'CRLF'  linebreak-style
  426:27   [1m[31merror[39m[22m[1m  Expected linebreaks to be 'LF' but found 'CRLF'  linebreak-style
  427:47   [1m[31merror[39m[22m[1m  Expected linebreaks to be 'LF' but found 'CRLF'  linebreak-style
  428:5    [1m[31merror[39m[22m[1m  Expected linebreaks to be 'LF' but found 'CRLF'  linebreak-style
  429:1    [1m[31merror[39m[22m[1m  Expected linebreaks to be 'LF' but found 'CRLF'  linebreak-style
  430:20   [1m[31merror[39m[22m[1m  Expected linebreaks to be 'LF' but found 'CRLF'  linebreak-style
  431:17   [1m[31merror[39m[22m[1m  Expected linebreaks to be 'LF' but found 'CRLF'  linebreak-style
  432:51   [1m[31merror[39m[22m[1m  Expected linebreaks to be 'LF' but found 'CRLF'  linebreak-style
  433:4    [1m[31merror[39m[22m[1m  Expected linebreaks to be 'LF' but found 'CRLF'  linebreak-style
  434:15   [1m[31merror[39m[22m[1m  Expected linebreaks to be 'LF' but found 'CRLF'  linebreak-style
  435:13   [1m[31merror[39m[22m[1m  Expected linebreaks to be 'LF' but found 'CRLF'  linebreak-style
  436:30   [1m[31merror[39m[22m[1m  Expected linebreaks to be 'LF' but found 'CRLF'  linebreak-style
  437:15   [1m[31merror[39m[22m[1m  Expected linebreaks to be 'LF' but found 'CRLF'  linebreak-style
  438:16   [1m[31merror[39m[22m[1m  Expected linebreaks to be 'LF' but found 'CRLF'  linebreak-style
  439:41   [1m[31merror[39m[22m[1m  Expected linebreaks to be 'LF' but found 'CRLF'  linebreak-style
  440:11   [1m[31merror[39m[22m[1m  Expected linebreaks to be 'LF' but found 'CRLF'  linebreak-style
  441:7    [1m[31merror[39m[22m[1m  Expected linebreaks to be 'LF' but found 'CRLF'  linebreak-style
  442:4    [1m[31merror[39m[22m[1m  Expected linebreaks to be 'LF' but found 'CRLF'  linebreak-style
  443:1    [1m[31merror[39m[22m[1m  Expected linebreaks to be 'LF' but found 'CRLF'  linebreak-style
  444:20   [1m[31merror[39m[22m[1m  Expected linebreaks to be 'LF' but found 'CRLF'  linebreak-style
  445:23   [1m[31merror[39m[22m[1m  Expected linebreaks to be 'LF' but found 'CRLF'  linebreak-style
  446:27   [1m[31merror[39m[22m[1m  Expected linebreaks to be 'LF' but found 'CRLF'  linebreak-style
  447:36   [1m[31merror[39m[22m[1m  Expected linebreaks to be 'LF' but found 'CRLF'  linebreak-style
  448:53   [1m[31merror[39m[22m[1m  Expected linebreaks to be 'LF' but found 'CRLF'  linebreak-style
  449:29   [1m[31merror[39m[22m[1m  Expected linebreaks to be 'LF' but found 'CRLF'  linebreak-style
  450:33   [1m[31merror[39m[22m[1m  Expected linebreaks to be 'LF' but found 'CRLF'  linebreak-style
  451:37   [1m[31merror[39m[22m[1m  Expected linebreaks to be 'LF' but found 'CRLF'  linebreak-style
  452:10   [1m[31merror[39m[22m[1m  Expected linebreaks to be 'LF' but found 'CRLF'  linebreak-style
  453:25   [1m[31merror[39m[22m[1m  Expected linebreaks to be 'LF' but found 'CRLF'  linebreak-style
  454:8    [1m[31merror[39m[22m[1m  Expected linebreaks to be 'LF' but found 'CRLF'  linebreak-style
  455:4    [1m[31merror[39m[22m[1m  Expected linebreaks to be 'LF' but found 'CRLF'  linebreak-style
  456:1    [1m[31merror[39m[22m[1m  Expected linebreaks to be 'LF' but found 'CRLF'  linebreak-style
  457:11   [1m[31merror[39m[22m[1m  Expected linebreaks to be 'LF' but found 'CRLF'  linebreak-style
  458:7    [1m[31merror[39m[22m[1m  Expected linebreaks to be 'LF' but found 'CRLF'  linebreak-style
  459:23   [1m[31merror[39m[22m[1m  Expected linebreaks to be 'LF' but found 'CRLF'  linebreak-style
  460:22   [1m[31merror[39m[22m[1m  Expected linebreaks to be 'LF' but found 'CRLF'  linebreak-style
  461:14   [1m[31merror[39m[22m[1m  Expected linebreaks to be 'LF' but found 'CRLF'  linebreak-style
  462:78   [1m[31merror[39m[22m[1m  Expected linebreaks to be 'LF' but found 'CRLF'  linebreak-style
  463:15   [1m[31merror[39m[22m[1m  Expected linebreaks to be 'LF' but found 'CRLF'  linebreak-style
  464:12   [1m[31merror[39m[22m[1m  Expected linebreaks to be 'LF' but found 'CRLF'  linebreak-style
  465:13   [1m[31merror[39m[22m[1m  Expected linebreaks to be 'LF' but found 'CRLF'  linebreak-style
  466:33   [1m[31merror[39m[22m[1m  Expected linebreaks to be 'LF' but found 'CRLF'  linebreak-style
  467:19   [1m[31merror[39m[22m[1m  Expected linebreaks to be 'LF' but found 'CRLF'  linebreak-style
  468:52   [1m[31merror[39m[22m[1m  Expected linebreaks to be 'LF' but found 'CRLF'  linebreak-style
  469:13   [1m[31merror[39m[22m[1m  Expected linebreaks to be 'LF' but found 'CRLF'  linebreak-style
  470:10   [1m[31merror[39m[22m[1m  Expected linebreaks to be 'LF' but found 'CRLF'  linebreak-style
  471:17   [1m[31merror[39m[22m[1m  Expected linebreaks to be 'LF' but found 'CRLF'  linebreak-style
  472:24   [1m[31merror[39m[22m[1m  Expected linebreaks to be 'LF' but found 'CRLF'  linebreak-style
  473:24   [1m[31merror[39m[22m[1m  Expected linebreaks to be 'LF' but found 'CRLF'  linebreak-style
  474:31   [1m[31merror[39m[22m[1m  Expected linebreaks to be 'LF' but found 'CRLF'  linebreak-style
  475:58   [1m[31merror[39m[22m[1m  Expected linebreaks to be 'LF' but found 'CRLF'  linebreak-style
  476:25   [1m[31merror[39m[22m[1m  Expected linebreaks to be 'LF' but found 'CRLF'  linebreak-style
  477:31   [1m[31merror[39m[22m[1m  Expected linebreaks to be 'LF' but found 'CRLF'  linebreak-style
  478:46   [1m[31merror[39m[22m[1m  Expected linebreaks to be 'LF' but found 'CRLF'  linebreak-style
  479:34   [1m[31merror[39m[22m[1m  Expected linebreaks to be 'LF' but found 'CRLF'  linebreak-style
  480:36   [1m[31merror[39m[22m[1m  Expected linebreaks to be 'LF' but found 'CRLF'  linebreak-style
  481:37   [1m[31merror[39m[22m[1m  Expected linebreaks to be 'LF' but found 'CRLF'  linebreak-style
  482:13   [1m[31merror[39m[22m[1m  Expected linebreaks to be 'LF' but found 'CRLF'  linebreak-style
  483:18   [1m[31merror[39m[22m[1m  Expected linebreaks to be 'LF' but found 'CRLF'  linebreak-style
  484:26   [1m[31merror[39m[22m[1m  Expected linebreaks to be 'LF' but found 'CRLF'  linebreak-style
  485:48   [1m[31merror[39m[22m[1m  Expected linebreaks to be 'LF' but found 'CRLF'  linebreak-style
  486:34   [1m[31merror[39m[22m[1m  Expected linebreaks to be 'LF' but found 'CRLF'  linebreak-style
  487:13   [1m[31merror[39m[22m[1m  Expected linebreaks to be 'LF' but found 'CRLF'  linebreak-style
  488:18   [1m[31merror[39m[22m[1m  Expected linebreaks to be 'LF' but found 'CRLF'  linebreak-style
  489:26   [1m[31merror[39m[22m[1m  Expected linebreaks to be 'LF' but found 'CRLF'  linebreak-style
  490:54   [1m[31merror[39m[22m[1m  Expected linebreaks to be 'LF' but found 'CRLF'  linebreak-style
  491:39   [1m[31merror[39m[22m[1m  Expected linebreaks to be 'LF' but found 'CRLF'  linebreak-style
  492:21   [1m[31merror[39m[22m[1m  Expected linebreaks to be 'LF' but found 'CRLF'  linebreak-style
  493:33   [1m[31merror[39m[22m[1m  Expected linebreaks to be 'LF' but found 'CRLF'  linebreak-style
  494:15   [1m[31merror[39m[22m[1m  Expected linebreaks to be 'LF' but found 'CRLF'  linebreak-style
  495:12   [1m[31merror[39m[22m[1m  Expected linebreaks to be 'LF' but found 'CRLF'  linebreak-style
  496:14   [1m[31merror[39m[22m[1m  Expected linebreaks to be 'LF' but found 'CRLF'  linebreak-style
  497:20   [1m[31merror[39m[22m[1m  Expected linebreaks to be 'LF' but found 'CRLF'  linebreak-style
  498:15   [1m[31merror[39m[22m[1m  Expected linebreaks to be 'LF' but found 'CRLF'  linebreak-style
  499:9    [1m[31merror[39m[22m[1m  Expected linebreaks to be 'LF' but found 'CRLF'  linebreak-style
  500:1    [1m[31merror[39m[22m[1m  Expected linebreaks to be 'LF' but found 'CRLF'  linebreak-style
  501:28   [1m[31merror[39m[22m[1m  Expected linebreaks to be 'LF' but found 'CRLF'  linebreak-style
  502:22   [1m[31merror[39m[22m[1m  Expected linebreaks to be 'LF' but found 'CRLF'  linebreak-style
  503:36   [1m[31merror[39m[22m[1m  Expected linebreaks to be 'LF' but found 'CRLF'  linebreak-style
  504:34   [1m[31merror[39m[22m[1m  Expected linebreaks to be 'LF' but found 'CRLF'  linebreak-style
  505:38   [1m[31merror[39m[22m[1m  Expected linebreaks to be 'LF' but found 'CRLF'  linebreak-style
  506:40   [1m[31merror[39m[22m[1m  Expected linebreaks to be 'LF' but found 'CRLF'  linebreak-style
  507:11   [1m[31merror[39m[22m[1m  Expected linebreaks to be 'LF' but found 'CRLF'  linebreak-style
  508:16   [1m[31merror[39m[22m[1m  Expected linebreaks to be 'LF' but found 'CRLF'  linebreak-style
  509:1    [1m[31merror[39m[22m[1m  Expected linebreaks to be 'LF' but found 'CRLF'  linebreak-style
  510:24   [1m[31merror[39m[22m[1m  Expected linebreaks to be 'LF' but found 'CRLF'  linebreak-style
  511:22   [1m[31merror[39m[22m[1m  Expected linebreaks to be 'LF' but found 'CRLF'  linebreak-style
  512:32   [1m[31merror[39m[22m[1m  Expected linebreaks to be 'LF' but found 'CRLF'  linebreak-style
  513:30   [1m[31merror[39m[22m[1m  Expected linebreaks to be 'LF' but found 'CRLF'  linebreak-style
  514:58   [1m[31merror[39m[22m[1m  Expected linebreaks to be 'LF' but found 'CRLF'  linebreak-style
  515:32   [1m[31merror[39m[22m[1m  Expected linebreaks to be 'LF' but found 'CRLF'  linebreak-style
  516:38   [1m[31merror[39m[22m[1m  Expected linebreaks to be 'LF' but found 'CRLF'  linebreak-style
  517:11   [1m[31merror[39m[22m[1m  Expected linebreaks to be 'LF' but found 'CRLF'  linebreak-style
  518:12   [1m[31merror[39m[22m[1m  Expected linebreaks to be 'LF' but found 'CRLF'  linebreak-style
  519:11   [1m[31merror[39m[22m[1m  Expected linebreaks to be 'LF' but found 'CRLF'  linebreak-style
  520:54   [1m[31merror[39m[22m[1m  Expected linebreaks to be 'LF' but found 'CRLF'  linebreak-style
  521:15   [1m[31merror[39m[22m[1m  Expected linebreaks to be 'LF' but found 'CRLF'  linebreak-style
  522:40   [1m[31merror[39m[22m[1m  Expected linebreaks to be 'LF' but found 'CRLF'  linebreak-style
  523:21   [1m[31merror[39m[22m[1m  Expected linebreaks to be 'LF' but found 'CRLF'  linebreak-style
  524:31   [1m[31merror[39m[22m[1m  Expected linebreaks to be 'LF' but found 'CRLF'  linebreak-style
  525:26   [1m[31merror[39m[22m[1m  Expected linebreaks to be 'LF' but found 'CRLF'  linebreak-style
  526:36   [1m[31merror[39m[22m[1m  Expected linebreaks to be 'LF' but found 'CRLF'  linebreak-style
  527:31   [1m[31merror[39m[22m[1m  Expected linebreaks to be 'LF' but found 'CRLF'  linebreak-style
  528:15   [1m[31merror[39m[22m[1m  Expected linebreaks to be 'LF' but found 'CRLF'  linebreak-style
  529:12   [1m[31merror[39m[22m[1m  Expected linebreaks to be 'LF' but found 'CRLF'  linebreak-style
  530:20   [1m[31merror[39m[22m[1m  Expected linebreaks to be 'LF' but found 'CRLF'  linebreak-style
  531:28   [1m[31merror[39m[22m[1m  Expected linebreaks to be 'LF' but found 'CRLF'  linebreak-style
  532:33   [1m[31merror[39m[22m[1m  Expected linebreaks to be 'LF' but found 'CRLF'  linebreak-style
  533:42   [1m[31merror[39m[22m[1m  Expected linebreaks to be 'LF' but found 'CRLF'  linebreak-style
  534:48   [1m[31merror[39m[22m[1m  Expected linebreaks to be 'LF' but found 'CRLF'  linebreak-style
  535:61   [1m[31merror[39m[22m[1m  Expected linebreaks to be 'LF' but found 'CRLF'  linebreak-style
  536:14   [1m[31merror[39m[22m[1m  Expected linebreaks to be 'LF' but found 'CRLF'  linebreak-style
  537:38   [1m[31merror[39m[22m[1m  Expected linebreaks to be 'LF' but found 'CRLF'  linebreak-style
  538:22   [1m[31merror[39m[22m[1m  Expected linebreaks to be 'LF' but found 'CRLF'  linebreak-style
  539:20   [1m[31merror[39m[22m[1m  Expected linebreaks to be 'LF' but found 'CRLF'  linebreak-style
  540:28   [1m[31merror[39m[22m[1m  Expected linebreaks to be 'LF' but found 'CRLF'  linebreak-style
  541:33   [1m[31merror[39m[22m[1m  Expected linebreaks to be 'LF' but found 'CRLF'  linebreak-style
  542:45   [1m[31merror[39m[22m[1m  Expected linebreaks to be 'LF' but found 'CRLF'  linebreak-style
  543:78   [1m[31merror[39m[22m[1m  Expected linebreaks to be 'LF' but found 'CRLF'  linebreak-style
  544:50   [1m[31merror[39m[22m[1m  Expected linebreaks to be 'LF' but found 'CRLF'  linebreak-style
  545:14   [1m[31merror[39m[22m[1m  Expected linebreaks to be 'LF' but found 'CRLF'  linebreak-style
  546:28   [1m[31merror[39m[22m[1m  Expected linebreaks to be 'LF' but found 'CRLF'  linebreak-style
  547:22   [1m[31merror[39m[22m[1m  Expected linebreaks to be 'LF' but found 'CRLF'  linebreak-style
  548:44   [1m[31merror[39m[22m[1m  Expected linebreaks to be 'LF' but found 'CRLF'  linebreak-style
  549:88   [1m[31merror[39m[22m[1m  Expected linebreaks to be 'LF' but found 'CRLF'  linebreak-style
  550:20   [1m[31merror[39m[22m[1m  Expected linebreaks to be 'LF' but found 'CRLF'  linebreak-style
  551:17   [1m[31merror[39m[22m[1m  Expected linebreaks to be 'LF' but found 'CRLF'  linebreak-style
  552:1    [1m[31merror[39m[22m[1m  Expected linebreaks to be 'LF' but found 'CRLF'  linebreak-style
  553:61   [1m[31merror[39m[22m[1m  Expected linebreaks to be 'LF' but found 'CRLF'  linebreak-style
  554:30   [1m[31merror[39m[22m[1m  Expected linebreaks to be 'LF' but found 'CRLF'  linebreak-style
  555:17   [1m[31merror[39m[22m[1m  Expected linebreaks to be 'LF' but found 'CRLF'  linebreak-style
  556:43   [1m[31merror[39m[22m[1m  Expected linebreaks to be 'LF' but found 'CRLF'  linebreak-style
  557:42   [1m[31merror[39m[22m[1m  Expected linebreaks to be 'LF' but found 'CRLF'  linebreak-style
  558:14   [1m[31merror[39m[22m[1m  Expected linebreaks to be 'LF' but found 'CRLF'  linebreak-style
  559:21   [1m[31merror[39m[22m[1m  Expected linebreaks to be 'LF' but found 'CRLF'  linebreak-style
  560:42   [1m[31merror[39m[22m[1m  Expected linebreaks to be 'LF' but found 'CRLF'  linebreak-style
  561:41   [1m[31merror[39m[22m[1m  Expected linebreaks to be 'LF' but found 'CRLF'  linebreak-style
  562:62   [1m[31merror[39m[22m[1m  Expected linebreaks to be 'LF' but found 'CRLF'  linebreak-style
  563:16   [1m[31merror[39m[22m[1m  Expected linebreaks to be 'LF' but found 'CRLF'  linebreak-style
  564:53   [1m[31merror[39m[22m[1m  Expected linebreaks to be 'LF' but found 'CRLF'  linebreak-style
  565:23   [1m[31merror[39m[22m[1m  Expected linebreaks to be 'LF' but found 'CRLF'  linebreak-style
  566:24   [1m[31merror[39m[22m[1m  Expected linebreaks to be 'LF' but found 'CRLF'  linebreak-style
  567:36   [1m[31merror[39m[22m[1m  Expected linebreaks to be 'LF' but found 'CRLF'  linebreak-style
  568:55   [1m[31merror[39m[22m[1m  Expected linebreaks to be 'LF' but found 'CRLF'  linebreak-style
  569:25   [1m[31merror[39m[22m[1m  Expected linebreaks to be 'LF' but found 'CRLF'  linebreak-style
  570:25   [1m[31merror[39m[22m[1m  Expected linebreaks to be 'LF' but found 'CRLF'  linebreak-style
  571:62   [1m[31merror[39m[22m[1m  Expected linebreaks to be 'LF' but found 'CRLF'  linebreak-style
  572:38   [1m[31merror[39m[22m[1m  Expected linebreaks to be 'LF' but found 'CRLF'  linebreak-style
  573:17   [1m[31merror[39m[22m[1m  Expected linebreaks to be 'LF' but found 'CRLF'  linebreak-style
  574:19   [1m[31merror[39m[22m[1m  Expected linebreaks to be 'LF' but found 'CRLF'  linebreak-style
  575:13   [1m[31merror[39m[22m[1m  Expected linebreaks to be 'LF' but found 'CRLF'  linebreak-style
  576:1    [1m[31merror[39m[22m[1m  Expected linebreaks to be 'LF' but found 'CRLF'  linebreak-style
  577:103  [1m[31merror[39m[22m[1m  Expected linebreaks to be 'LF' but found 'CRLF'  linebreak-style
  578:46   [1m[31merror[39m[22m[1m  Expected linebreaks to be 'LF' but found 'CRLF'  linebreak-style
  579:24   [1m[31merror[39m[22m[1m  Expected linebreaks to be 'LF' but found 'CRLF'  linebreak-style
  580:36   [1m[31merror[39m[22m[1m  Expected linebreaks to be 'LF' but found 'CRLF'  linebreak-style
  581:22   [1m[31merror[39m[22m[1m  Expected linebreaks to be 'LF' but found 'CRLF'  linebreak-style
  582:24   [1m[31merror[39m[22m[1m  Expected linebreaks to be 'LF' but found 'CRLF'  linebreak-style
  583:25   [1m[31merror[39m[22m[1m  Expected linebreaks to be 'LF' but found 'CRLF'  linebreak-style
  584:15   [1m[31merror[39m[22m[1m  Expected linebreaks to be 'LF' but found 'CRLF'  linebreak-style
  585:20   [1m[31merror[39m[22m[1m  Expected linebreaks to be 'LF' but found 'CRLF'  linebreak-style
  586:19   [1m[31merror[39m[22m[1m  Expected linebreaks to be 'LF' but found 'CRLF'  linebreak-style
  587:51   [1m[31merror[39m[22m[1m  Expected linebreaks to be 'LF' but found 'CRLF'  linebreak-style
  588:21   [1m[31merror[39m[22m[1m  Expected linebreaks to be 'LF' but found 'CRLF'  linebreak-style
  589:24   [1m[31merror[39m[22m[1m  Expected linebreaks to be 'LF' but found 'CRLF'  linebreak-style
  590:41   [1m[31merror[39m[22m[1m  Expected linebreaks to be 'LF' but found 'CRLF'  linebreak-style
  591:29   [1m[31merror[39m[22m[1m  Expected linebreaks to be 'LF' but found 'CRLF'  linebreak-style
  592:41   [1m[31merror[39m[22m[1m  Expected linebreaks to be 'LF' but found 'CRLF'  linebreak-style
  593:41   [1m[31merror[39m[22m[1m  Expected linebreaks to be 'LF' but found 'CRLF'  linebreak-style
  594:42   [1m[31merror[39m[22m[1m  Expected linebreaks to be 'LF' but found 'CRLF'  linebreak-style
  595:23   [1m[31merror[39m[22m[1m  Expected linebreaks to be 'LF' but found 'CRLF'  linebreak-style
  596:54   [1m[31merror[39m[22m[1m  Expected linebreaks to be 'LF' but found 'CRLF'  linebreak-style
  597:20   [1m[31merror[39m[22m[1m  Expected linebreaks to be 'LF' but found 'CRLF'  linebreak-style
  598:23   [1m[31merror[39m[22m[1m  Expected linebreaks to be 'LF' but found 'CRLF'  linebreak-style
  599:26   [1m[31merror[39m[22m[1m  Expected linebreaks to be 'LF' but found 'CRLF'  linebreak-style
  600:31   [1m[31merror[39m[22m[1m  Expected linebreaks to be 'LF' but found 'CRLF'  linebreak-style
  601:22   [1m[31merror[39m[22m[1m  Expected linebreaks to be 'LF' but found 'CRLF'  linebreak-style
  602:1    [1m[31merror[39m[22m[1m  Expected linebreaks to be 'LF' but found 'CRLF'  linebreak-style
  603:43   [1m[31merror[39m[22m[1m  Expected linebreaks to be 'LF' but found 'CRLF'  linebreak-style
  604:22   [1m[31merror[39m[22m[1m  Expected linebreaks to be 'LF' but found 'CRLF'  linebreak-style
  605:33   [1m[31merror[39m[22m[1m  Expected linebreaks to be 'LF' but found 'CRLF'  linebreak-style
  606:54   [1m[31merror[39m[22m[1m  Expected linebreaks to be 'LF' but found 'CRLF'  linebreak-style
  607:92   [1m[31merror[39m[22m[1m  Expected linebreaks to be 'LF' but found 'CRLF'  linebreak-style
  608:20   [1m[31merror[39m[22m[1m  Expected linebreaks to be 'LF' but found 'CRLF'  linebreak-style
  609:43   [1m[31merror[39m[22m[1m  Expected linebreaks to be 'LF' but found 'CRLF'  linebreak-style
  610:25   [1m[31merror[39m[22m[1m  Expected linebreaks to be 'LF' but found 'CRLF'  linebreak-style
  611:32   [1m[31merror[39m[22m[1m  Expected linebreaks to be 'LF' but found 'CRLF'  linebreak-style
  612:30   [1m[31merror[39m[22m[1m  Expected linebreaks to be 'LF' but found 'CRLF'  linebreak-style
  613:44   [1m[31merror[39m[22m[1m  Expected linebreaks to be 'LF' but found 'CRLF'  linebreak-style
  614:30   [1m[31merror[39m[22m[1m  Expected linebreaks to be 'LF' but found 'CRLF'  linebreak-style
  615:26   [1m[31merror[39m[22m[1m  Expected linebreaks to be 'LF' but found 'CRLF'  linebreak-style
  616:46   [1m[31merror[39m[22m[1m  Expected linebreaks to be 'LF' but found 'CRLF'  linebreak-style
  617:26   [1m[31merror[39m[22m[1m  Expected linebreaks to be 'LF' but found 'CRLF'  linebreak-style
  618:26   [1m[31merror[39m[22m[1m  Expected linebreaks to be 'LF' but found 'CRLF'  linebreak-style
  619:57   [1m[31merror[39m[22m[1m  Expected linebreaks to be 'LF' but found 'CRLF'  linebreak-style
  620:23   [1m[31merror[39m[22m[1m  Expected linebreaks to be 'LF' but found 'CRLF'  linebreak-style
  621:24   [1m[31merror[39m[22m[1m  Expected linebreaks to be 'LF' but found 'CRLF'  linebreak-style
  622:20   [1m[31merror[39m[22m[1m  Expected linebreaks to be 'LF' but found 'CRLF'  linebreak-style
  623:54   [1m[31merror[39m[22m[1m  Expected linebreaks to be 'LF' but found 'CRLF'  linebreak-style
  624:33   [1m[31merror[39m[22m[1m  Expected linebreaks to be 'LF' but found 'CRLF'  linebreak-style
  625:66   [1m[31merror[39m[22m[1m  Expected linebreaks to be 'LF' but found 'CRLF'  linebreak-style
  626:22   [1m[31merror[39m[22m[1m  Expected linebreaks to be 'LF' but found 'CRLF'  linebreak-style
  627:20   [1m[31merror[39m[22m[1m  Expected linebreaks to be 'LF' but found 'CRLF'  linebreak-style
  628:21   [1m[31merror[39m[22m[1m  Expected linebreaks to be 'LF' but found 'CRLF'  linebreak-style
  629:20   [1m[31merror[39m[22m[1m  Expected linebreaks to be 'LF' but found 'CRLF'  linebreak-style
  630:51   [1m[31merror[39m[22m[1m  Expected linebreaks to be 'LF' but found 'CRLF'  linebreak-style
  631:81   [1m[31merror[39m[22m[1m  Expected linebreaks to be 'LF' but found 'CRLF'  linebreak-style
  632:43   [1m[31merror[39m[22m[1m  Expected linebreaks to be 'LF' but found 'CRLF'  linebreak-style
  633:45   [1m[31merror[39m[22m[1m  Expected linebreaks to be 'LF' but found 'CRLF'  linebreak-style
  634:27   [1m[31merror[39m[22m[1m  Expected linebreaks to be 'LF' but found 'CRLF'  linebreak-style
  635:38   [1m[31merror[39m[22m[1m  Expected linebreaks to be 'LF' but found 'CRLF'  linebreak-style
  636:56   [1m[31merror[39m[22m[1m  Expected linebreaks to be 'LF' but found 'CRLF'  linebreak-style
  637:40   [1m[31merror[39m[22m[1m  Expected linebreaks to be 'LF' but found 'CRLF'  linebreak-style
  638:86   [1m[31merror[39m[22m[1m  Expected linebreaks to be 'LF' but found 'CRLF'  linebreak-style
  639:45   [1m[31merror[39m[22m[1m  Expected linebreaks to be 'LF' but found 'CRLF'  linebreak-style
  640:85   [1m[31merror[39m[22m[1m  Expected linebreaks to be 'LF' but found 'CRLF'  linebreak-style
  641:45   [1m[31merror[39m[22m[1m  Expected linebreaks to be 'LF' but found 'CRLF'  linebreak-style
  642:25   [1m[31merror[39m[22m[1m  Expected linebreaks to be 'LF' but found 'CRLF'  linebreak-style
  643:40   [1m[31merror[39m[22m[1m  Expected linebreaks to be 'LF' but found 'CRLF'  linebreak-style
  644:79   [1m[31merror[39m[22m[1m  Expected linebreaks to be 'LF' but found 'CRLF'  linebreak-style
  645:72   [1m[31merror[39m[22m[1m  Expected linebreaks to be 'LF' but found 'CRLF'  linebreak-style
  646:25   [1m[31merror[39m[22m[1m  Expected linebreaks to be 'LF' but found 'CRLF'  linebreak-style
  647:23   [1m[31merror[39m[22m[1m  Expected linebreaks to be 'LF' but found 'CRLF'  linebreak-style
  648:24   [1m[31merror[39m[22m[1m  Expected linebreaks to be 'LF' but found 'CRLF'  linebreak-style
  649:1    [1m[31merror[39m[22m[1m  Expected linebreaks to be 'LF' but found 'CRLF'  linebreak-style
  650:45   [1m[31merror[39m[22m[1m  Expected linebreaks to be 'LF' but found 'CRLF'  linebreak-style
  651:42   [1m[31merror[39m[22m[1m  Expected linebreaks to be 'LF' but found 'CRLF'  linebreak-style
  652:26   [1m[31merror[39m[22m[1m  Expected linebreaks to be 'LF' but found 'CRLF'  linebreak-style
  653:37   [1m[31merror[39m[22m[1m  Expected linebreaks to be 'LF' but found 'CRLF'  linebreak-style
  654:74   [1m[31merror[39m[22m[1m  Expected linebreaks to be 'LF' but found 'CRLF'  linebreak-style
  655:24   [1m[31merror[39m[22m[1m  Expected linebreaks to be 'LF' but found 'CRLF'  linebreak-style
  656:34   [1m[31merror[39m[22m[1m  Expected linebreaks to be 'LF' but found 'CRLF'  linebreak-style
  657:80   [1m[31merror[39m[22m[1m  Expected linebreaks to be 'LF' but found 'CRLF'  linebreak-style
  658:35   [1m[31merror[39m[22m[1m  Expected linebreaks to be 'LF' but found 'CRLF'  linebreak-style
  659:31   [1m[31merror[39m[22m[1m  Expected linebreaks to be 'LF' but found 'CRLF'  linebreak-style
  660:90   [1m[31merror[39m[22m[1m  Expected linebreaks to be 'LF' but found 'CRLF'  linebreak-style
  661:93   [1m[31merror[39m[22m[1m  Expected linebreaks to be 'LF' but found 'CRLF'  linebreak-style
  662:32   [1m[31merror[39m[22m[1m  Expected linebreaks to be 'LF' but found 'CRLF'  linebreak-style
  663:29   [1m[31merror[39m[22m[1m  Expected linebreaks to be 'LF' but found 'CRLF'  linebreak-style
  664:30   [1m[31merror[39m[22m[1m  Expected linebreaks to be 'LF' but found 'CRLF'  linebreak-style
  665:28   [1m[31merror[39m[22m[1m  Expected linebreaks to be 'LF' but found 'CRLF'  linebreak-style
  666:26   [1m[31merror[39m[22m[1m  Expected linebreaks to be 'LF' but found 'CRLF'  linebreak-style
  667:26   [1m[31merror[39m[22m[1m  Expected linebreaks to be 'LF' but found 'CRLF'  linebreak-style
  668:37   [1m[31merror[39m[22m[1m  Expected linebreaks to be 'LF' but found 'CRLF'  linebreak-style
  669:96   [1m[31merror[39m[22m[1m  Expected linebreaks to be 'LF' but found 'CRLF'  linebreak-style
  670:24   [1m[31merror[39m[22m[1m  Expected linebreaks to be 'LF' but found 'CRLF'  linebreak-style
  671:38   [1m[31merror[39m[22m[1m  Expected linebreaks to be 'LF' but found 'CRLF'  linebreak-style
  672:28   [1m[31merror[39m[22m[1m  Expected linebreaks to be 'LF' but found 'CRLF'  linebreak-style
  673:22   [1m[31merror[39m[22m[1m  Expected linebreaks to be 'LF' but found 'CRLF'  linebreak-style
  674:22   [1m[31merror[39m[22m[1m  Expected linebreaks to be 'LF' but found 'CRLF'  linebreak-style
  675:1    [1m[31merror[39m[22m[1m  Expected linebreaks to be 'LF' but found 'CRLF'  linebreak-style
  676:23   [1m[31merror[39m[22m[1m  Expected linebreaks to be 'LF' but found 'CRLF'  linebreak-style
  677:72   [1m[31merror[39m[22m[1m  Expected linebreaks to be 'LF' but found 'CRLF'  linebreak-style
  678:119  [1m[31merror[39m[22m[1m  Expected linebreaks to be 'LF' but found 'CRLF'  linebreak-style
  679:136  [1m[31merror[39m[22m[1m  Expected linebreaks to be 'LF' but found 'CRLF'  linebreak-style
  680:116  [1m[31merror[39m[22m[1m  Expected linebreaks to be 'LF' but found 'CRLF'  linebreak-style
  681:138  [1m[31merror[39m[22m[1m  Expected linebreaks to be 'LF' but found 'CRLF'  linebreak-style
  682:135  [1m[31merror[39m[22m[1m  Expected linebreaks to be 'LF' but found 'CRLF'  linebreak-style
  683:140  [1m[31merror[39m[22m[1m  Expected linebreaks to be 'LF' but found 'CRLF'  linebreak-style
  684:50   [1m[31merror[39m[22m[1m  Expected linebreaks to be 'LF' but found 'CRLF'  linebreak-style
  685:131  [1m[31merror[39m[22m[1m  Expected linebreaks to be 'LF' but found 'CRLF'  linebreak-style
  686:28   [1m[31merror[39m[22m[1m  Expected linebreaks to be 'LF' but found 'CRLF'  linebreak-style
  687:27   [1m[31merror[39m[22m[1m  Expected linebreaks to be 'LF' but found 'CRLF'  linebreak-style
  688:25   [1m[31merror[39m[22m[1m  Expected linebreaks to be 'LF' but found 'CRLF'  linebreak-style
  689:27   [1m[31merror[39m[22m[1m  Expected linebreaks to be 'LF' but found 'CRLF'  linebreak-style
  690:24   [1m[31merror[39m[22m[1m  Expected linebreaks to be 'LF' but found 'CRLF'  linebreak-style
  691:22   [1m[31merror[39m[22m[1m  Expected linebreaks to be 'LF' but found 'CRLF'  linebreak-style
  692:18   [1m[31merror[39m[22m[1m  Expected linebreaks to be 'LF' but found 'CRLF'  linebreak-style
  693:21   [1m[31merror[39m[22m[1m  Expected linebreaks to be 'LF' but found 'CRLF'  linebreak-style
  694:19   [1m[31merror[39m[22m[1m  Expected linebreaks to be 'LF' but found 'CRLF'  linebreak-style
  695:15   [1m[31merror[39m[22m[1m  Expected linebreaks to be 'LF' but found 'CRLF'  linebreak-style
  696:40   [1m[31merror[39m[22m[1m  Expected linebreaks to be 'LF' but found 'CRLF'  linebreak-style
  697:21   [1m[31merror[39m[22m[1m  Expected linebreaks to be 'LF' but found 'CRLF'  linebreak-style
  698:31   [1m[31merror[39m[22m[1m  Expected linebreaks to be 'LF' but found 'CRLF'  linebreak-style
  699:26   [1m[31merror[39m[22m[1m  Expected linebreaks to be 'LF' but found 'CRLF'  linebreak-style
  700:36   [1m[31merror[39m[22m[1m  Expected linebreaks to be 'LF' but found 'CRLF'  linebreak-style
  701:31   [1m[31merror[39m[22m[1m  Expected linebreaks to be 'LF' but found 'CRLF'  linebreak-style
  702:33   [1m[31merror[39m[22m[1m  Expected linebreaks to be 'LF' but found 'CRLF'  linebreak-style
  703:25   [1m[31merror[39m[22m[1m  Expected linebreaks to be 'LF' but found 'CRLF'  linebreak-style
  704:35   [1m[31merror[39m[22m[1m  Expected linebreaks to be 'LF' but found 'CRLF'  linebreak-style
  705:15   [1m[31merror[39m[22m[1m  Expected linebreaks to be 'LF' but found 'CRLF'  linebreak-style
  706:12   [1m[31merror[39m[22m[1m  Expected linebreaks to be 'LF' but found 'CRLF'  linebreak-style
  707:20   [1m[31merror[39m[22m[1m  Expected linebreaks to be 'LF' but found 'CRLF'  linebreak-style
  708:28   [1m[31merror[39m[22m[1m  Expected linebreaks to be 'LF' but found 'CRLF'  linebreak-style
  709:35   [1m[31merror[39m[22m[1m  Expected linebreaks to be 'LF' but found 'CRLF'  linebreak-style
  710:42   [1m[31merror[39m[22m[1m  Expected linebreaks to be 'LF' but found 'CRLF'  linebreak-style
  711:48   [1m[31merror[39m[22m[1m  Expected linebreaks to be 'LF' but found 'CRLF'  linebreak-style
  712:45   [1m[31merror[39m[22m[1m  Expected linebreaks to be 'LF' but found 'CRLF'  linebreak-style
  713:14   [1m[31merror[39m[22m[1m  Expected linebreaks to be 'LF' but found 'CRLF'  linebreak-style
  714:50   [1m[31merror[39m[22m[1m  Expected linebreaks to be 'LF' but found 'CRLF'  linebreak-style
  715:22   [1m[31merror[39m[22m[1m  Expected linebreaks to be 'LF' but found 'CRLF'  linebreak-style
  716:20   [1m[31merror[39m[22m[1m  Expected linebreaks to be 'LF' but found 'CRLF'  linebreak-style
  717:28   [1m[31merror[39m[22m[1m  Expected linebreaks to be 'LF' but found 'CRLF'  linebreak-style
  718:34   [1m[31merror[39m[22m[1m  Expected linebreaks to be 'LF' but found 'CRLF'  linebreak-style
  719:45   [1m[31merror[39m[22m[1m  Expected linebreaks to be 'LF' but found 'CRLF'  linebreak-style
  720:78   [1m[31merror[39m[22m[1m  Expected linebreaks to be 'LF' but found 'CRLF'  linebreak-style
  721:50   [1m[31merror[39m[22m[1m  Expected linebreaks to be 'LF' but found 'CRLF'  linebreak-style
  722:14   [1m[31merror[39m[22m[1m  Expected linebreaks to be 'LF' but found 'CRLF'  linebreak-style
  723:28   [1m[31merror[39m[22m[1m  Expected linebreaks to be 'LF' but found 'CRLF'  linebreak-style
  724:22   [1m[31merror[39m[22m[1m  Expected linebreaks to be 'LF' but found 'CRLF'  linebreak-style
  725:19   [1m[31merror[39m[22m[1m  Expected linebreaks to be 'LF' but found 'CRLF'  linebreak-style
  726:88   [1m[31merror[39m[22m[1m  Expected linebreaks to be 'LF' but found 'CRLF'  linebreak-style
  727:20   [1m[31merror[39m[22m[1m  Expected linebreaks to be 'LF' but found 'CRLF'  linebreak-style
  728:104  [1m[31merror[39m[22m[1m  Expected linebreaks to be 'LF' but found 'CRLF'  linebreak-style
  729:17   [1m[31merror[39m[22m[1m  Expected linebreaks to be 'LF' but found 'CRLF'  linebreak-style
  730:1    [1m[31merror[39m[22m[1m  Expected linebreaks to be 'LF' but found 'CRLF'  linebreak-style
  731:12   [1m[31merror[39m[22m[1m  Expected linebreaks to be 'LF' but found 'CRLF'  linebreak-style
  732:9    [1m[31merror[39m[22m[1m  Expected linebreaks to be 'LF' but found 'CRLF'  linebreak-style
  733:8    [1m[31merror[39m[22m[1m  Expected linebreaks to be 'LF' but found 'CRLF'  linebreak-style
  734:5    [1m[31merror[39m[22m[1m  Expected linebreaks to be 'LF' but found 'CRLF'  linebreak-style
  735:3    [1m[31merror[39m[22m[1m  Expected linebreaks to be 'LF' but found 'CRLF'  linebreak-style
  736:25   [1m[31merror[39m[22m[1m  Expected linebreaks to be 'LF' but found 'CRLF'  linebreak-style

C:\Users\blaha5\Downloads\da\reactkys\crmWAcv\src\components\firmform.jsx
    1:27   [1m[31merror[39m[22m[1m  Expected linebreaks to be 'LF' but found 'CRLF'  linebreak-style
    2:36   [1m[31merror[39m[22m[1m  Expected linebreaks to be 'LF' but found 'CRLF'  linebreak-style
    3:52   [1m[31merror[39m[22m[1m  Expected linebreaks to be 'LF' but found 'CRLF'  linebreak-style
    4:43   [1m[31merror[39m[22m[1m  Expected linebreaks to be 'LF' but found 'CRLF'  linebreak-style
    5:40   [1m[31merror[39m[22m[1m  Expected linebreaks to be 'LF' but found 'CRLF'  linebreak-style
    6:1    [1m[31merror[39m[22m[1m  Expected linebreaks to be 'LF' but found 'CRLF'  linebreak-style
    7:24   [1m[31merror[39m[22m[1m  Expected linebreaks to be 'LF' but found 'CRLF'  linebreak-style
    8:61   [1m[31merror[39m[22m[1m  Expected linebreaks to be 'LF' but found 'CRLF'  linebreak-style
    9:8    [1m[31merror[39m[22m[1m  Expected linebreaks to be 'LF' but found 'CRLF'  linebreak-style
   10:31   [1m[31merror[39m[22m[1m  Expected linebreaks to be 'LF' but found 'CRLF'  linebreak-style
   11:52   [1m[31merror[39m[22m[1m  Expected linebreaks to be 'LF' but found 'CRLF'  linebreak-style
   12:53   [1m[31merror[39m[22m[1m  Expected linebreaks to be 'LF' but found 'CRLF'  linebreak-style
   13:50   [1m[31merror[39m[22m[1m  Expected linebreaks to be 'LF' but found 'CRLF'  linebreak-style
   14:35   [1m[31merror[39m[22m[1m  Expected linebreaks to be 'LF' but found 'CRLF'  linebreak-style
   15:30   [1m[31merror[39m[22m[1m  Expected linebreaks to be 'LF' but found 'CRLF'  linebreak-style
   16:5    [1m[31merror[39m[22m[1m  Expected linebreaks to be 'LF' but found 'CRLF'  linebreak-style
   17:20   [1m[31merror[39m[22m[1m  Expected linebreaks to be 'LF' but found 'CRLF'  linebreak-style
   18:37   [1m[31merror[39m[22m[1m  Expected linebreaks to be 'LF' but found 'CRLF'  linebreak-style
   19:22   [1m[31merror[39m[22m[1m  Expected linebreaks to be 'LF' but found 'CRLF'  linebreak-style
   20:45   [1m[31merror[39m[22m[1m  Expected linebreaks to be 'LF' but found 'CRLF'  linebreak-style
   21:6    [1m[31merror[39m[22m[1m  Expected linebreaks to be 'LF' but found 'CRLF'  linebreak-style
   22:1    [1m[31merror[39m[22m[1m  Expected linebreaks to be 'LF' but found 'CRLF'  linebreak-style
   23:19   [1m[31merror[39m[22m[1m  Expected linebreaks to be 'LF' but found 'CRLF'  linebreak-style
   24:28   [1m[31merror[39m[22m[1m  Expected linebreaks to be 'LF' but found 'CRLF'  linebreak-style
   25:36   [1m[31merror[39m[22m[1m  Expected linebreaks to be 'LF' but found 'CRLF'  linebreak-style
   26:47   [1m[31merror[39m[22m[1m  Expected linebreaks to be 'LF' but found 'CRLF'  linebreak-style
   27:38   [1m[31merror[39m[22m[1m  Expected linebreaks to be 'LF' but found 'CRLF'  linebreak-style
   28:76   [1m[31merror[39m[22m[1m  Expected linebreaks to be 'LF' but found 'CRLF'  linebreak-style
   29:10   [1m[31merror[39m[22m[1m  Expected linebreaks to be 'LF' but found 'CRLF'  linebreak-style
   30:9    [1m[31merror[39m[22m[1m  Expected linebreaks to be 'LF' but found 'CRLF'  linebreak-style
   31:26   [1m[31merror[39m[22m[1m  Expected linebreaks to be 'LF' but found 'CRLF'  linebreak-style
   32:63   [1m[31merror[39m[22m[1m  Expected linebreaks to be 'LF' but found 'CRLF'  linebreak-style
   33:10   [1m[31merror[39m[22m[1m  Expected linebreaks to be 'LF' but found 'CRLF'  linebreak-style
   34:10   [1m[31merror[39m[22m[1m  Expected linebreaks to be 'LF' but found 'CRLF'  linebreak-style
   35:1    [1m[31merror[39m[22m[1m  Expected linebreaks to be 'LF' but found 'CRLF'  linebreak-style
   36:48   [1m[31merror[39m[22m[1m  Expected linebreaks to be 'LF' but found 'CRLF'  linebreak-style
   37:1    [1m[31merror[39m[22m[1m  Expected linebreaks to be 'LF' but found 'CRLF'  linebreak-style
   38:32   [1m[31merror[39m[22m[1m  Expected linebreaks to be 'LF' but found 'CRLF'  linebreak-style
   39:38   [1m[31merror[39m[22m[1m  Expected linebreaks to be 'LF' but found 'CRLF'  linebreak-style
   40:18   [1m[31merror[39m[22m[1m  Expected linebreaks to be 'LF' but found 'CRLF'  linebreak-style
   41:19   [1m[31merror[39m[22m[1m  Expected linebreaks to be 'LF' but found 'CRLF'  linebreak-style
   42:21   [1m[31merror[39m[22m[1m  Expected linebreaks to be 'LF' but found 'CRLF'  linebreak-style
   43:8    [1m[31merror[39m[22m[1m  Expected linebreaks to be 'LF' but found 'CRLF'  linebreak-style
   44:5    [1m[31merror[39m[22m[1m  Expected linebreaks to be 'LF' but found 'CRLF'  linebreak-style
   45:67   [1m[31merror[39m[22m[1m  Expected linebreaks to be 'LF' but found 'CRLF'  linebreak-style
   46:63   [1m[31merror[39m[22m[1m  Expected linebreaks to be 'LF' but found 'CRLF'  linebreak-style
   47:1    [1m[31merror[39m[22m[1m  Expected linebreaks to be 'LF' but found 'CRLF'  linebreak-style
   48:36   [1m[31merror[39m[22m[1m  Expected linebreaks to be 'LF' but found 'CRLF'  linebreak-style
   49:29   [1m[31merror[39m[22m[1m  Expected linebreaks to be 'LF' but found 'CRLF'  linebreak-style
   50:5    [1m[31merror[39m[22m[1m  Expected linebreaks to be 'LF' but found 'CRLF'  linebreak-style
   51:37   [1m[31merror[39m[22m[1m  Expected linebreaks to be 'LF' but found 'CRLF'  linebreak-style
   52:31   [1m[31merror[39m[22m[1m  Expected linebreaks to be 'LF' but found 'CRLF'  linebreak-style
   53:5    [1m[31merror[39m[22m[1m  Expected linebreaks to be 'LF' but found 'CRLF'  linebreak-style
   54:1    [1m[31merror[39m[22m[1m  Expected linebreaks to be 'LF' but found 'CRLF'  linebreak-style
   55:40   [1m[31merror[39m[22m[1m  Expected linebreaks to be 'LF' but found 'CRLF'  linebreak-style
   56:24   [1m[31merror[39m[22m[1m  Expected linebreaks to be 'LF' but found 'CRLF'  linebreak-style
   57:25   [1m[31merror[39m[22m[1m  Expected linebreaks to be 'LF' but found 'CRLF'  linebreak-style
   58:46   [1m[31merror[39m[22m[1m  Expected linebreaks to be 'LF' but found 'CRLF'  linebreak-style
   59:14   [1m[31merror[39m[22m[1m  Expected linebreaks to be 'LF' but found 'CRLF'  linebreak-style
   60:6    [1m[31merror[39m[22m[1m  Expected linebreaks to be 'LF' but found 'CRLF'  linebreak-style
   61:35   [1m[31merror[39m[22m[1m  Expected linebreaks to be 'LF' but found 'CRLF'  linebreak-style
   62:48   [1m[31merror[39m[22m[1m  Expected linebreaks to be 'LF' but found 'CRLF'  linebreak-style
   63:54   [1m[31merror[39m[22m[1m  Expected linebreaks to be 'LF' but found 'CRLF'  linebreak-style
   64:27   [1m[31merror[39m[22m[1m  Expected linebreaks to be 'LF' but found 'CRLF'  linebreak-style
   65:1    [1m[31merror[39m[22m[1m  Expected linebreaks to be 'LF' but found 'CRLF'  linebreak-style
   66:12   [1m[31merror[39m[22m[1m  Expected linebreaks to be 'LF' but found 'CRLF'  linebreak-style
   67:14   [1m[31merror[39m[22m[1m  Expected linebreaks to be 'LF' but found 'CRLF'  linebreak-style
   68:11   [1m[31merror[39m[22m[1m  Expected linebreaks to be 'LF' but found 'CRLF'  linebreak-style
   69:26   [1m[31merror[39m[22m[1m  Expected linebreaks to be 'LF' but found 'CRLF'  linebreak-style
   70:7    [1m[31merror[39m[22m[1m  Expected linebreaks to be 'LF' but found 'CRLF'  linebreak-style
   71:28   [1m[31merror[39m[22m[1m  Expected linebreaks to be 'LF' but found 'CRLF'  linebreak-style
   72:39   [1m[31merror[39m[22m[1m  Expected linebreaks to be 'LF' but found 'CRLF'  linebreak-style
   73:46   [1m[31merror[39m[22m[1m  Expected linebreaks to be 'LF' but found 'CRLF'  linebreak-style
   74:32   [1m[31merror[39m[22m[1m  Expected linebreaks to be 'LF' but found 'CRLF'  linebreak-style
   75:27   [1m[31merror[39m[22m[1m  Expected linebreaks to be 'LF' but found 'CRLF'  linebreak-style
   76:1    [1m[31merror[39m[22m[1m  Expected linebreaks to be 'LF' but found 'CRLF'  linebreak-style
   77:34   [1m[31merror[39m[22m[1m  Expected linebreaks to be 'LF' but found 'CRLF'  linebreak-style
   78:51   [1m[31merror[39m[22m[1m  Expected linebreaks to be 'LF' but found 'CRLF'  linebreak-style
   79:19   [1m[31merror[39m[22m[1m  Expected linebreaks to be 'LF' but found 'CRLF'  linebreak-style
   80:22   [1m[31merror[39m[22m[1m  Expected linebreaks to be 'LF' but found 'CRLF'  linebreak-style
   81:12   [1m[31merror[39m[22m[1m  Expected linebreaks to be 'LF' but found 'CRLF'  linebreak-style
   82:15   [1m[31merror[39m[22m[1m  Expected linebreaks to be 'LF' but found 'CRLF'  linebreak-style
   83:49   [1m[31merror[39m[22m[1m  Expected linebreaks to be 'LF' but found 'CRLF'  linebreak-style
   84:46   [1m[31merror[39m[22m[1m  Expected linebreaks to be 'LF' but found 'CRLF'  linebreak-style
   85:36   [1m[31merror[39m[22m[1m  Expected linebreaks to be 'LF' but found 'CRLF'  linebreak-style
   86:31   [1m[31merror[39m[22m[1m  Expected linebreaks to be 'LF' but found 'CRLF'  linebreak-style
   87:38   [1m[31merror[39m[22m[1m  Expected linebreaks to be 'LF' but found 'CRLF'  linebreak-style
   88:55   [1m[31merror[39m[22m[1m  Expected linebreaks to be 'LF' but found 'CRLF'  linebreak-style
   89:23   [1m[31merror[39m[22m[1m  Expected linebreaks to be 'LF' but found 'CRLF'  linebreak-style
   90:26   [1m[31merror[39m[22m[1m  Expected linebreaks to be 'LF' but found 'CRLF'  linebreak-style
   91:16   [1m[31merror[39m[22m[1m  Expected linebreaks to be 'LF' but found 'CRLF'  linebreak-style
   92:21   [1m[31merror[39m[22m[1m  Expected linebreaks to be 'LF' but found 'CRLF'  linebreak-style
   93:58   [1m[31merror[39m[22m[1m  Expected linebreaks to be 'LF' but found 'CRLF'  linebreak-style
   94:57   [1m[31merror[39m[22m[1m  Expected linebreaks to be 'LF' but found 'CRLF'  linebreak-style
   95:23   [1m[31merror[39m[22m[1m  Expected linebreaks to be 'LF' but found 'CRLF'  linebreak-style
   96:53   [1m[31merror[39m[22m[1m  Expected linebreaks to be 'LF' but found 'CRLF'  linebreak-style
   97:16   [1m[31merror[39m[22m[1m  Expected linebreaks to be 'LF' but found 'CRLF'  linebreak-style
   98:35   [1m[31merror[39m[22m[1m  Expected linebreaks to be 'LF' but found 'CRLF'  linebreak-style
   99:14   [1m[31merror[39m[22m[1m  Expected linebreaks to be 'LF' but found 'CRLF'  linebreak-style
  100:19   [1m[31merror[39m[22m[1m  Expected linebreaks to be 'LF' but found 'CRLF'  linebreak-style
  101:56   [1m[31merror[39m[22m[1m  Expected linebreaks to be 'LF' but found 'CRLF'  linebreak-style
  102:55   [1m[31merror[39m[22m[1m  Expected linebreaks to be 'LF' but found 'CRLF'  linebreak-style
  103:14   [1m[31merror[39m[22m[1m  Expected linebreaks to be 'LF' but found 'CRLF'  linebreak-style
  104:33   [1m[31merror[39m[22m[1m  Expected linebreaks to be 'LF' but found 'CRLF'  linebreak-style
  105:12   [1m[31merror[39m[22m[1m  Expected linebreaks to be 'LF' but found 'CRLF'  linebreak-style
  106:9    [1m[31merror[39m[22m[1m  Expected linebreaks to be 'LF' but found 'CRLF'  linebreak-style
  107:26   [1m[31merror[39m[22m[1m  Expected linebreaks to be 'LF' but found 'CRLF'  linebreak-style
  108:60   [1m[31merror[39m[22m[1m  Expected linebreaks to be 'LF' but found 'CRLF'  linebreak-style
  109:29   [1m[31merror[39m[22m[1m  Expected linebreaks to be 'LF' but found 'CRLF'  linebreak-style
  110:10   [1m[31merror[39m[22m[1m  Expected linebreaks to be 'LF' but found 'CRLF'  linebreak-style
  111:5    [1m[31merror[39m[22m[1m  Expected linebreaks to be 'LF' but found 'CRLF'  linebreak-style
  112:1    [1m[31merror[39m[22m[1m  Expected linebreaks to be 'LF' but found 'CRLF'  linebreak-style
  113:37   [1m[31merror[39m[22m[1m  Expected linebreaks to be 'LF' but found 'CRLF'  linebreak-style
  114:55   [1m[31merror[39m[22m[1m  Expected linebreaks to be 'LF' but found 'CRLF'  linebreak-style
  115:24   [1m[31merror[39m[22m[1m  Expected linebreaks to be 'LF' but found 'CRLF'  linebreak-style
  116:20   [1m[31merror[39m[22m[1m  Expected linebreaks to be 'LF' but found 'CRLF'  linebreak-style
  117:29   [1m[31merror[39m[22m[1m  Expected linebreaks to be 'LF' but found 'CRLF'  linebreak-style
  118:26   [1m[31merror[39m[22m[1m  Expected linebreaks to be 'LF' but found 'CRLF'  linebreak-style
  119:15   [1m[31merror[39m[22m[1m  Expected linebreaks to be 'LF' but found 'CRLF'  linebreak-style
  120:18   [1m[31merror[39m[22m[1m  Expected linebreaks to be 'LF' but found 'CRLF'  linebreak-style
  121:8    [1m[31merror[39m[22m[1m  Expected linebreaks to be 'LF' but found 'CRLF'  linebreak-style
  122:1    [1m[31merror[39m[22m[1m  Expected linebreaks to be 'LF' but found 'CRLF'  linebreak-style
  123:31   [1m[31merror[39m[22m[1m  Expected linebreaks to be 'LF' but found 'CRLF'  linebreak-style
  124:25   [1m[31merror[39m[22m[1m  Expected linebreaks to be 'LF' but found 'CRLF'  linebreak-style
  125:97   [1m[31merror[39m[22m[1m  Expected linebreaks to be 'LF' but found 'CRLF'  linebreak-style
  126:42   [1m[31merror[39m[22m[1m  Expected linebreaks to be 'LF' but found 'CRLF'  linebreak-style
  127:42   [1m[31merror[39m[22m[1m  Expected linebreaks to be 'LF' but found 'CRLF'  linebreak-style
  128:43   [1m[31merror[39m[22m[1m  Expected linebreaks to be 'LF' but found 'CRLF'  linebreak-style
  129:46   [1m[31merror[39m[22m[1m  Expected linebreaks to be 'LF' but found 'CRLF'  linebreak-style
  130:20   [1m[31merror[39m[22m[1m  Expected linebreaks to be 'LF' but found 'CRLF'  linebreak-style
  131:11   [1m[31merror[39m[22m[1m  Expected linebreaks to be 'LF' but found 'CRLF'  linebreak-style
  132:13   [1m[31merror[39m[22m[1m  Expected linebreaks to be 'LF' but found 'CRLF'  linebreak-style
  133:31   [1m[31merror[39m[22m[1m  Expected linebreaks to be 'LF' but found 'CRLF'  linebreak-style
  134:27   [1m[31merror[39m[22m[1m  Expected linebreaks to be 'LF' but found 'CRLF'  linebreak-style
  135:22   [1m[31merror[39m[22m[1m  Expected linebreaks to be 'LF' but found 'CRLF'  linebreak-style
  136:24   [1m[31merror[39m[22m[1m  Expected linebreaks to be 'LF' but found 'CRLF'  linebreak-style
  137:26   [1m[31merror[39m[22m[1m  Expected linebreaks to be 'LF' but found 'CRLF'  linebreak-style
  138:38   [1m[31merror[39m[22m[1m  Expected linebreaks to be 'LF' but found 'CRLF'  linebreak-style
  139:50   [1m[31merror[39m[22m[1m  Expected linebreaks to be 'LF' but found 'CRLF'  linebreak-style
  140:29   [1m[31merror[39m[22m[1m  Expected linebreaks to be 'LF' but found 'CRLF'  linebreak-style
  141:15   [1m[31merror[39m[22m[1m  Expected linebreaks to be 'LF' but found 'CRLF'  linebreak-style
  142:13   [1m[31merror[39m[22m[1m  Expected linebreaks to be 'LF' but found 'CRLF'  linebreak-style
  143:17   [1m[31merror[39m[22m[1m  Expected linebreaks to be 'LF' but found 'CRLF'  linebreak-style
  144:34   [1m[31merror[39m[22m[1m  Expected linebreaks to be 'LF' but found 'CRLF'  linebreak-style
  145:35   [1m[31merror[39m[22m[1m  Expected linebreaks to be 'LF' but found 'CRLF'  linebreak-style
  146:34   [1m[31merror[39m[22m[1m  Expected linebreaks to be 'LF' but found 'CRLF'  linebreak-style
  147:12   [1m[31merror[39m[22m[1m  Expected linebreaks to be 'LF' but found 'CRLF'  linebreak-style
  148:33   [1m[31merror[39m[22m[1m  Expected linebreaks to be 'LF' but found 'CRLF'  linebreak-style
  149:32   [1m[31merror[39m[22m[1m  Expected linebreaks to be 'LF' but found 'CRLF'  linebreak-style
  150:12   [1m[31merror[39m[22m[1m  Expected linebreaks to be 'LF' but found 'CRLF'  linebreak-style
  151:1    [1m[31merror[39m[22m[1m  Expected linebreaks to be 'LF' but found 'CRLF'  linebreak-style
  152:27   [1m[31merror[39m[22m[1m  Expected linebreaks to be 'LF' but found 'CRLF'  linebreak-style
  153:19   [1m[31merror[39m[22m[1m  Expected linebreaks to be 'LF' but found 'CRLF'  linebreak-style
  154:24   [1m[31merror[39m[22m[1m  Expected linebreaks to be 'LF' but found 'CRLF'  linebreak-style
  155:31   [1m[31merror[39m[22m[1m  Expected linebreaks to be 'LF' but found 'CRLF'  linebreak-style
  156:26   [1m[31merror[39m[22m[1m  Expected linebreaks to be 'LF' but found 'CRLF'  linebreak-style
  157:38   [1m[31merror[39m[22m[1m  Expected linebreaks to be 'LF' but found 'CRLF'  linebreak-style
  158:50   [1m[31merror[39m[22m[1m  Expected linebreaks to be 'LF' but found 'CRLF'  linebreak-style
  159:29   [1m[31merror[39m[22m[1m  Expected linebreaks to be 'LF' but found 'CRLF'  linebreak-style
  160:58   [1m[31merror[39m[22m[1m  Expected linebreaks to be 'LF' but found 'CRLF'  linebreak-style
  161:15   [1m[31merror[39m[22m[1m  Expected linebreaks to be 'LF' but found 'CRLF'  linebreak-style
  162:13   [1m[31merror[39m[22m[1m  Expected linebreaks to be 'LF' but found 'CRLF'  linebreak-style
  163:10   [1m[31merror[39m[22m[1m  Expected linebreaks to be 'LF' but found 'CRLF'  linebreak-style
  164:15   [1m[31merror[39m[22m[1m  Expected linebreaks to be 'LF' but found 'CRLF'  linebreak-style
  165:78   [1m[31merror[39m[22m[1m  Expected linebreaks to be 'LF' but found 'CRLF'  linebreak-style
  166:48   [1m[31merror[39m[22m[1m  Expected linebreaks to be 'LF' but found 'CRLF'  linebreak-style
  167:25   [1m[31merror[39m[22m[1m  Expected linebreaks to be 'LF' but found 'CRLF'  linebreak-style
  168:15   [1m[31merror[39m[22m[1m  Expected linebreaks to be 'LF' but found 'CRLF'  linebreak-style
  169:9    [1m[31merror[39m[22m[1m  Expected linebreaks to be 'LF' but found 'CRLF'  linebreak-style
  170:7    [1m[31merror[39m[22m[1m  Expected linebreaks to be 'LF' but found 'CRLF'  linebreak-style
  171:5    [1m[31merror[39m[22m[1m  Expected linebreaks to be 'LF' but found 'CRLF'  linebreak-style
  172:11   [1m[31merror[39m[22m[1m  Expected linebreaks to be 'LF' but found 'CRLF'  linebreak-style
  173:7    [1m[31merror[39m[22m[1m  Expected linebreaks to be 'LF' but found 'CRLF'  linebreak-style
  174:90   [1m[31merror[39m[22m[1m  Expected linebreaks to be 'LF' but found 'CRLF'  linebreak-style
  175:113  [1m[31merror[39m[22m[1m  Expected linebreaks to be 'LF' but found 'CRLF'  linebreak-style
  176:68   [1m[31merror[39m[22m[1m  Expected linebreaks to be 'LF' but found 'CRLF'  linebreak-style
  177:60   [1m[31merror[39m[22m[1m  Expected linebreaks to be 'LF' but found 'CRLF'  linebreak-style
  178:15   [1m[31merror[39m[22m[1m  Expected linebreaks to be 'LF' but found 'CRLF'  linebreak-style
  179:50   [1m[31merror[39m[22m[1m  Expected linebreaks to be 'LF' but found 'CRLF'  linebreak-style
  180:18   [1m[31merror[39m[22m[1m  Expected linebreaks to be 'LF' but found 'CRLF'  linebreak-style
  181:57   [1m[31merror[39m[22m[1m  Expected linebreaks to be 'LF' but found 'CRLF'  linebreak-style
  182:16   [1m[31merror[39m[22m[1m  Expected linebreaks to be 'LF' but found 'CRLF'  linebreak-style
  183:88   [1m[31merror[39m[22m[1m  Expected linebreaks to be 'LF' but found 'CRLF'  linebreak-style
  184:37   [1m[31merror[39m[22m[1m  Expected linebreaks to be 'LF' but found 'CRLF'  linebreak-style
  185:48   [1m[31merror[39m[22m[1m  Expected linebreaks to be 'LF' but found 'CRLF'  linebreak-style
  186:113  [1m[31merror[39m[22m[1m  Expected linebreaks to be 'LF' but found 'CRLF'  linebreak-style
  187:79   [1m[31merror[39m[22m[1m  Expected linebreaks to be 'LF' but found 'CRLF'  linebreak-style
  188:49   [1m[31merror[39m[22m[1m  Expected linebreaks to be 'LF' but found 'CRLF'  linebreak-style
  189:20   [1m[31merror[39m[22m[1m  Expected linebreaks to be 'LF' but found 'CRLF'  linebreak-style
  190:20   [1m[31merror[39m[22m[1m  Expected linebreaks to be 'LF' but found 'CRLF'  linebreak-style
  191:16   [1m[31merror[39m[22m[1m  Expected linebreaks to be 'LF' but found 'CRLF'  linebreak-style
  192:13   [1m[31merror[39m[22m[1m  Expected linebreaks to be 'LF' but found 'CRLF'  linebreak-style
  193:8    [1m[31merror[39m[22m[1m  Expected linebreaks to be 'LF' but found 'CRLF'  linebreak-style
  194:5    [1m[31merror[39m[22m[1m  Expected linebreaks to be 'LF' but found 'CRLF'  linebreak-style
  195:3    [1m[31merror[39m[22m[1m  Expected linebreaks to be 'LF' but found 'CRLF'  linebreak-style
  196:1    [1m[31merror[39m[22m[1m  Expected linebreaks to be 'LF' but found 'CRLF'  linebreak-style
  197:29   [1m[31merror[39m[22m[1m  Expected linebreaks to be 'LF' but found 'CRLF'  linebreak-style
  198:1    [1m[31merror[39m[22m[1m  Expected linebreaks to be 'LF' but found 'CRLF'  linebreak-style
  199:27   [1m[31merror[39m[22m[1m  Expected linebreaks to be 'LF' but found 'CRLF'  linebreak-style
  200:28   [1m[31merror[39m[22m[1m  Expected linebreaks to be 'LF' but found 'CRLF'  linebreak-style
  201:37   [1m[31merror[39m[22m[1m  Expected linebreaks to be 'LF' but found 'CRLF'  linebreak-style
  202:27   [1m[31merror[39m[22m[1m  Expected linebreaks to be 'LF' but found 'CRLF'  linebreak-style
  203:42   [1m[31merror[39m[22m[1m  Expected linebreaks to be 'LF' but found 'CRLF'  linebreak-style
  204:30   [1m[31merror[39m[22m[1m  Expected linebreaks to be 'LF' but found 'CRLF'  linebreak-style
  205:3    [1m[31merror[39m[22m[1m  Expected linebreaks to be 'LF' but found 'CRLF'  linebreak-style

C:\Users\blaha5\Downloads\da\reactkys\crmWAcv\src\components\futureEvents.jsx
    1:59   [1m[31merror[39m[22m[1m  Expected linebreaks to be 'LF' but found 'CRLF'  linebreak-style
    2:57   [1m[31merror[39m[22m[1m  Expected linebreaks to be 'LF' but found 'CRLF'  linebreak-style
    3:27   [1m[31merror[39m[22m[1m  Expected linebreaks to be 'LF' but found 'CRLF'  linebreak-style
    4:52   [1m[31merror[39m[22m[1m  Expected linebreaks to be 'LF' but found 'CRLF'  linebreak-style
    5:48   [1m[31merror[39m[22m[1m  Expected linebreaks to be 'LF' but found 'CRLF'  linebreak-style
    6:40   [1m[31merror[39m[22m[1m  Expected linebreaks to be 'LF' but found 'CRLF'  linebreak-style
    7:1    [1m[31merror[39m[22m[1m  Expected linebreaks to be 'LF' but found 'CRLF'  linebreak-style
    8:29   [1m[31merror[39m[22m[1m  Expected linebreaks to be 'LF' but found 'CRLF'  linebreak-style
    9:40   [1m[31merror[39m[22m[1m  Expected linebreaks to be 'LF' but found 'CRLF'  linebreak-style
   10:48   [1m[31merror[39m[22m[1m  Expected linebreaks to be 'LF' but found 'CRLF'  linebreak-style
   11:44   [1m[31merror[39m[22m[1m  Expected linebreaks to be 'LF' but found 'CRLF'  linebreak-style
   12:31   [1m[31merror[39m[22m[1m  Expected linebreaks to be 'LF' but found 'CRLF'  linebreak-style
   13:34   [1m[31merror[39m[22m[1m  Expected linebreaks to be 'LF' but found 'CRLF'  linebreak-style
   14:1    [1m[31merror[39m[22m[1m  Expected linebreaks to be 'LF' but found 'CRLF'  linebreak-style
   15:39   [1m[31merror[39m[22m[1m  Expected linebreaks to be 'LF' but found 'CRLF'  linebreak-style
   16:75   [1m[31merror[39m[22m[1m  Expected linebreaks to be 'LF' but found 'CRLF'  linebreak-style
   17:58   [1m[31merror[39m[22m[1m  Expected linebreaks to be 'LF' but found 'CRLF'  linebreak-style
   18:67   [1m[31merror[39m[22m[1m  Expected linebreaks to be 'LF' but found 'CRLF'  linebreak-style
   19:5    [1m[31merror[39m[22m[1m  Expected linebreaks to be 'LF' but found 'CRLF'  linebreak-style
   20:1    [1m[31merror[39m[22m[1m  Expected linebreaks to be 'LF' but found 'CRLF'  linebreak-style
   21:34   [1m[31merror[39m[22m[1m  Expected linebreaks to be 'LF' but found 'CRLF'  linebreak-style
   22:10   [1m[31merror[39m[22m[1m  Expected linebreaks to be 'LF' but found 'CRLF'  linebreak-style
   23:75   [1m[31merror[39m[22m[1m  Expected linebreaks to be 'LF' but found 'CRLF'  linebreak-style
   24:59   [1m[31merror[39m[22m[1m  Expected linebreaks to be 'LF' but found 'CRLF'  linebreak-style
   25:29   [1m[31merror[39m[22m[1m  Expected linebreaks to be 'LF' but found 'CRLF'  linebreak-style
   26:34   [1m[31merror[39m[22m[1m  Expected linebreaks to be 'LF' but found 'CRLF'  linebreak-style
   27:20   [1m[31merror[39m[22m[1m  Expected linebreaks to be 'LF' but found 'CRLF'  linebreak-style
   28:29   [1m[31merror[39m[22m[1m  Expected linebreaks to be 'LF' but found 'CRLF'  linebreak-style
   29:6    [1m[31merror[39m[22m[1m  Expected linebreaks to be 'LF' but found 'CRLF'  linebreak-style
   30:5    [1m[31merror[39m[22m[1m  Expected linebreaks to be 'LF' but found 'CRLF'  linebreak-style
   31:1    [1m[31merror[39m[22m[1m  Expected linebreaks to be 'LF' but found 'CRLF'  linebreak-style
   32:35   [1m[31merror[39m[22m[1m  Expected linebreaks to be 'LF' but found 'CRLF'  linebreak-style
   33:25   [1m[31merror[39m[22m[1m  Expected linebreaks to be 'LF' but found 'CRLF'  linebreak-style
   34:52   [1m[31merror[39m[22m[1m  Expected linebreaks to be 'LF' but found 'CRLF'  linebreak-style
   35:21   [1m[31merror[39m[22m[1m  Expected linebreaks to be 'LF' but found 'CRLF'  linebreak-style
   36:8    [1m[31merror[39m[22m[1m  Expected linebreaks to be 'LF' but found 'CRLF'  linebreak-style
   37:30   [1m[31merror[39m[22m[1m  Expected linebreaks to be 'LF' but found 'CRLF'  linebreak-style
   38:1    [1m[31merror[39m[22m[1m  Expected linebreaks to be 'LF' but found 'CRLF'  linebreak-style
   39:49   [1m[31merror[39m[22m[1m  Expected linebreaks to be 'LF' but found 'CRLF'  linebreak-style
   40:75   [1m[31merror[39m[22m[1m  Expected linebreaks to be 'LF' but found 'CRLF'  linebreak-style
   41:1    [1m[31merror[39m[22m[1m  Expected linebreaks to be 'LF' but found 'CRLF'  linebreak-style
   42:39   [1m[31merror[39m[22m[1m  Expected linebreaks to be 'LF' but found 'CRLF'  linebreak-style
   43:44   [1m[31merror[39m[22m[1m  Expected linebreaks to be 'LF' but found 'CRLF'  linebreak-style
   44:39   [1m[31merror[39m[22m[1m  Expected linebreaks to be 'LF' but found 'CRLF'  linebreak-style
   45:1    [1m[31merror[39m[22m[1m  Expected linebreaks to be 'LF' but found 'CRLF'  linebreak-style
   46:52   [1m[31merror[39m[22m[1m  Expected linebreaks to be 'LF' but found 'CRLF'  linebreak-style
   47:66   [1m[31merror[39m[22m[1m  Expected linebreaks to be 'LF' but found 'CRLF'  linebreak-style
   48:5    [1m[31merror[39m[22m[1m  Expected linebreaks to be 'LF' but found 'CRLF'  linebreak-style
   49:1    [1m[31merror[39m[22m[1m  Expected linebreaks to be 'LF' but found 'CRLF'  linebreak-style
   50:36   [1m[31merror[39m[22m[1m  Expected linebreaks to be 'LF' but found 'CRLF'  linebreak-style
   51:75   [1m[31merror[39m[22m[1m  Expected linebreaks to be 'LF' but found 'CRLF'  linebreak-style
   52:67   [1m[31merror[39m[22m[1m  Expected linebreaks to be 'LF' but found 'CRLF'  linebreak-style
   53:38   [1m[31merror[39m[22m[1m  Expected linebreaks to be 'LF' but found 'CRLF'  linebreak-style
   54:1    [1m[31merror[39m[22m[1m  Expected linebreaks to be 'LF' but found 'CRLF'  linebreak-style
   55:50   [1m[31merror[39m[22m[1m  Expected linebreaks to be 'LF' but found 'CRLF'  linebreak-style
   56:82   [1m[31merror[39m[22m[1m  Expected linebreaks to be 'LF' but found 'CRLF'  linebreak-style
   57:1    [1m[31merror[39m[22m[1m  Expected linebreaks to be 'LF' but found 'CRLF'  linebreak-style
   58:48   [1m[31merror[39m[22m[1m  Expected linebreaks to be 'LF' but found 'CRLF'  linebreak-style
   59:43   [1m[31merror[39m[22m[1m  Expected linebreaks to be 'LF' but found 'CRLF'  linebreak-style
   60:65   [1m[31merror[39m[22m[1m  Expected linebreaks to be 'LF' but found 'CRLF'  linebreak-style
   61:5    [1m[31merror[39m[22m[1m  Expected linebreaks to be 'LF' but found 'CRLF'  linebreak-style
   62:1    [1m[31merror[39m[22m[1m  Expected linebreaks to be 'LF' but found 'CRLF'  linebreak-style
   63:28   [1m[31merror[39m[22m[1m  Expected linebreaks to be 'LF' but found 'CRLF'  linebreak-style
   64:47   [1m[31merror[39m[22m[1m  Expected linebreaks to be 'LF' but found 'CRLF'  linebreak-style
   65:50   [1m[31merror[39m[22m[1m  Expected linebreaks to be 'LF' but found 'CRLF'  linebreak-style
   66:5    [1m[31merror[39m[22m[1m  Expected linebreaks to be 'LF' but found 'CRLF'  linebreak-style
   67:1    [1m[31merror[39m[22m[1m  Expected linebreaks to be 'LF' but found 'CRLF'  linebreak-style
   68:20   [1m[31merror[39m[22m[1m  Expected linebreaks to be 'LF' but found 'CRLF'  linebreak-style
   69:17   [1m[31merror[39m[22m[1m  Expected linebreaks to be 'LF' but found 'CRLF'  linebreak-style
   70:10   [1m[31merror[39m[22m[1m  Expected linebreaks to be 'LF' but found 'CRLF'  linebreak-style
   71:1    [1m[31merror[39m[22m[1m  Expected linebreaks to be 'LF' but found 'CRLF'  linebreak-style
   72:20   [1m[31merror[39m[22m[1m  Expected linebreaks to be 'LF' but found 'CRLF'  linebreak-style
   73:25   [1m[31merror[39m[22m[1m  Expected linebreaks to be 'LF' but found 'CRLF'  linebreak-style
   74:10   [1m[31merror[39m[22m[1m  Expected linebreaks to be 'LF' but found 'CRLF'  linebreak-style
   75:1    [1m[31merror[39m[22m[1m  Expected linebreaks to be 'LF' but found 'CRLF'  linebreak-style
   76:36   [1m[31merror[39m[22m[1m  Expected linebreaks to be 'LF' but found 'CRLF'  linebreak-style
   77:17   [1m[31merror[39m[22m[1m  Expected linebreaks to be 'LF' but found 'CRLF'  linebreak-style
   78:4    [1m[31merror[39m[22m[1m  Expected linebreaks to be 'LF' but found 'CRLF'  linebreak-style
   79:1    [1m[31merror[39m[22m[1m  Expected linebreaks to be 'LF' but found 'CRLF'  linebreak-style
   80:44   [1m[31merror[39m[22m[1m  Expected linebreaks to be 'LF' but found 'CRLF'  linebreak-style
   81:42   [1m[31merror[39m[22m[1m  Expected linebreaks to be 'LF' but found 'CRLF'  linebreak-style
   82:27   [1m[31merror[39m[22m[1m  Expected linebreaks to be 'LF' but found 'CRLF'  linebreak-style
   83:31   [1m[31merror[39m[22m[1m  Expected linebreaks to be 'LF' but found 'CRLF'  linebreak-style
   84:35   [1m[31merror[39m[22m[1m  Expected linebreaks to be 'LF' but found 'CRLF'  linebreak-style
   85:8    [1m[31merror[39m[22m[1m  Expected linebreaks to be 'LF' but found 'CRLF'  linebreak-style
   86:23   [1m[31merror[39m[22m[1m  Expected linebreaks to be 'LF' but found 'CRLF'  linebreak-style
   87:6    [1m[31merror[39m[22m[1m  Expected linebreaks to be 'LF' but found 'CRLF'  linebreak-style
   88:1    [1m[31merror[39m[22m[1m  Expected linebreaks to be 'LF' but found 'CRLF'  linebreak-style
   89:11   [1m[31merror[39m[22m[1m  Expected linebreaks to be 'LF' but found 'CRLF'  linebreak-style
   90:36   [1m[31merror[39m[22m[1m  Expected linebreaks to be 'LF' but found 'CRLF'  linebreak-style
   91:33   [1m[31merror[39m[22m[1m  Expected linebreaks to be 'LF' but found 'CRLF'  linebreak-style
   92:13   [1m[31merror[39m[22m[1m  Expected linebreaks to be 'LF' but found 'CRLF'  linebreak-style
   93:35   [1m[31merror[39m[22m[1m  Expected linebreaks to be 'LF' but found 'CRLF'  linebreak-style
   94:24   [1m[31merror[39m[22m[1m  Expected linebreaks to be 'LF' but found 'CRLF'  linebreak-style
   95:30   [1m[31merror[39m[22m[1m  Expected linebreaks to be 'LF' but found 'CRLF'  linebreak-style
   96:23   [1m[31merror[39m[22m[1m  Expected linebreaks to be 'LF' but found 'CRLF'  linebreak-style
   97:38   [1m[31merror[39m[22m[1m  Expected linebreaks to be 'LF' but found 'CRLF'  linebreak-style
   98:70   [1m[31merror[39m[22m[1m  Expected linebreaks to be 'LF' but found 'CRLF'  linebreak-style
   99:10   [1m[31merror[39m[22m[1m  Expected linebreaks to be 'LF' but found 'CRLF'  linebreak-style
  100:105  [1m[31merror[39m[22m[1m  Expected linebreaks to be 'LF' but found 'CRLF'  linebreak-style
  101:37   [1m[31merror[39m[22m[1m  Expected linebreaks to be 'LF' but found 'CRLF'  linebreak-style
  102:71   [1m[31merror[39m[22m[1m  Expected linebreaks to be 'LF' but found 'CRLF'  linebreak-style
  103:14   [1m[31merror[39m[22m[1m  Expected linebreaks to be 'LF' but found 'CRLF'  linebreak-style
  104:15   [1m[31merror[39m[22m[1m  Expected linebreaks to be 'LF' but found 'CRLF'  linebreak-style
  105:10   [1m[31merror[39m[22m[1m  Expected linebreaks to be 'LF' but found 'CRLF'  linebreak-style
  106:11   [1m[31merror[39m[22m[1m  Expected linebreaks to be 'LF' but found 'CRLF'  linebreak-style
  107:5    [1m[31merror[39m[22m[1m  Expected linebreaks to be 'LF' but found 'CRLF'  linebreak-style
  108:3    [1m[31merror[39m[22m[1m  Expected linebreaks to be 'LF' but found 'CRLF'  linebreak-style
  109:1    [1m[31merror[39m[22m[1m  Expected linebreaks to be 'LF' but found 'CRLF'  linebreak-style
  110:29   [1m[31merror[39m[22m[1m  Expected linebreaks to be 'LF' but found 'CRLF'  linebreak-style

C:\Users\blaha5\Downloads\da\reactkys\crmWAcv\src\components\giftList.jsx
    1:59   [1m[31merror[39m[22m[1m  Expected linebreaks to be 'LF' but found 'CRLF'  linebreak-style
    2:27   [1m[31merror[39m[22m[1m  Expected linebreaks to be 'LF' but found 'CRLF'  linebreak-style
    3:36   [1m[31merror[39m[22m[1m  Expected linebreaks to be 'LF' but found 'CRLF'  linebreak-style
    4:52   [1m[31merror[39m[22m[1m  Expected linebreaks to be 'LF' but found 'CRLF'  linebreak-style
    5:43   [1m[31merror[39m[22m[1m  Expected linebreaks to be 'LF' but found 'CRLF'  linebreak-style
    6:40   [1m[31merror[39m[22m[1m  Expected linebreaks to be 'LF' but found 'CRLF'  linebreak-style
    7:54   [1m[31merror[39m[22m[1m  Expected linebreaks to be 'LF' but found 'CRLF'  linebreak-style
    8:1    [1m[31merror[39m[22m[1m  Expected linebreaks to be 'LF' but found 'CRLF'  linebreak-style
    9:20   [1m[31merror[39m[22m[1m  Expected linebreaks to be 'LF' but found 'CRLF'  linebreak-style
   10:10   [1m[31merror[39m[22m[1m  Expected linebreaks to be 'LF' but found 'CRLF'  linebreak-style
   11:10   [1m[31merror[39m[22m[1m  Expected linebreaks to be 'LF' but found 'CRLF'  linebreak-style
   12:12   [1m[31merror[39m[22m[1m  Expected linebreaks to be 'LF' but found 'CRLF'  linebreak-style
   13:11   [1m[31merror[39m[22m[1m  Expected linebreaks to be 'LF' but found 'CRLF'  linebreak-style
   14:8    [1m[31merror[39m[22m[1m  Expected linebreaks to be 'LF' but found 'CRLF'  linebreak-style
   15:31   [1m[31merror[39m[22m[1m  Expected linebreaks to be 'LF' but found 'CRLF'  linebreak-style
   16:42   [1m[31merror[39m[22m[1m  Expected linebreaks to be 'LF' but found 'CRLF'  linebreak-style
   17:48   [1m[31merror[39m[22m[1m  Expected linebreaks to be 'LF' but found 'CRLF'  linebreak-style
   18:44   [1m[31merror[39m[22m[1m  Expected linebreaks to be 'LF' but found 'CRLF'  linebreak-style
   19:58   [1m[31merror[39m[22m[1m  Expected linebreaks to be 'LF' but found 'CRLF'  linebreak-style
   20:1    [1m[31merror[39m[22m[1m  Expected linebreaks to be 'LF' but found 'CRLF'  linebreak-style
   21:20   [1m[31merror[39m[22m[1m  Expected linebreaks to be 'LF' but found 'CRLF'  linebreak-style
   22:37   [1m[31merror[39m[22m[1m  Expected linebreaks to be 'LF' but found 'CRLF'  linebreak-style
   23:12   [1m[31merror[39m[22m[1m  Expected linebreaks to be 'LF' but found 'CRLF'  linebreak-style
   24:70   [1m[31merror[39m[22m[1m  Expected linebreaks to be 'LF' but found 'CRLF'  linebreak-style
   25:71   [1m[31merror[39m[22m[1m  Expected linebreaks to be 'LF' but found 'CRLF'  linebreak-style
   26:46   [1m[31merror[39m[22m[1m  Expected linebreaks to be 'LF' but found 'CRLF'  linebreak-style
   27:36   [1m[31merror[39m[22m[1m  Expected linebreaks to be 'LF' but found 'CRLF'  linebreak-style
   28:17   [1m[31merror[39m[22m[1m  Expected linebreaks to be 'LF' but found 'CRLF'  linebreak-style
   29:38   [1m[31merror[39m[22m[1m  Expected linebreaks to be 'LF' but found 'CRLF'  linebreak-style
   30:35   [1m[31merror[39m[22m[1m  Expected linebreaks to be 'LF' but found 'CRLF'  linebreak-style
   31:10   [1m[31merror[39m[22m[1m  Expected linebreaks to be 'LF' but found 'CRLF'  linebreak-style
   32:22   [1m[31merror[39m[22m[1m  Expected linebreaks to be 'LF' but found 'CRLF'  linebreak-style
   33:31   [1m[31merror[39m[22m[1m  Expected linebreaks to be 'LF' but found 'CRLF'  linebreak-style
   34:18   [1m[31merror[39m[22m[1m  Expected linebreaks to be 'LF' but found 'CRLF'  linebreak-style
   35:27   [1m[31merror[39m[22m[1m  Expected linebreaks to be 'LF' but found 'CRLF'  linebreak-style
   36:8    [1m[31merror[39m[22m[1m  Expected linebreaks to be 'LF' but found 'CRLF'  linebreak-style
   37:7    [1m[31merror[39m[22m[1m  Expected linebreaks to be 'LF' but found 'CRLF'  linebreak-style
   38:1    [1m[31merror[39m[22m[1m  Expected linebreaks to be 'LF' but found 'CRLF'  linebreak-style
   39:18   [1m[31merror[39m[22m[1m  Expected linebreaks to be 'LF' but found 'CRLF'  linebreak-style
   40:30   [1m[31merror[39m[22m[1m  Expected linebreaks to be 'LF' but found 'CRLF'  linebreak-style
   41:1    [1m[31merror[39m[22m[1m  Expected linebreaks to be 'LF' but found 'CRLF'  linebreak-style
   42:41   [1m[31merror[39m[22m[1m  Expected linebreaks to be 'LF' but found 'CRLF'  linebreak-style
   43:10   [1m[31merror[39m[22m[1m  Expected linebreaks to be 'LF' but found 'CRLF'  linebreak-style
   44:71   [1m[31merror[39m[22m[1m  Expected linebreaks to be 'LF' but found 'CRLF'  linebreak-style
   45:37   [1m[31merror[39m[22m[1m  Expected linebreaks to be 'LF' but found 'CRLF'  linebreak-style
   46:81   [1m[31merror[39m[22m[1m  Expected linebreaks to be 'LF' but found 'CRLF'  linebreak-style
   47:15   [1m[31merror[39m[22m[1m  Expected linebreaks to be 'LF' but found 'CRLF'  linebreak-style
   48:43   [1m[31merror[39m[22m[1m  Expected linebreaks to be 'LF' but found 'CRLF'  linebreak-style
   49:8    [1m[31merror[39m[22m[1m  Expected linebreaks to be 'LF' but found 'CRLF'  linebreak-style
   50:20   [1m[31merror[39m[22m[1m  Expected linebreaks to be 'LF' but found 'CRLF'  linebreak-style
   51:29   [1m[31merror[39m[22m[1m  Expected linebreaks to be 'LF' but found 'CRLF'  linebreak-style
   52:16   [1m[31merror[39m[22m[1m  Expected linebreaks to be 'LF' but found 'CRLF'  linebreak-style
   53:25   [1m[31merror[39m[22m[1m  Expected linebreaks to be 'LF' but found 'CRLF'  linebreak-style
   54:6    [1m[31merror[39m[22m[1m  Expected linebreaks to be 'LF' but found 'CRLF'  linebreak-style
   55:5    [1m[31merror[39m[22m[1m  Expected linebreaks to be 'LF' but found 'CRLF'  linebreak-style
   56:1    [1m[31merror[39m[22m[1m  Expected linebreaks to be 'LF' but found 'CRLF'  linebreak-style
   57:37   [1m[31merror[39m[22m[1m  Expected linebreaks to be 'LF' but found 'CRLF'  linebreak-style
   58:23   [1m[31merror[39m[22m[1m  Expected linebreaks to be 'LF' but found 'CRLF'  linebreak-style
   59:64   [1m[31merror[39m[22m[1m  Expected linebreaks to be 'LF' but found 'CRLF'  linebreak-style
   60:21   [1m[31merror[39m[22m[1m  Expected linebreaks to be 'LF' but found 'CRLF'  linebreak-style
   61:24   [1m[31merror[39m[22m[1m  Expected linebreaks to be 'LF' but found 'CRLF'  linebreak-style
   62:6    [1m[31merror[39m[22m[1m  Expected linebreaks to be 'LF' but found 'CRLF'  linebreak-style
   63:5    [1m[31merror[39m[22m[1m  Expected linebreaks to be 'LF' but found 'CRLF'  linebreak-style
   64:38   [1m[31merror[39m[22m[1m  Expected linebreaks to be 'LF' but found 'CRLF'  linebreak-style
   65:23   [1m[31merror[39m[22m[1m  Expected linebreaks to be 'LF' but found 'CRLF'  linebreak-style
   66:27   [1m[31merror[39m[22m[1m  Expected linebreaks to be 'LF' but found 'CRLF'  linebreak-style
   67:5    [1m[31merror[39m[22m[1m  Expected linebreaks to be 'LF' but found 'CRLF'  linebreak-style
   68:30   [1m[31merror[39m[22m[1m  Expected linebreaks to be 'LF' but found 'CRLF'  linebreak-style
   69:27   [1m[31merror[39m[22m[1m  Expected linebreaks to be 'LF' but found 'CRLF'  linebreak-style
   70:5    [1m[31merror[39m[22m[1m  Expected linebreaks to be 'LF' but found 'CRLF'  linebreak-style
   71:44   [1m[31merror[39m[22m[1m  Expected linebreaks to be 'LF' but found 'CRLF'  linebreak-style
   72:34   [1m[31merror[39m[22m[1m  Expected linebreaks to be 'LF' but found 'CRLF'  linebreak-style
   73:24   [1m[31merror[39m[22m[1m  Expected linebreaks to be 'LF' but found 'CRLF'  linebreak-style
   74:75   [1m[31merror[39m[22m[1m  Expected linebreaks to be 'LF' but found 'CRLF'  linebreak-style
   75:8    [1m[31merror[39m[22m[1m  Expected linebreaks to be 'LF' but found 'CRLF'  linebreak-style
   76:58   [1m[31merror[39m[22m[1m  Expected linebreaks to be 'LF' but found 'CRLF'  linebreak-style
   77:5    [1m[31merror[39m[22m[1m  Expected linebreaks to be 'LF' but found 'CRLF'  linebreak-style
   78:37   [1m[31merror[39m[22m[1m  Expected linebreaks to be 'LF' but found 'CRLF'  linebreak-style
   79:34   [1m[31merror[39m[22m[1m  Expected linebreaks to be 'LF' but found 'CRLF'  linebreak-style
   80:27   [1m[31merror[39m[22m[1m  Expected linebreaks to be 'LF' but found 'CRLF'  linebreak-style
   81:23   [1m[31merror[39m[22m[1m  Expected linebreaks to be 'LF' but found 'CRLF'  linebreak-style
   82:8    [1m[31merror[39m[22m[1m  Expected linebreaks to be 'LF' but found 'CRLF'  linebreak-style
   83:6    [1m[31merror[39m[22m[1m  Expected linebreaks to be 'LF' but found 'CRLF'  linebreak-style
   84:5    [1m[31merror[39m[22m[1m  Expected linebreaks to be 'LF' but found 'CRLF'  linebreak-style
   85:20   [1m[31merror[39m[22m[1m  Expected linebreaks to be 'LF' but found 'CRLF'  linebreak-style
   86:55   [1m[31merror[39m[22m[1m  Expected linebreaks to be 'LF' but found 'CRLF'  linebreak-style
   87:19   [1m[31merror[39m[22m[1m  Expected linebreaks to be 'LF' but found 'CRLF'  linebreak-style
   88:60   [1m[31merror[39m[22m[1m  Expected linebreaks to be 'LF' but found 'CRLF'  linebreak-style
   89:7    [1m[31merror[39m[22m[1m  Expected linebreaks to be 'LF' but found 'CRLF'  linebreak-style
   90:10   [1m[31merror[39m[22m[1m  Expected linebreaks to be 'LF' but found 'CRLF'  linebreak-style
   91:1    [1m[31merror[39m[22m[1m  Expected linebreaks to be 'LF' but found 'CRLF'  linebreak-style
   92:17   [1m[31merror[39m[22m[1m  Expected linebreaks to be 'LF' but found 'CRLF'  linebreak-style
   93:30   [1m[31merror[39m[22m[1m  Expected linebreaks to be 'LF' but found 'CRLF'  linebreak-style
   94:4    [1m[31merror[39m[22m[1m  Expected linebreaks to be 'LF' but found 'CRLF'  linebreak-style
   95:15   [1m[31merror[39m[22m[1m  Expected linebreaks to be 'LF' but found 'CRLF'  linebreak-style
   96:13   [1m[31merror[39m[22m[1m  Expected linebreaks to be 'LF' but found 'CRLF'  linebreak-style
   97:10   [1m[31merror[39m[22m[1m  Expected linebreaks to be 'LF' but found 'CRLF'  linebreak-style
   98:15   [1m[31merror[39m[22m[1m  Expected linebreaks to be 'LF' but found 'CRLF'  linebreak-style
   99:16   [1m[31merror[39m[22m[1m  Expected linebreaks to be 'LF' but found 'CRLF'  linebreak-style
  100:11   [1m[31merror[39m[22m[1m  Expected linebreaks to be 'LF' but found 'CRLF'  linebreak-style
  101:7    [1m[31merror[39m[22m[1m  Expected linebreaks to be 'LF' but found 'CRLF'  linebreak-style
  102:4    [1m[31merror[39m[22m[1m  Expected linebreaks to be 'LF' but found 'CRLF'  linebreak-style
  103:11   [1m[31merror[39m[22m[1m  Expected linebreaks to be 'LF' but found 'CRLF'  linebreak-style
  104:66   [1m[31merror[39m[22m[1m  Expected linebreaks to be 'LF' but found 'CRLF'  linebreak-style
  105:81   [1m[31merror[39m[22m[1m  Expected linebreaks to be 'LF' but found 'CRLF'  linebreak-style
  106:24   [1m[31merror[39m[22m[1m  Expected linebreaks to be 'LF' but found 'CRLF'  linebreak-style
  107:87   [1m[31merror[39m[22m[1m  Expected linebreaks to be 'LF' but found 'CRLF'  linebreak-style
  108:12   [1m[31merror[39m[22m[1m  Expected linebreaks to be 'LF' but found 'CRLF'  linebreak-style
  109:45   [1m[31merror[39m[22m[1m  Expected linebreaks to be 'LF' but found 'CRLF'  linebreak-style
  110:81   [1m[31merror[39m[22m[1m  Expected linebreaks to be 'LF' but found 'CRLF'  linebreak-style
  111:18   [1m[31merror[39m[22m[1m  Expected linebreaks to be 'LF' but found 'CRLF'  linebreak-style
  112:17   [1m[31merror[39m[22m[1m  Expected linebreaks to be 'LF' but found 'CRLF'  linebreak-style
  113:29   [1m[31merror[39m[22m[1m  Expected linebreaks to be 'LF' but found 'CRLF'  linebreak-style
  114:31   [1m[31merror[39m[22m[1m  Expected linebreaks to be 'LF' but found 'CRLF'  linebreak-style
  115:32   [1m[31merror[39m[22m[1m  Expected linebreaks to be 'LF' but found 'CRLF'  linebreak-style
  116:21   [1m[31merror[39m[22m[1m  Expected linebreaks to be 'LF' but found 'CRLF'  linebreak-style
  117:21   [1m[31merror[39m[22m[1m  Expected linebreaks to be 'LF' but found 'CRLF'  linebreak-style
  118:18   [1m[31merror[39m[22m[1m  Expected linebreaks to be 'LF' but found 'CRLF'  linebreak-style
  119:19   [1m[31merror[39m[22m[1m  Expected linebreaks to be 'LF' but found 'CRLF'  linebreak-style
  120:18   [1m[31merror[39m[22m[1m  Expected linebreaks to be 'LF' but found 'CRLF'  linebreak-style
  121:35   [1m[31merror[39m[22m[1m  Expected linebreaks to be 'LF' but found 'CRLF'  linebreak-style
  122:33   [1m[31merror[39m[22m[1m  Expected linebreaks to be 'LF' but found 'CRLF'  linebreak-style
  123:57   [1m[31merror[39m[22m[1m  Expected linebreaks to be 'LF' but found 'CRLF'  linebreak-style
  124:38   [1m[31merror[39m[22m[1m  Expected linebreaks to be 'LF' but found 'CRLF'  linebreak-style
  125:38   [1m[31merror[39m[22m[1m  Expected linebreaks to be 'LF' but found 'CRLF'  linebreak-style
  126:102  [1m[31merror[39m[22m[1m  Expected linebreaks to be 'LF' but found 'CRLF'  linebreak-style
  127:123  [1m[31merror[39m[22m[1m  Expected linebreaks to be 'LF' but found 'CRLF'  linebreak-style
  128:20   [1m[31merror[39m[22m[1m  Expected linebreaks to be 'LF' but found 'CRLF'  linebreak-style
  129:16   [1m[31merror[39m[22m[1m  Expected linebreaks to be 'LF' but found 'CRLF'  linebreak-style
  130:17   [1m[31merror[39m[22m[1m  Expected linebreaks to be 'LF' but found 'CRLF'  linebreak-style
  131:21   [1m[31merror[39m[22m[1m  Expected linebreaks to be 'LF' but found 'CRLF'  linebreak-style
  132:21   [1m[31merror[39m[22m[1m  Expected linebreaks to be 'LF' but found 'CRLF'  linebreak-style
  133:21   [1m[31merror[39m[22m[1m  Expected linebreaks to be 'LF' but found 'CRLF'  linebreak-style
  134:124  [1m[31merror[39m[22m[1m  Expected linebreaks to be 'LF' but found 'CRLF'  linebreak-style
  135:18   [1m[31merror[39m[22m[1m  Expected linebreaks to be 'LF' but found 'CRLF'  linebreak-style
  136:19   [1m[31merror[39m[22m[1m  Expected linebreaks to be 'LF' but found 'CRLF'  linebreak-style
  137:17   [1m[31merror[39m[22m[1m  Expected linebreaks to be 'LF' but found 'CRLF'  linebreak-style
  138:9    [1m[31merror[39m[22m[1m  Expected linebreaks to be 'LF' but found 'CRLF'  linebreak-style
  139:11   [1m[31merror[39m[22m[1m  Expected linebreaks to be 'LF' but found 'CRLF'  linebreak-style
  140:5    [1m[31merror[39m[22m[1m  Expected linebreaks to be 'LF' but found 'CRLF'  linebreak-style
  141:3    [1m[31merror[39m[22m[1m  Expected linebreaks to be 'LF' but found 'CRLF'  linebreak-style
  142:1    [1m[31merror[39m[22m[1m  Expected linebreaks to be 'LF' but found 'CRLF'  linebreak-style
  143:25   [1m[31merror[39m[22m[1m  Expected linebreaks to be 'LF' but found 'CRLF'  linebreak-style
  144:1    [1m[31merror[39m[22m[1m  Expected linebreaks to be 'LF' but found 'CRLF'  linebreak-style
  145:23   [1m[31merror[39m[22m[1m  Expected linebreaks to be 'LF' but found 'CRLF'  linebreak-style
  146:39   [1m[31merror[39m[22m[1m  Expected linebreaks to be 'LF' but found 'CRLF'  linebreak-style
  147:37   [1m[31merror[39m[22m[1m  Expected linebreaks to be 'LF' but found 'CRLF'  linebreak-style
  148:41   [1m[31merror[39m[22m[1m  Expected linebreaks to be 'LF' but found 'CRLF'  linebreak-style
  149:38   [1m[31merror[39m[22m[1m  Expected linebreaks to be 'LF' but found 'CRLF'  linebreak-style
  150:3    [1m[31merror[39m[22m[1m  Expected linebreaks to be 'LF' but found 'CRLF'  linebreak-style

C:\Users\blaha5\Downloads\da\reactkys\crmWAcv\src\components\google\AddEventToGoogleCalendar.jsx
   1:36   [1m[31merror[39m[22m[1m  Expected linebreaks to be 'LF' but found 'CRLF'  linebreak-style
   2:27   [1m[31merror[39m[22m[1m  Expected linebreaks to be 'LF' but found 'CRLF'  linebreak-style
   3:60   [1m[31merror[39m[22m[1m  Expected linebreaks to be 'LF' but found 'CRLF'  linebreak-style
   4:1    [1m[31merror[39m[22m[1m  Expected linebreaks to be 'LF' but found 'CRLF'  linebreak-style
   5:35   [1m[31merror[39m[22m[1m  Expected linebreaks to be 'LF' but found 'CRLF'  linebreak-style
   6:54   [1m[31merror[39m[22m[1m  Expected linebreaks to be 'LF' but found 'CRLF'  linebreak-style
   7:38   [1m[31merror[39m[22m[1m  Expected linebreaks to be 'LF' but found 'CRLF'  linebreak-style
   8:58   [1m[31merror[39m[22m[1m  Expected linebreaks to be 'LF' but found 'CRLF'  linebreak-style
   9:3    [1m[31merror[39m[22m[1m  Expected linebreaks to be 'LF' but found 'CRLF'  linebreak-style
  10:1    [1m[31merror[39m[22m[1m  Expected linebreaks to be 'LF' but found 'CRLF'  linebreak-style
  11:74   [1m[31merror[39m[22m[1m  Expected linebreaks to be 'LF' but found 'CRLF'  linebreak-style
  12:22   [1m[31merror[39m[22m[1m  Expected linebreaks to be 'LF' but found 'CRLF'  linebreak-style
  13:28   [1m[31merror[39m[22m[1m  Expected linebreaks to be 'LF' but found 'CRLF'  linebreak-style
  14:26   [1m[31merror[39m[22m[1m  Expected linebreaks to be 'LF' but found 'CRLF'  linebreak-style
  15:29   [1m[31merror[39m[22m[1m  Expected linebreaks to be 'LF' but found 'CRLF'  linebreak-style
  16:15   [1m[31merror[39m[22m[1m  Expected linebreaks to be 'LF' but found 'CRLF'  linebreak-style
  17:4    [1m[31merror[39m[22m[1m  Expected linebreaks to be 'LF' but found 'CRLF'  linebreak-style
  18:35   [1m[31merror[39m[22m[1m  Expected linebreaks to be 'LF' but found 'CRLF'  linebreak-style
  19:15   [1m[31merror[39m[22m[1m  Expected linebreaks to be 'LF' but found 'CRLF'  linebreak-style
  20:4    [1m[31merror[39m[22m[1m  Expected linebreaks to be 'LF' but found 'CRLF'  linebreak-style
  21:33   [1m[31merror[39m[22m[1m  Expected linebreaks to be 'LF' but found 'CRLF'  linebreak-style
  22:15   [1m[31merror[39m[22m[1m  Expected linebreaks to be 'LF' but found 'CRLF'  linebreak-style
  23:4    [1m[31merror[39m[22m[1m  Expected linebreaks to be 'LF' but found 'CRLF'  linebreak-style
  24:1    [1m[31merror[39m[22m[1m  Expected linebreaks to be 'LF' but found 'CRLF'  linebreak-style
  25:38   [1m[31merror[39m[22m[1m  Expected linebreaks to be 'LF' but found 'CRLF'  linebreak-style
  26:41   [1m[31merror[39m[22m[1m  Expected linebreaks to be 'LF' but found 'CRLF'  linebreak-style
  27:61   [1m[31merror[39m[22m[1m  Expected linebreaks to be 'LF' but found 'CRLF'  linebreak-style
  28:26   [1m[31merror[39m[22m[1m  Expected linebreaks to be 'LF' but found 'CRLF'  linebreak-style
  29:24   [1m[31merror[39m[22m[1m  Expected linebreaks to be 'LF' but found 'CRLF'  linebreak-style
  30:326  [1m[31merror[39m[22m[1m  Expected linebreaks to be 'LF' but found 'CRLF'  linebreak-style
  31:1    [1m[31merror[39m[22m[1m  Expected linebreaks to be 'LF' but found 'CRLF'  linebreak-style
  32:11   [1m[31merror[39m[22m[1m  Expected linebreaks to be 'LF' but found 'CRLF'  linebreak-style
  33:46   [1m[31merror[39m[22m[1m  Expected linebreaks to be 'LF' but found 'CRLF'  linebreak-style
  34:77   [1m[31merror[39m[22m[1m  Expected linebreaks to be 'LF' but found 'CRLF'  linebreak-style
  35:28   [1m[31merror[39m[22m[1m  Expected linebreaks to be 'LF' but found 'CRLF'  linebreak-style
  36:11   [1m[31merror[39m[22m[1m  Expected linebreaks to be 'LF' but found 'CRLF'  linebreak-style
  37:14   [1m[31merror[39m[22m[1m  Expected linebreaks to be 'LF' but found 'CRLF'  linebreak-style
  38:5    [1m[31merror[39m[22m[1m  Expected linebreaks to be 'LF' but found 'CRLF'  linebreak-style
  39:3    [1m[31merror[39m[22m[1m  Expected linebreaks to be 'LF' but found 'CRLF'  linebreak-style
  40:1    [1m[31merror[39m[22m[1m  Expected linebreaks to be 'LF' but found 'CRLF'  linebreak-style
  41:41   [1m[31merror[39m[22m[1m  Expected linebreaks to be 'LF' but found 'CRLF'  linebreak-style
  42:39   [1m[31merror[39m[22m[1m  Expected linebreaks to be 'LF' but found 'CRLF'  linebreak-style
  43:38   [1m[31merror[39m[22m[1m  Expected linebreaks to be 'LF' but found 'CRLF'  linebreak-style
  44:44   [1m[31merror[39m[22m[1m  Expected linebreaks to be 'LF' but found 'CRLF'  linebreak-style
  45:42   [1m[31merror[39m[22m[1m  Expected linebreaks to be 'LF' but found 'CRLF'  linebreak-style
  46:3    [1m[31merror[39m[22m[1m  Expected linebreaks to be 'LF' but found 'CRLF'  linebreak-style

C:\Users\blaha5\Downloads\da\reactkys\crmWAcv\src\components\hideColm.jsx
   1:59   [1m[31merror[39m[22m[1m  Expected linebreaks to be 'LF' but found 'CRLF'  linebreak-style
   2:27   [1m[31merror[39m[22m[1m  Expected linebreaks to be 'LF' but found 'CRLF'  linebreak-style
   3:52   [1m[31merror[39m[22m[1m  Expected linebreaks to be 'LF' but found 'CRLF'  linebreak-style
   4:43   [1m[31merror[39m[22m[1m  Expected linebreaks to be 'LF' but found 'CRLF'  linebreak-style
   5:40   [1m[31merror[39m[22m[1m  Expected linebreaks to be 'LF' but found 'CRLF'  linebreak-style
   6:1    [1m[31merror[39m[22m[1m  Expected linebreaks to be 'LF' but found 'CRLF'  linebreak-style
   7:25   [1m[31merror[39m[22m[1m  Expected linebreaks to be 'LF' but found 'CRLF'  linebreak-style
   8:31   [1m[31merror[39m[22m[1m  Expected linebreaks to be 'LF' but found 'CRLF'  linebreak-style
   9:48   [1m[31merror[39m[22m[1m  Expected linebreaks to be 'LF' but found 'CRLF'  linebreak-style
  10:48   [1m[31merror[39m[22m[1m  Expected linebreaks to be 'LF' but found 'CRLF'  linebreak-style
  11:63   [1m[31merror[39m[22m[1m  Expected linebreaks to be 'LF' but found 'CRLF'  linebreak-style
  12:38   [1m[31merror[39m[22m[1m  Expected linebreaks to be 'LF' but found 'CRLF'  linebreak-style
  13:67   [1m[31merror[39m[22m[1m  Expected linebreaks to be 'LF' but found 'CRLF'  linebreak-style
  14:1    [1m[31merror[39m[22m[1m  Expected linebreaks to be 'LF' but found 'CRLF'  linebreak-style
  15:20   [1m[31merror[39m[22m[1m  Expected linebreaks to be 'LF' but found 'CRLF'  linebreak-style
  16:25   [1m[31merror[39m[22m[1m  Expected linebreaks to be 'LF' but found 'CRLF'  linebreak-style
  17:34   [1m[31merror[39m[22m[1m  Expected linebreaks to be 'LF' but found 'CRLF'  linebreak-style
  18:28   [1m[31merror[39m[22m[1m  Expected linebreaks to be 'LF' but found 'CRLF'  linebreak-style
  19:36   [1m[31merror[39m[22m[1m  Expected linebreaks to be 'LF' but found 'CRLF'  linebreak-style
  20:27   [1m[31merror[39m[22m[1m  Expected linebreaks to be 'LF' but found 'CRLF'  linebreak-style
  21:9    [1m[31merror[39m[22m[1m  Expected linebreaks to be 'LF' but found 'CRLF'  linebreak-style
  22:26   [1m[31merror[39m[22m[1m  Expected linebreaks to be 'LF' but found 'CRLF'  linebreak-style
  23:34   [1m[31merror[39m[22m[1m  Expected linebreaks to be 'LF' but found 'CRLF'  linebreak-style
  24:50   [1m[31merror[39m[22m[1m  Expected linebreaks to be 'LF' but found 'CRLF'  linebreak-style
  25:27   [1m[31merror[39m[22m[1m  Expected linebreaks to be 'LF' but found 'CRLF'  linebreak-style
  26:10   [1m[31merror[39m[22m[1m  Expected linebreaks to be 'LF' but found 'CRLF'  linebreak-style
  27:10   [1m[31merror[39m[22m[1m  Expected linebreaks to be 'LF' but found 'CRLF'  linebreak-style
  28:1    [1m[31merror[39m[22m[1m  Expected linebreaks to be 'LF' but found 'CRLF'  linebreak-style
  29:36   [1m[31merror[39m[22m[1m  Expected linebreaks to be 'LF' but found 'CRLF'  linebreak-style
  30:44   [1m[31merror[39m[22m[1m  Expected linebreaks to be 'LF' but found 'CRLF'  linebreak-style
  31:33   [1m[31merror[39m[22m[1m  Expected linebreaks to be 'LF' but found 'CRLF'  linebreak-style
  32:19   [1m[31merror[39m[22m[1m  Expected linebreaks to be 'LF' but found 'CRLF'  linebreak-style
  33:23   [1m[31merror[39m[22m[1m  Expected linebreaks to be 'LF' but found 'CRLF'  linebreak-style
  34:9    [1m[31merror[39m[22m[1m  Expected linebreaks to be 'LF' but found 'CRLF'  linebreak-style
  35:5    [1m[31merror[39m[22m[1m  Expected linebreaks to be 'LF' but found 'CRLF'  linebreak-style
  36:1    [1m[31merror[39m[22m[1m  Expected linebreaks to be 'LF' but found 'CRLF'  linebreak-style
  37:36   [1m[31merror[39m[22m[1m  Expected linebreaks to be 'LF' but found 'CRLF'  linebreak-style
  38:28   [1m[31merror[39m[22m[1m  Expected linebreaks to be 'LF' but found 'CRLF'  linebreak-style
  39:45   [1m[31merror[39m[22m[1m  Expected linebreaks to be 'LF' but found 'CRLF'  linebreak-style
  40:28   [1m[31merror[39m[22m[1m  Expected linebreaks to be 'LF' but found 'CRLF'  linebreak-style
  41:71   [1m[31merror[39m[22m[1m  Expected linebreaks to be 'LF' but found 'CRLF'  linebreak-style
  42:35   [1m[31merror[39m[22m[1m  Expected linebreaks to be 'LF' but found 'CRLF'  linebreak-style
  43:26   [1m[31merror[39m[22m[1m  Expected linebreaks to be 'LF' but found 'CRLF'  linebreak-style
  44:9    [1m[31merror[39m[22m[1m  Expected linebreaks to be 'LF' but found 'CRLF'  linebreak-style
  45:26   [1m[31merror[39m[22m[1m  Expected linebreaks to be 'LF' but found 'CRLF'  linebreak-style
  46:33   [1m[31merror[39m[22m[1m  Expected linebreaks to be 'LF' but found 'CRLF'  linebreak-style
  47:23   [1m[31merror[39m[22m[1m  Expected linebreaks to be 'LF' but found 'CRLF'  linebreak-style
  48:10   [1m[31merror[39m[22m[1m  Expected linebreaks to be 'LF' but found 'CRLF'  linebreak-style
  49:5    [1m[31merror[39m[22m[1m  Expected linebreaks to be 'LF' but found 'CRLF'  linebreak-style
  50:1    [1m[31merror[39m[22m[1m  Expected linebreaks to be 'LF' but found 'CRLF'  linebreak-style
  51:17   [1m[31merror[39m[22m[1m  Expected linebreaks to be 'LF' but found 'CRLF'  linebreak-style
  52:39   [1m[31merror[39m[22m[1m  Expected linebreaks to be 'LF' but found 'CRLF'  linebreak-style
  53:4    [1m[31merror[39m[22m[1m  Expected linebreaks to be 'LF' but found 'CRLF'  linebreak-style
  54:1    [1m[31merror[39m[22m[1m  Expected linebreaks to be 'LF' but found 'CRLF'  linebreak-style
  55:11   [1m[31merror[39m[22m[1m  Expected linebreaks to be 'LF' but found 'CRLF'  linebreak-style
  56:35   [1m[31merror[39m[22m[1m  Expected linebreaks to be 'LF' but found 'CRLF'  linebreak-style
  57:90   [1m[31merror[39m[22m[1m  Expected linebreaks to be 'LF' but found 'CRLF'  linebreak-style
  58:107  [1m[31merror[39m[22m[1m  Expected linebreaks to be 'LF' but found 'CRLF'  linebreak-style
  59:14   [1m[31merror[39m[22m[1m  Expected linebreaks to be 'LF' but found 'CRLF'  linebreak-style
  60:16   [1m[31merror[39m[22m[1m  Expected linebreaks to be 'LF' but found 'CRLF'  linebreak-style
  61:15   [1m[31merror[39m[22m[1m  Expected linebreaks to be 'LF' but found 'CRLF'  linebreak-style
  62:29   [1m[31merror[39m[22m[1m  Expected linebreaks to be 'LF' but found 'CRLF'  linebreak-style
  63:33   [1m[31merror[39m[22m[1m  Expected linebreaks to be 'LF' but found 'CRLF'  linebreak-style
  64:16   [1m[31merror[39m[22m[1m  Expected linebreaks to be 'LF' but found 'CRLF'  linebreak-style
  65:17   [1m[31merror[39m[22m[1m  Expected linebreaks to be 'LF' but found 'CRLF'  linebreak-style
  66:16   [1m[31merror[39m[22m[1m  Expected linebreaks to be 'LF' but found 'CRLF'  linebreak-style
  67:60   [1m[31merror[39m[22m[1m  Expected linebreaks to be 'LF' but found 'CRLF'  linebreak-style
  68:27   [1m[31merror[39m[22m[1m  Expected linebreaks to be 'LF' but found 'CRLF'  linebreak-style
  69:19   [1m[31merror[39m[22m[1m  Expected linebreaks to be 'LF' but found 'CRLF'  linebreak-style
  70:51   [1m[31merror[39m[22m[1m  Expected linebreaks to be 'LF' but found 'CRLF'  linebreak-style
  71:20   [1m[31merror[39m[22m[1m  Expected linebreaks to be 'LF' but found 'CRLF'  linebreak-style
  72:19   [1m[31merror[39m[22m[1m  Expected linebreaks to be 'LF' but found 'CRLF'  linebreak-style
  73:82   [1m[31merror[39m[22m[1m  Expected linebreaks to be 'LF' but found 'CRLF'  linebreak-style
  74:23   [1m[31merror[39m[22m[1m  Expected linebreaks to be 'LF' but found 'CRLF'  linebreak-style
  75:34   [1m[31merror[39m[22m[1m  Expected linebreaks to be 'LF' but found 'CRLF'  linebreak-style
  76:29   [1m[31merror[39m[22m[1m  Expected linebreaks to be 'LF' but found 'CRLF'  linebreak-style
  77:27   [1m[31merror[39m[22m[1m  Expected linebreaks to be 'LF' but found 'CRLF'  linebreak-style
  78:43   [1m[31merror[39m[22m[1m  Expected linebreaks to be 'LF' but found 'CRLF'  linebreak-style
  79:42   [1m[31merror[39m[22m[1m  Expected linebreaks to be 'LF' but found 'CRLF'  linebreak-style
  80:19   [1m[31merror[39m[22m[1m  Expected linebreaks to be 'LF' but found 'CRLF'  linebreak-style
  81:20   [1m[31merror[39m[22m[1m  Expected linebreaks to be 'LF' but found 'CRLF'  linebreak-style
  82:18   [1m[31merror[39m[22m[1m  Expected linebreaks to be 'LF' but found 'CRLF'  linebreak-style
  83:14   [1m[31merror[39m[22m[1m  Expected linebreaks to be 'LF' but found 'CRLF'  linebreak-style
  84:17   [1m[31merror[39m[22m[1m  Expected linebreaks to be 'LF' but found 'CRLF'  linebreak-style
  85:15   [1m[31merror[39m[22m[1m  Expected linebreaks to be 'LF' but found 'CRLF'  linebreak-style
  86:44   [1m[31merror[39m[22m[1m  Expected linebreaks to be 'LF' but found 'CRLF'  linebreak-style
  87:12   [1m[31merror[39m[22m[1m  Expected linebreaks to be 'LF' but found 'CRLF'  linebreak-style
  88:5    [1m[31merror[39m[22m[1m  Expected linebreaks to be 'LF' but found 'CRLF'  linebreak-style
  89:3    [1m[31merror[39m[22m[1m  Expected linebreaks to be 'LF' but found 'CRLF'  linebreak-style
  90:1    [1m[31merror[39m[22m[1m  Expected linebreaks to be 'LF' but found 'CRLF'  linebreak-style
  91:25   [1m[31merror[39m[22m[1m  Expected linebreaks to be 'LF' but found 'CRLF'  linebreak-style

C:\Users\blaha5\Downloads\da\reactkys\crmWAcv\src\components\meetList.jsx
    1:59   [1m[31merror[39m[22m[1m  Expected linebreaks to be 'LF' but found 'CRLF'  linebreak-style
    2:27   [1m[31merror[39m[22m[1m  Expected linebreaks to be 'LF' but found 'CRLF'  linebreak-style
    3:36   [1m[31merror[39m[22m[1m  Expected linebreaks to be 'LF' but found 'CRLF'  linebreak-style
    4:52   [1m[31merror[39m[22m[1m  Expected linebreaks to be 'LF' but found 'CRLF'  linebreak-style
    5:72   [1m[31merror[39m[22m[1m  Expected linebreaks to be 'LF' but found 'CRLF'  linebreak-style
    6:43   [1m[31merror[39m[22m[1m  Expected linebreaks to be 'LF' but found 'CRLF'  linebreak-style
    7:40   [1m[31merror[39m[22m[1m  Expected linebreaks to be 'LF' but found 'CRLF'  linebreak-style
    8:62   [1m[31merror[39m[22m[1m  Expected linebreaks to be 'LF' but found 'CRLF'  linebreak-style
    9:1    [1m[31merror[39m[22m[1m  Expected linebreaks to be 'LF' but found 'CRLF'  linebreak-style
   10:20   [1m[31merror[39m[22m[1m  Expected linebreaks to be 'LF' but found 'CRLF'  linebreak-style
   11:23   [1m[31merror[39m[22m[1m  'onSave' is defined but never used               no-unused-vars
   11:63   [1m[31merror[39m[22m[1m  Expected linebreaks to be 'LF' but found 'CRLF'  linebreak-style
   12:8    [1m[31merror[39m[22m[1m  Expected linebreaks to be 'LF' but found 'CRLF'  linebreak-style
   13:47   [1m[31merror[39m[22m[1m  Expected linebreaks to be 'LF' but found 'CRLF'  linebreak-style
   14:34   [1m[31merror[39m[22m[1m  Expected linebreaks to be 'LF' but found 'CRLF'  linebreak-style
   15:34   [1m[31merror[39m[22m[1m  Expected linebreaks to be 'LF' but found 'CRLF'  linebreak-style
   16:44   [1m[31merror[39m[22m[1m  Expected linebreaks to be 'LF' but found 'CRLF'  linebreak-style
   17:72   [1m[31merror[39m[22m[1m  Expected linebreaks to be 'LF' but found 'CRLF'  linebreak-style
   18:31   [1m[31merror[39m[22m[1m  Expected linebreaks to be 'LF' but found 'CRLF'  linebreak-style
   19:42   [1m[31merror[39m[22m[1m  Expected linebreaks to be 'LF' but found 'CRLF'  linebreak-style
   20:48   [1m[31merror[39m[22m[1m  Expected linebreaks to be 'LF' but found 'CRLF'  linebreak-style
   21:44   [1m[31merror[39m[22m[1m  Expected linebreaks to be 'LF' but found 'CRLF'  linebreak-style
   22:58   [1m[31merror[39m[22m[1m  Expected linebreaks to be 'LF' but found 'CRLF'  linebreak-style
   23:1    [1m[31merror[39m[22m[1m  Expected linebreaks to be 'LF' but found 'CRLF'  linebreak-style
   24:20   [1m[31merror[39m[22m[1m  Expected linebreaks to be 'LF' but found 'CRLF'  linebreak-style
   25:37   [1m[31merror[39m[22m[1m  Expected linebreaks to be 'LF' but found 'CRLF'  linebreak-style
   26:12   [1m[31merror[39m[22m[1m  Expected linebreaks to be 'LF' but found 'CRLF'  linebreak-style
   27:70   [1m[31merror[39m[22m[1m  Expected linebreaks to be 'LF' but found 'CRLF'  linebreak-style
   28:71   [1m[31merror[39m[22m[1m  Expected linebreaks to be 'LF' but found 'CRLF'  linebreak-style
   29:46   [1m[31merror[39m[22m[1m  Expected linebreaks to be 'LF' but found 'CRLF'  linebreak-style
   30:38   [1m[31merror[39m[22m[1m  Expected linebreaks to be 'LF' but found 'CRLF'  linebreak-style
   31:17   [1m[31merror[39m[22m[1m  Expected linebreaks to be 'LF' but found 'CRLF'  linebreak-style
   32:38   [1m[31merror[39m[22m[1m  Expected linebreaks to be 'LF' but found 'CRLF'  linebreak-style
   33:35   [1m[31merror[39m[22m[1m  Expected linebreaks to be 'LF' but found 'CRLF'  linebreak-style
   34:10   [1m[31merror[39m[22m[1m  Expected linebreaks to be 'LF' but found 'CRLF'  linebreak-style
   35:22   [1m[31merror[39m[22m[1m  Expected linebreaks to be 'LF' but found 'CRLF'  linebreak-style
   36:31   [1m[31merror[39m[22m[1m  Expected linebreaks to be 'LF' but found 'CRLF'  linebreak-style
   37:18   [1m[31merror[39m[22m[1m  Expected linebreaks to be 'LF' but found 'CRLF'  linebreak-style
   38:27   [1m[31merror[39m[22m[1m  Expected linebreaks to be 'LF' but found 'CRLF'  linebreak-style
   39:8    [1m[31merror[39m[22m[1m  Expected linebreaks to be 'LF' but found 'CRLF'  linebreak-style
   40:7    [1m[31merror[39m[22m[1m  Expected linebreaks to be 'LF' but found 'CRLF'  linebreak-style
   41:1    [1m[31merror[39m[22m[1m  Expected linebreaks to be 'LF' but found 'CRLF'  linebreak-style
   42:18   [1m[31merror[39m[22m[1m  Expected linebreaks to be 'LF' but found 'CRLF'  linebreak-style
   43:16   [1m[31merror[39m[22m[1m  Expected linebreaks to be 'LF' but found 'CRLF'  linebreak-style
   44:1    [1m[31merror[39m[22m[1m  Expected linebreaks to be 'LF' but found 'CRLF'  linebreak-style
   45:41   [1m[31merror[39m[22m[1m  Expected linebreaks to be 'LF' but found 'CRLF'  linebreak-style
   46:10   [1m[31merror[39m[22m[1m  Expected linebreaks to be 'LF' but found 'CRLF'  linebreak-style
   47:71   [1m[31merror[39m[22m[1m  Expected linebreaks to be 'LF' but found 'CRLF'  linebreak-style
   48:37   [1m[31merror[39m[22m[1m  Expected linebreaks to be 'LF' but found 'CRLF'  linebreak-style
   49:81   [1m[31merror[39m[22m[1m  Expected linebreaks to be 'LF' but found 'CRLF'  linebreak-style
   50:15   [1m[31merror[39m[22m[1m  Expected linebreaks to be 'LF' but found 'CRLF'  linebreak-style
   51:46   [1m[31merror[39m[22m[1m  Expected linebreaks to be 'LF' but found 'CRLF'  linebreak-style
   52:8    [1m[31merror[39m[22m[1m  Expected linebreaks to be 'LF' but found 'CRLF'  linebreak-style
   53:20   [1m[31merror[39m[22m[1m  Expected linebreaks to be 'LF' but found 'CRLF'  linebreak-style
   54:29   [1m[31merror[39m[22m[1m  Expected linebreaks to be 'LF' but found 'CRLF'  linebreak-style
   55:16   [1m[31merror[39m[22m[1m  Expected linebreaks to be 'LF' but found 'CRLF'  linebreak-style
   56:25   [1m[31merror[39m[22m[1m  Expected linebreaks to be 'LF' but found 'CRLF'  linebreak-style
   57:6    [1m[31merror[39m[22m[1m  Expected linebreaks to be 'LF' but found 'CRLF'  linebreak-style
   58:5    [1m[31merror[39m[22m[1m  Expected linebreaks to be 'LF' but found 'CRLF'  linebreak-style
   59:1    [1m[31merror[39m[22m[1m  Expected linebreaks to be 'LF' but found 'CRLF'  linebreak-style
   60:37   [1m[31merror[39m[22m[1m  Expected linebreaks to be 'LF' but found 'CRLF'  linebreak-style
   61:64   [1m[31merror[39m[22m[1m  Expected linebreaks to be 'LF' but found 'CRLF'  linebreak-style
   62:21   [1m[31merror[39m[22m[1m  Expected linebreaks to be 'LF' but found 'CRLF'  linebreak-style
   63:27   [1m[31merror[39m[22m[1m  Expected linebreaks to be 'LF' but found 'CRLF'  linebreak-style
   64:6    [1m[31merror[39m[22m[1m  Expected linebreaks to be 'LF' but found 'CRLF'  linebreak-style
   65:5    [1m[31merror[39m[22m[1m  Expected linebreaks to be 'LF' but found 'CRLF'  linebreak-style
   66:38   [1m[31merror[39m[22m[1m  Expected linebreaks to be 'LF' but found 'CRLF'  linebreak-style
   67:23   [1m[31merror[39m[22m[1m  Expected linebreaks to be 'LF' but found 'CRLF'  linebreak-style
   68:27   [1m[31merror[39m[22m[1m  Expected linebreaks to be 'LF' but found 'CRLF'  linebreak-style
   69:5    [1m[31merror[39m[22m[1m  Expected linebreaks to be 'LF' but found 'CRLF'  linebreak-style
   70:30   [1m[31merror[39m[22m[1m  Expected linebreaks to be 'LF' but found 'CRLF'  linebreak-style
   71:27   [1m[31merror[39m[22m[1m  Expected linebreaks to be 'LF' but found 'CRLF'  linebreak-style
   72:19   [1m[31merror[39m[22m[1m  Expected linebreaks to be 'LF' but found 'CRLF'  linebreak-style
   73:17   [1m[31merror[39m[22m[1m  Expected linebreaks to be 'LF' but found 'CRLF'  linebreak-style
   74:14   [1m[31merror[39m[22m[1m  Expected linebreaks to be 'LF' but found 'CRLF'  linebreak-style
   75:6    [1m[31merror[39m[22m[1m  Expected linebreaks to be 'LF' but found 'CRLF'  linebreak-style
   76:18   [1m[31merror[39m[22m[1m  Expected linebreaks to be 'LF' but found 'CRLF'  linebreak-style
   77:5    [1m[31merror[39m[22m[1m  Expected linebreaks to be 'LF' but found 'CRLF'  linebreak-style
   78:44   [1m[31merror[39m[22m[1m  Expected linebreaks to be 'LF' but found 'CRLF'  linebreak-style
   79:79   [1m[31merror[39m[22m[1m  Expected linebreaks to be 'LF' but found 'CRLF'  linebreak-style
   80:26   [1m[31merror[39m[22m[1m  Expected linebreaks to be 'LF' but found 'CRLF'  linebreak-style
   81:26   [1m[31merror[39m[22m[1m  Expected linebreaks to be 'LF' but found 'CRLF'  linebreak-style
   82:68   [1m[31merror[39m[22m[1m  Expected linebreaks to be 'LF' but found 'CRLF'  linebreak-style
   83:7    [1m[31merror[39m[22m[1m  Expected linebreaks to be 'LF' but found 'CRLF'  linebreak-style
   84:30   [1m[31merror[39m[22m[1m  Expected linebreaks to be 'LF' but found 'CRLF'  linebreak-style
   85:25   [1m[31merror[39m[22m[1m  Expected linebreaks to be 'LF' but found 'CRLF'  linebreak-style
   86:45   [1m[31merror[39m[22m[1m  Expected linebreaks to be 'LF' but found 'CRLF'  linebreak-style
   87:13   [1m[31merror[39m[22m[1m  Expected linebreaks to be 'LF' but found 'CRLF'  linebreak-style
   88:26   [1m[31merror[39m[22m[1m  Expected linebreaks to be 'LF' but found 'CRLF'  linebreak-style
   89:77   [1m[31merror[39m[22m[1m  Expected linebreaks to be 'LF' but found 'CRLF'  linebreak-style
   90:10   [1m[31merror[39m[22m[1m  Expected linebreaks to be 'LF' but found 'CRLF'  linebreak-style
   91:6    [1m[31merror[39m[22m[1m  Expected linebreaks to be 'LF' but found 'CRLF'  linebreak-style
   92:58   [1m[31merror[39m[22m[1m  Expected linebreaks to be 'LF' but found 'CRLF'  linebreak-style
   93:5    [1m[31merror[39m[22m[1m  Expected linebreaks to be 'LF' but found 'CRLF'  linebreak-style
   94:37   [1m[31merror[39m[22m[1m  Expected linebreaks to be 'LF' but found 'CRLF'  linebreak-style
   95:34   [1m[31merror[39m[22m[1m  Expected linebreaks to be 'LF' but found 'CRLF'  linebreak-style
   96:27   [1m[31merror[39m[22m[1m  Expected linebreaks to be 'LF' but found 'CRLF'  linebreak-style
   97:23   [1m[31merror[39m[22m[1m  Expected linebreaks to be 'LF' but found 'CRLF'  linebreak-style
   98:25   [1m[31merror[39m[22m[1m  Expected linebreaks to be 'LF' but found 'CRLF'  linebreak-style
   99:17   [1m[31merror[39m[22m[1m  Expected linebreaks to be 'LF' but found 'CRLF'  linebreak-style
  100:24   [1m[31merror[39m[22m[1m  Expected linebreaks to be 'LF' but found 'CRLF'  linebreak-style
  101:10   [1m[31merror[39m[22m[1m  Expected linebreaks to be 'LF' but found 'CRLF'  linebreak-style
  102:8    [1m[31merror[39m[22m[1m  Expected linebreaks to be 'LF' but found 'CRLF'  linebreak-style
  103:6    [1m[31merror[39m[22m[1m  Expected linebreaks to be 'LF' but found 'CRLF'  linebreak-style
  104:5    [1m[31merror[39m[22m[1m  Expected linebreaks to be 'LF' but found 'CRLF'  linebreak-style
  105:20   [1m[31merror[39m[22m[1m  Expected linebreaks to be 'LF' but found 'CRLF'  linebreak-style
  106:55   [1m[31merror[39m[22m[1m  Expected linebreaks to be 'LF' but found 'CRLF'  linebreak-style
  107:19   [1m[31merror[39m[22m[1m  Expected linebreaks to be 'LF' but found 'CRLF'  linebreak-style
  108:60   [1m[31merror[39m[22m[1m  Expected linebreaks to be 'LF' but found 'CRLF'  linebreak-style
  109:7    [1m[31merror[39m[22m[1m  Expected linebreaks to be 'LF' but found 'CRLF'  linebreak-style
  110:22   [1m[31merror[39m[22m[1m  Expected linebreaks to be 'LF' but found 'CRLF'  linebreak-style
  111:1    [1m[31merror[39m[22m[1m  Expected linebreaks to be 'LF' but found 'CRLF'  linebreak-style
  112:17   [1m[31merror[39m[22m[1m  Expected linebreaks to be 'LF' but found 'CRLF'  linebreak-style
  113:55   [1m[31merror[39m[22m[1m  Expected linebreaks to be 'LF' but found 'CRLF'  linebreak-style
  114:4    [1m[31merror[39m[22m[1m  Expected linebreaks to be 'LF' but found 'CRLF'  linebreak-style
  115:1    [1m[31merror[39m[22m[1m  Expected linebreaks to be 'LF' but found 'CRLF'  linebreak-style
  116:17   [1m[31merror[39m[22m[1m  Expected linebreaks to be 'LF' but found 'CRLF'  linebreak-style
  117:50   [1m[31merror[39m[22m[1m  Expected linebreaks to be 'LF' but found 'CRLF'  linebreak-style
  118:4    [1m[31merror[39m[22m[1m  Expected linebreaks to be 'LF' but found 'CRLF'  linebreak-style
  119:15   [1m[31merror[39m[22m[1m  Expected linebreaks to be 'LF' but found 'CRLF'  linebreak-style
  120:13   [1m[31merror[39m[22m[1m  Expected linebreaks to be 'LF' but found 'CRLF'  linebreak-style
  121:30   [1m[31merror[39m[22m[1m  Expected linebreaks to be 'LF' but found 'CRLF'  linebreak-style
  122:15   [1m[31merror[39m[22m[1m  Expected linebreaks to be 'LF' but found 'CRLF'  linebreak-style
  123:16   [1m[31merror[39m[22m[1m  Expected linebreaks to be 'LF' but found 'CRLF'  linebreak-style
  124:11   [1m[31merror[39m[22m[1m  Expected linebreaks to be 'LF' but found 'CRLF'  linebreak-style
  125:7    [1m[31merror[39m[22m[1m  Expected linebreaks to be 'LF' but found 'CRLF'  linebreak-style
  126:4    [1m[31merror[39m[22m[1m  Expected linebreaks to be 'LF' but found 'CRLF'  linebreak-style
  127:11   [1m[31merror[39m[22m[1m  Expected linebreaks to be 'LF' but found 'CRLF'  linebreak-style
  128:66   [1m[31merror[39m[22m[1m  Expected linebreaks to be 'LF' but found 'CRLF'  linebreak-style
  129:86   [1m[31merror[39m[22m[1m  Expected linebreaks to be 'LF' but found 'CRLF'  linebreak-style
  130:24   [1m[31merror[39m[22m[1m  Expected linebreaks to be 'LF' but found 'CRLF'  linebreak-style
  131:127  [1m[31merror[39m[22m[1m  Expected linebreaks to be 'LF' but found 'CRLF'  linebreak-style
  132:12   [1m[31merror[39m[22m[1m  Expected linebreaks to be 'LF' but found 'CRLF'  linebreak-style
  133:45   [1m[31merror[39m[22m[1m  Expected linebreaks to be 'LF' but found 'CRLF'  linebreak-style
  134:84   [1m[31merror[39m[22m[1m  Expected linebreaks to be 'LF' but found 'CRLF'  linebreak-style
  135:18   [1m[31merror[39m[22m[1m  Expected linebreaks to be 'LF' but found 'CRLF'  linebreak-style
  136:17   [1m[31merror[39m[22m[1m  Expected linebreaks to be 'LF' but found 'CRLF'  linebreak-style
  137:35   [1m[31merror[39m[22m[1m  Expected linebreaks to be 'LF' but found 'CRLF'  linebreak-style
  138:32   [1m[31merror[39m[22m[1m  Expected linebreaks to be 'LF' but found 'CRLF'  linebreak-style
  139:21   [1m[31merror[39m[22m[1m  Expected linebreaks to be 'LF' but found 'CRLF'  linebreak-style
  140:21   [1m[31merror[39m[22m[1m  Expected linebreaks to be 'LF' but found 'CRLF'  linebreak-style
  141:18   [1m[31merror[39m[22m[1m  Expected linebreaks to be 'LF' but found 'CRLF'  linebreak-style
  142:19   [1m[31merror[39m[22m[1m  Expected linebreaks to be 'LF' but found 'CRLF'  linebreak-style
  143:18   [1m[31merror[39m[22m[1m  Expected linebreaks to be 'LF' but found 'CRLF'  linebreak-style
  144:35   [1m[31merror[39m[22m[1m  Expected linebreaks to be 'LF' but found 'CRLF'  linebreak-style
  145:33   [1m[31merror[39m[22m[1m  Expected linebreaks to be 'LF' but found 'CRLF'  linebreak-style
  146:91   [1m[31merror[39m[22m[1m  Expected linebreaks to be 'LF' but found 'CRLF'  linebreak-style
  147:60   [1m[31merror[39m[22m[1m  Expected linebreaks to be 'LF' but found 'CRLF'  linebreak-style
  148:102  [1m[31merror[39m[22m[1m  Expected linebreaks to be 'LF' but found 'CRLF'  linebreak-style
  149:120  [1m[31merror[39m[22m[1m  Expected linebreaks to be 'LF' but found 'CRLF'  linebreak-style
  150:20   [1m[31merror[39m[22m[1m  Expected linebreaks to be 'LF' but found 'CRLF'  linebreak-style
  151:16   [1m[31merror[39m[22m[1m  Expected linebreaks to be 'LF' but found 'CRLF'  linebreak-style
  152:17   [1m[31merror[39m[22m[1m  Expected linebreaks to be 'LF' but found 'CRLF'  linebreak-style
  153:21   [1m[31merror[39m[22m[1m  Expected linebreaks to be 'LF' but found 'CRLF'  linebreak-style
  154:21   [1m[31merror[39m[22m[1m  Expected linebreaks to be 'LF' but found 'CRLF'  linebreak-style
  155:21   [1m[31merror[39m[22m[1m  Expected linebreaks to be 'LF' but found 'CRLF'  linebreak-style
  156:122  [1m[31merror[39m[22m[1m  Expected linebreaks to be 'LF' but found 'CRLF'  linebreak-style
  157:18   [1m[31merror[39m[22m[1m  Expected linebreaks to be 'LF' but found 'CRLF'  linebreak-style
  158:19   [1m[31merror[39m[22m[1m  Expected linebreaks to be 'LF' but found 'CRLF'  linebreak-style
  159:17   [1m[31merror[39m[22m[1m  Expected linebreaks to be 'LF' but found 'CRLF'  linebreak-style
  160:9    [1m[31merror[39m[22m[1m  Expected linebreaks to be 'LF' but found 'CRLF'  linebreak-style
  161:11   [1m[31merror[39m[22m[1m  Expected linebreaks to be 'LF' but found 'CRLF'  linebreak-style
  162:5    [1m[31merror[39m[22m[1m  Expected linebreaks to be 'LF' but found 'CRLF'  linebreak-style
  163:3    [1m[31merror[39m[22m[1m  Expected linebreaks to be 'LF' but found 'CRLF'  linebreak-style
  164:1    [1m[31merror[39m[22m[1m  Expected linebreaks to be 'LF' but found 'CRLF'  linebreak-style
  165:25   [1m[31merror[39m[22m[1m  Expected linebreaks to be 'LF' but found 'CRLF'  linebreak-style
  166:1    [1m[31merror[39m[22m[1m  Expected linebreaks to be 'LF' but found 'CRLF'  linebreak-style
  167:23   [1m[31merror[39m[22m[1m  Expected linebreaks to be 'LF' but found 'CRLF'  linebreak-style
  168:69   [1m[31merror[39m[22m[1m  Expected linebreaks to be 'LF' but found 'CRLF'  linebreak-style
  169:26   [1m[31merror[39m[22m[1m  Expected linebreaks to be 'LF' but found 'CRLF'  linebreak-style
  170:30   [1m[31merror[39m[22m[1m  Expected linebreaks to be 'LF' but found 'CRLF'  linebreak-style
  171:27   [1m[31merror[39m[22m[1m  Expected linebreaks to be 'LF' but found 'CRLF'  linebreak-style
  172:3    [1m[31merror[39m[22m[1m  Expected linebreaks to be 'LF' but found 'CRLF'  linebreak-style

C:\Users\blaha5\Downloads\da\reactkys\crmWAcv\src\components\multiselect.jsx
    1:59  [1m[31merror[39m[22m[1m  Expected linebreaks to be 'LF' but found 'CRLF'  linebreak-style
    2:36  [1m[31merror[39m[22m[1m  Expected linebreaks to be 'LF' but found 'CRLF'  linebreak-style
    3:52  [1m[31merror[39m[22m[1m  Expected linebreaks to be 'LF' but found 'CRLF'  linebreak-style
    4:1   [1m[31merror[39m[22m[1m  Expected linebreaks to be 'LF' but found 'CRLF'  linebreak-style
    5:65  [1m[31merror[39m[22m[1m  Expected linebreaks to be 'LF' but found 'CRLF'  linebreak-style
    6:66  [1m[31merror[39m[22m[1m  Expected linebreaks to be 'LF' but found 'CRLF'  linebreak-style
    7:44  [1m[31merror[39m[22m[1m  Expected linebreaks to be 'LF' but found 'CRLF'  linebreak-style
    8:1   [1m[31merror[39m[22m[1m  Expected linebreaks to be 'LF' but found 'CRLF'  linebreak-style
    9:20  [1m[31merror[39m[22m[1m  Expected linebreaks to be 'LF' but found 'CRLF'  linebreak-style
   10:33  [1m[31merror[39m[22m[1m  Expected linebreaks to be 'LF' but found 'CRLF'  linebreak-style
   11:24  [1m[31merror[39m[22m[1m  Expected linebreaks to be 'LF' but found 'CRLF'  linebreak-style
   12:1   [1m[31merror[39m[22m[1m  Expected linebreaks to be 'LF' but found 'CRLF'  linebreak-style
   13:30  [1m[31merror[39m[22m[1m  Expected linebreaks to be 'LF' but found 'CRLF'  linebreak-style
   14:19  [1m[31merror[39m[22m[1m  Expected linebreaks to be 'LF' but found 'CRLF'  linebreak-style
   15:44  [1m[31merror[39m[22m[1m  Expected linebreaks to be 'LF' but found 'CRLF'  linebreak-style
   16:38  [1m[31merror[39m[22m[1m  Expected linebreaks to be 'LF' but found 'CRLF'  linebreak-style
   17:1   [1m[31merror[39m[22m[1m  Expected linebreaks to be 'LF' but found 'CRLF'  linebreak-style
   18:55  [1m[31merror[39m[22m[1m  Expected linebreaks to be 'LF' but found 'CRLF'  linebreak-style
   19:37  [1m[31merror[39m[22m[1m  Expected linebreaks to be 'LF' but found 'CRLF'  linebreak-style
   20:19  [1m[31merror[39m[22m[1m  Expected linebreaks to be 'LF' but found 'CRLF'  linebreak-style
   21:6   [1m[31merror[39m[22m[1m  Expected linebreaks to be 'LF' but found 'CRLF'  linebreak-style
   22:80  [1m[31merror[39m[22m[1m  Expected linebreaks to be 'LF' but found 'CRLF'  linebreak-style
   23:6   [1m[31merror[39m[22m[1m  Expected linebreaks to be 'LF' but found 'CRLF'  linebreak-style
   24:1   [1m[31merror[39m[22m[1m  Expected linebreaks to be 'LF' but found 'CRLF'  linebreak-style
   25:44  [1m[31merror[39m[22m[1m  Expected linebreaks to be 'LF' but found 'CRLF'  linebreak-style
   26:45  [1m[31merror[39m[22m[1m  Expected linebreaks to be 'LF' but found 'CRLF'  linebreak-style
   27:41  [1m[31merror[39m[22m[1m  Expected linebreaks to be 'LF' but found 'CRLF'  linebreak-style
   28:19  [1m[31merror[39m[22m[1m  Expected linebreaks to be 'LF' but found 'CRLF'  linebreak-style
   29:35  [1m[31merror[39m[22m[1m  Expected linebreaks to be 'LF' but found 'CRLF'  linebreak-style
   30:13  [1m[31merror[39m[22m[1m  Expected linebreaks to be 'LF' but found 'CRLF'  linebreak-style
   31:74  [1m[31merror[39m[22m[1m  Expected linebreaks to be 'LF' but found 'CRLF'  linebreak-style
   32:6   [1m[31merror[39m[22m[1m  Expected linebreaks to be 'LF' but found 'CRLF'  linebreak-style
   33:34  [1m[31merror[39m[22m[1m  Expected linebreaks to be 'LF' but found 'CRLF'  linebreak-style
   34:31  [1m[31merror[39m[22m[1m  Expected linebreaks to be 'LF' but found 'CRLF'  linebreak-style
   35:5   [1m[31merror[39m[22m[1m  Expected linebreaks to be 'LF' but found 'CRLF'  linebreak-style
   36:1   [1m[31merror[39m[22m[1m  Expected linebreaks to be 'LF' but found 'CRLF'  linebreak-style
   37:42  [1m[31merror[39m[22m[1m  Expected linebreaks to be 'LF' but found 'CRLF'  linebreak-style
   38:35  [1m[31merror[39m[22m[1m  Expected linebreaks to be 'LF' but found 'CRLF'  linebreak-style
   39:5   [1m[31merror[39m[22m[1m  Expected linebreaks to be 'LF' but found 'CRLF'  linebreak-style
   40:1   [1m[31merror[39m[22m[1m  Expected linebreaks to be 'LF' but found 'CRLF'  linebreak-style
   41:42  [1m[31merror[39m[22m[1m  Expected linebreaks to be 'LF' but found 'CRLF'  linebreak-style
   42:68  [1m[31merror[39m[22m[1m  Expected linebreaks to be 'LF' but found 'CRLF'  linebreak-style
   43:80  [1m[31merror[39m[22m[1m  Expected linebreaks to be 'LF' but found 'CRLF'  linebreak-style
   44:34  [1m[31merror[39m[22m[1m  Expected linebreaks to be 'LF' but found 'CRLF'  linebreak-style
   45:31  [1m[31merror[39m[22m[1m  Expected linebreaks to be 'LF' but found 'CRLF'  linebreak-style
   46:5   [1m[31merror[39m[22m[1m  Expected linebreaks to be 'LF' but found 'CRLF'  linebreak-style
   47:1   [1m[31merror[39m[22m[1m  Expected linebreaks to be 'LF' but found 'CRLF'  linebreak-style
   48:11  [1m[31merror[39m[22m[1m  Expected linebreaks to be 'LF' but found 'CRLF'  linebreak-style
   49:35  [1m[31merror[39m[22m[1m  Expected linebreaks to be 'LF' but found 'CRLF'  linebreak-style
   50:11  [1m[31merror[39m[22m[1m  Expected linebreaks to be 'LF' but found 'CRLF'  linebreak-style
   51:17  [1m[31merror[39m[22m[1m  Expected linebreaks to be 'LF' but found 'CRLF'  linebreak-style
   52:30  [1m[31merror[39m[22m[1m  Expected linebreaks to be 'LF' but found 'CRLF'  linebreak-style
   53:18  [1m[31merror[39m[22m[1m  Expected linebreaks to be 'LF' but found 'CRLF'  linebreak-style
   54:30  [1m[31merror[39m[22m[1m  Expected linebreaks to be 'LF' but found 'CRLF'  linebreak-style
   55:21  [1m[31merror[39m[22m[1m  Expected linebreaks to be 'LF' but found 'CRLF'  linebreak-style
   56:32  [1m[31merror[39m[22m[1m  Expected linebreaks to be 'LF' but found 'CRLF'  linebreak-style
   57:29  [1m[31merror[39m[22m[1m  Expected linebreaks to be 'LF' but found 'CRLF'  linebreak-style
   58:11  [1m[31merror[39m[22m[1m  Expected linebreaks to be 'LF' but found 'CRLF'  linebreak-style
   59:8   [1m[31merror[39m[22m[1m  Expected linebreaks to be 'LF' but found 'CRLF'  linebreak-style
   60:15  [1m[31merror[39m[22m[1m  Expected linebreaks to be 'LF' but found 'CRLF'  linebreak-style
   61:22  [1m[31merror[39m[22m[1m  Expected linebreaks to be 'LF' but found 'CRLF'  linebreak-style
   62:22  [1m[31merror[39m[22m[1m  Expected linebreaks to be 'LF' but found 'CRLF'  linebreak-style
   63:25  [1m[31merror[39m[22m[1m  Expected linebreaks to be 'LF' but found 'CRLF'  linebreak-style
   64:40  [1m[31merror[39m[22m[1m  Expected linebreaks to be 'LF' but found 'CRLF'  linebreak-style
   65:41  [1m[31merror[39m[22m[1m  Expected linebreaks to be 'LF' but found 'CRLF'  linebreak-style
   66:11  [1m[31merror[39m[22m[1m  Expected linebreaks to be 'LF' but found 'CRLF'  linebreak-style
   67:97  [1m[31merror[39m[22m[1m  Expected linebreaks to be 'LF' but found 'CRLF'  linebreak-style
   68:42  [1m[31merror[39m[22m[1m  Expected linebreaks to be 'LF' but found 'CRLF'  linebreak-style
   69:18  [1m[31merror[39m[22m[1m  Expected linebreaks to be 'LF' but found 'CRLF'  linebreak-style
   70:13  [1m[31merror[39m[22m[1m  Expected linebreaks to be 'LF' but found 'CRLF'  linebreak-style
   71:1   [1m[31merror[39m[22m[1m  Expected linebreaks to be 'LF' but found 'CRLF'  linebreak-style
   72:41  [1m[31merror[39m[22m[1m  Expected linebreaks to be 'LF' but found 'CRLF'  linebreak-style
   73:30  [1m[31merror[39m[22m[1m  Expected linebreaks to be 'LF' but found 'CRLF'  linebreak-style
   74:18  [1m[31merror[39m[22m[1m  Expected linebreaks to be 'LF' but found 'CRLF'  linebreak-style
   75:19  [1m[31merror[39m[22m[1m  Expected linebreaks to be 'LF' but found 'CRLF'  linebreak-style
   76:30  [1m[31merror[39m[22m[1m  Expected linebreaks to be 'LF' but found 'CRLF'  linebreak-style
   77:36  [1m[31merror[39m[22m[1m  Expected linebreaks to be 'LF' but found 'CRLF'  linebreak-style
   78:32  [1m[31merror[39m[22m[1m  Expected linebreaks to be 'LF' but found 'CRLF'  linebreak-style
   79:53  [1m[31merror[39m[22m[1m  Expected linebreaks to be 'LF' but found 'CRLF'  linebreak-style
   80:46  [1m[31merror[39m[22m[1m  Expected linebreaks to be 'LF' but found 'CRLF'  linebreak-style
   81:15  [1m[31merror[39m[22m[1m  Expected linebreaks to be 'LF' but found 'CRLF'  linebreak-style
   82:26  [1m[31merror[39m[22m[1m  Expected linebreaks to be 'LF' but found 'CRLF'  linebreak-style
   83:19  [1m[31merror[39m[22m[1m  Expected linebreaks to be 'LF' but found 'CRLF'  linebreak-style
   84:15  [1m[31merror[39m[22m[1m  Expected linebreaks to be 'LF' but found 'CRLF'  linebreak-style
   85:10  [1m[31merror[39m[22m[1m  Expected linebreaks to be 'LF' but found 'CRLF'  linebreak-style
   86:11  [1m[31merror[39m[22m[1m  Expected linebreaks to be 'LF' but found 'CRLF'  linebreak-style
   87:5   [1m[31merror[39m[22m[1m  Expected linebreaks to be 'LF' but found 'CRLF'  linebreak-style
   88:3   [1m[31merror[39m[22m[1m  Expected linebreaks to be 'LF' but found 'CRLF'  linebreak-style
   89:1   [1m[31merror[39m[22m[1m  Expected linebreaks to be 'LF' but found 'CRLF'  linebreak-style
   90:26  [1m[31merror[39m[22m[1m  Expected linebreaks to be 'LF' but found 'CRLF'  linebreak-style
   91:30  [1m[31merror[39m[22m[1m  Expected linebreaks to be 'LF' but found 'CRLF'  linebreak-style
   92:22  [1m[31merror[39m[22m[1m  Expected linebreaks to be 'LF' but found 'CRLF'  linebreak-style
   93:39  [1m[31merror[39m[22m[1m  Expected linebreaks to be 'LF' but found 'CRLF'  linebreak-style
   94:41  [1m[31merror[39m[22m[1m  Expected linebreaks to be 'LF' but found 'CRLF'  linebreak-style
   95:8   [1m[31merror[39m[22m[1m  Expected linebreaks to be 'LF' but found 'CRLF'  linebreak-style
   96:16  [1m[31merror[39m[22m[1m  Expected linebreaks to be 'LF' but found 'CRLF'  linebreak-style
   97:55  [1m[31merror[39m[22m[1m  Expected linebreaks to be 'LF' but found 'CRLF'  linebreak-style
   98:39  [1m[31merror[39m[22m[1m  Expected linebreaks to be 'LF' but found 'CRLF'  linebreak-style
   99:3   [1m[31merror[39m[22m[1m  Expected linebreaks to be 'LF' but found 'CRLF'  linebreak-style
  100:1   [1m[31merror[39m[22m[1m  Expected linebreaks to be 'LF' but found 'CRLF'  linebreak-style
  101:28  [1m[31merror[39m[22m[1m  Expected linebreaks to be 'LF' but found 'CRLF'  linebreak-style

C:\Users\blaha5\Downloads\da\reactkys\crmWAcv\src\components\nav.jsx
    1:41   [1m[31merror[39m[22m[1m  Expected linebreaks to be 'LF' but found 'CRLF'  linebreak-style
    2:57   [1m[31merror[39m[22m[1m  Expected linebreaks to be 'LF' but found 'CRLF'  linebreak-style
    3:40   [1m[31merror[39m[22m[1m  Expected linebreaks to be 'LF' but found 'CRLF'  linebreak-style
    4:1    [1m[31merror[39m[22m[1m  Expected linebreaks to be 'LF' but found 'CRLF'  linebreak-style
    5:20   [1m[31merror[39m[22m[1m  Expected linebreaks to be 'LF' but found 'CRLF'  linebreak-style
    6:28   [1m[31merror[39m[22m[1m  Expected linebreaks to be 'LF' but found 'CRLF'  linebreak-style
    7:47   [1m[31merror[39m[22m[1m  Expected linebreaks to be 'LF' but found 'CRLF'  linebreak-style
    8:44   [1m[31merror[39m[22m[1m  Expected linebreaks to be 'LF' but found 'CRLF'  linebreak-style
    9:34   [1m[31merror[39m[22m[1m  Expected linebreaks to be 'LF' but found 'CRLF'  linebreak-style
   10:1    [1m[31merror[39m[22m[1m  Expected linebreaks to be 'LF' but found 'CRLF'  linebreak-style
   11:29   [1m[31merror[39m[22m[1m  Expected linebreaks to be 'LF' but found 'CRLF'  linebreak-style
   12:24   [1m[31merror[39m[22m[1m  Expected linebreaks to be 'LF' but found 'CRLF'  linebreak-style
   13:5    [1m[31merror[39m[22m[1m  Expected linebreaks to be 'LF' but found 'CRLF'  linebreak-style
   14:1    [1m[31merror[39m[22m[1m  Expected linebreaks to be 'LF' but found 'CRLF'  linebreak-style
   15:28   [1m[31merror[39m[22m[1m  Expected linebreaks to be 'LF' but found 'CRLF'  linebreak-style
   16:22   [1m[31merror[39m[22m[1m  Expected linebreaks to be 'LF' but found 'CRLF'  linebreak-style
   17:5    [1m[31merror[39m[22m[1m  Expected linebreaks to be 'LF' but found 'CRLF'  linebreak-style
   18:38   [1m[31merror[39m[22m[1m  Expected linebreaks to be 'LF' but found 'CRLF'  linebreak-style
   19:36   [1m[31merror[39m[22m[1m  Expected linebreaks to be 'LF' but found 'CRLF'  linebreak-style
   20:19   [1m[31merror[39m[22m[1m  Expected linebreaks to be 'LF' but found 'CRLF'  linebreak-style
   21:14   [1m[31merror[39m[22m[1m  Expected linebreaks to be 'LF' but found 'CRLF'  linebreak-style
   22:6    [1m[31merror[39m[22m[1m  Expected linebreaks to be 'LF' but found 'CRLF'  linebreak-style
   23:1    [1m[31merror[39m[22m[1m  Expected linebreaks to be 'LF' but found 'CRLF'  linebreak-style
   24:19   [1m[31merror[39m[22m[1m  Expected linebreaks to be 'LF' but found 'CRLF'  linebreak-style
   25:33   [1m[31merror[39m[22m[1m  Expected linebreaks to be 'LF' but found 'CRLF'  linebreak-style
   26:65   [1m[31merror[39m[22m[1m  Expected linebreaks to be 'LF' but found 'CRLF'  linebreak-style
   27:9    [1m[31merror[39m[22m[1m  Expected linebreaks to be 'LF' but found 'CRLF'  linebreak-style
   28:1    [1m[31merror[39m[22m[1m  Expected linebreaks to be 'LF' but found 'CRLF'  linebreak-style
   29:17   [1m[31merror[39m[22m[1m  Expected linebreaks to be 'LF' but found 'CRLF'  linebreak-style
   30:52   [1m[31merror[39m[22m[1m  Expected linebreaks to be 'LF' but found 'CRLF'  linebreak-style
   31:16   [1m[31merror[39m[22m[1m  Expected linebreaks to be 'LF' but found 'CRLF'  linebreak-style
   32:8    [1m[31merror[39m[22m[1m  Expected linebreaks to be 'LF' but found 'CRLF'  linebreak-style
   33:1    [1m[31merror[39m[22m[1m  Expected linebreaks to be 'LF' but found 'CRLF'  linebreak-style
   34:25   [1m[31merror[39m[22m[1m  Expected linebreaks to be 'LF' but found 'CRLF'  linebreak-style
   35:6    [1m[31merror[39m[22m[1m  Expected linebreaks to be 'LF' but found 'CRLF'  linebreak-style
   36:1    [1m[31merror[39m[22m[1m  Expected linebreaks to be 'LF' but found 'CRLF'  linebreak-style
   37:17   [1m[31merror[39m[22m[1m  Expected linebreaks to be 'LF' but found 'CRLF'  linebreak-style
   38:5    [1m[31merror[39m[22m[1m  Expected linebreaks to be 'LF' but found 'CRLF'  linebreak-style
   39:1    [1m[31merror[39m[22m[1m  Expected linebreaks to be 'LF' but found 'CRLF'  linebreak-style
   40:11   [1m[31merror[39m[22m[1m  Expected linebreaks to be 'LF' but found 'CRLF'  linebreak-style
   41:10   [1m[31merror[39m[22m[1m  Expected linebreaks to be 'LF' but found 'CRLF'  linebreak-style
   42:11   [1m[31merror[39m[22m[1m  Expected linebreaks to be 'LF' but found 'CRLF'  linebreak-style
   43:32   [1m[31merror[39m[22m[1m  Expected linebreaks to be 'LF' but found 'CRLF'  linebreak-style
   44:29   [1m[31merror[39m[22m[1m  Expected linebreaks to be 'LF' but found 'CRLF'  linebreak-style
   45:28   [1m[31merror[39m[22m[1m  Expected linebreaks to be 'LF' but found 'CRLF'  linebreak-style
   46:35   [1m[31merror[39m[22m[1m  Expected linebreaks to be 'LF' but found 'CRLF'  linebreak-style
   47:26   [1m[31merror[39m[22m[1m  Expected linebreaks to be 'LF' but found 'CRLF'  linebreak-style
   48:12   [1m[31merror[39m[22m[1m  Expected linebreaks to be 'LF' but found 'CRLF'  linebreak-style
   49:11   [1m[31merror[39m[22m[1m  Expected linebreaks to be 'LF' but found 'CRLF'  linebreak-style
   50:22   [1m[31merror[39m[22m[1m  Expected linebreaks to be 'LF' but found 'CRLF'  linebreak-style
   51:21   [1m[31merror[39m[22m[1m  Expected linebreaks to be 'LF' but found 'CRLF'  linebreak-style
   52:33   [1m[31merror[39m[22m[1m  Expected linebreaks to be 'LF' but found 'CRLF'  linebreak-style
   53:8    [1m[31merror[39m[22m[1m  Expected linebreaks to be 'LF' but found 'CRLF'  linebreak-style
   54:38   [1m[31merror[39m[22m[1m  Expected linebreaks to be 'LF' but found 'CRLF'  linebreak-style
   55:38   [1m[31merror[39m[22m[1m  Expected linebreaks to be 'LF' but found 'CRLF'  linebreak-style
   56:38   [1m[31merror[39m[22m[1m  Expected linebreaks to be 'LF' but found 'CRLF'  linebreak-style
   57:13   [1m[31merror[39m[22m[1m  Expected linebreaks to be 'LF' but found 'CRLF'  linebreak-style
   58:56   [1m[31merror[39m[22m[1m  Expected linebreaks to be 'LF' but found 'CRLF'  linebreak-style
   59:13   [1m[31merror[39m[22m[1m  Expected linebreaks to be 'LF' but found 'CRLF'  linebreak-style
   60:93   [1m[31merror[39m[22m[1m  Expected linebreaks to be 'LF' but found 'CRLF'  linebreak-style
   61:15   [1m[31merror[39m[22m[1m  Expected linebreaks to be 'LF' but found 'CRLF'  linebreak-style
   62:17   [1m[31merror[39m[22m[1m  Expected linebreaks to be 'LF' but found 'CRLF'  linebreak-style
   63:101  [1m[31merror[39m[22m[1m  Expected linebreaks to be 'LF' but found 'CRLF'  linebreak-style
   64:18   [1m[31merror[39m[22m[1m  Expected linebreaks to be 'LF' but found 'CRLF'  linebreak-style
   65:17   [1m[31merror[39m[22m[1m  Expected linebreaks to be 'LF' but found 'CRLF'  linebreak-style
   66:108  [1m[31merror[39m[22m[1m  Expected linebreaks to be 'LF' but found 'CRLF'  linebreak-style
   67:18   [1m[31merror[39m[22m[1m  Expected linebreaks to be 'LF' but found 'CRLF'  linebreak-style
   68:17   [1m[31merror[39m[22m[1m  Expected linebreaks to be 'LF' but found 'CRLF'  linebreak-style
   69:123  [1m[31merror[39m[22m[1m  Expected linebreaks to be 'LF' but found 'CRLF'  linebreak-style
   70:18   [1m[31merror[39m[22m[1m  Expected linebreaks to be 'LF' but found 'CRLF'  linebreak-style
   71:17   [1m[31merror[39m[22m[1m  Expected linebreaks to be 'LF' but found 'CRLF'  linebreak-style
   72:131  [1m[31merror[39m[22m[1m  Expected linebreaks to be 'LF' but found 'CRLF'  linebreak-style
   73:57   [1m[31merror[39m[22m[1m  Expected linebreaks to be 'LF' but found 'CRLF'  linebreak-style
   74:18   [1m[31merror[39m[22m[1m  Expected linebreaks to be 'LF' but found 'CRLF'  linebreak-style
   75:17   [1m[31merror[39m[22m[1m  Expected linebreaks to be 'LF' but found 'CRLF'  linebreak-style
   76:113  [1m[31merror[39m[22m[1m  Expected linebreaks to be 'LF' but found 'CRLF'  linebreak-style
   77:18   [1m[31merror[39m[22m[1m  Expected linebreaks to be 'LF' but found 'CRLF'  linebreak-style
   78:16   [1m[31merror[39m[22m[1m  Expected linebreaks to be 'LF' but found 'CRLF'  linebreak-style
   79:14   [1m[31merror[39m[22m[1m  Expected linebreaks to be 'LF' but found 'CRLF'  linebreak-style
   80:13   [1m[31merror[39m[22m[1m  Expected linebreaks to be 'LF' but found 'CRLF'  linebreak-style
   81:97   [1m[31merror[39m[22m[1m  Expected linebreaks to be 'LF' but found 'CRLF'  linebreak-style
   82:15   [1m[31merror[39m[22m[1m  Expected linebreaks to be 'LF' but found 'CRLF'  linebreak-style
   83:17   [1m[31merror[39m[22m[1m  Expected linebreaks to be 'LF' but found 'CRLF'  linebreak-style
   84:138  [1m[31merror[39m[22m[1m  Expected linebreaks to be 'LF' but found 'CRLF'  linebreak-style
   85:18   [1m[31merror[39m[22m[1m  Expected linebreaks to be 'LF' but found 'CRLF'  linebreak-style
   86:16   [1m[31merror[39m[22m[1m  Expected linebreaks to be 'LF' but found 'CRLF'  linebreak-style
   87:17   [1m[31merror[39m[22m[1m  Expected linebreaks to be 'LF' but found 'CRLF'  linebreak-style
   88:89   [1m[31merror[39m[22m[1m  Expected linebreaks to be 'LF' but found 'CRLF'  linebreak-style
   89:18   [1m[31merror[39m[22m[1m  Expected linebreaks to be 'LF' but found 'CRLF'  linebreak-style
   90:16   [1m[31merror[39m[22m[1m  Expected linebreaks to be 'LF' but found 'CRLF'  linebreak-style
   91:17   [1m[31merror[39m[22m[1m  Expected linebreaks to be 'LF' but found 'CRLF'  linebreak-style
   92:96   [1m[31merror[39m[22m[1m  Expected linebreaks to be 'LF' but found 'CRLF'  linebreak-style
   93:18   [1m[31merror[39m[22m[1m  Expected linebreaks to be 'LF' but found 'CRLF'  linebreak-style
   94:17   [1m[31merror[39m[22m[1m  Expected linebreaks to be 'LF' but found 'CRLF'  linebreak-style
   95:121  [1m[31merror[39m[22m[1m  Expected linebreaks to be 'LF' but found 'CRLF'  linebreak-style
   96:18   [1m[31merror[39m[22m[1m  Expected linebreaks to be 'LF' but found 'CRLF'  linebreak-style
   97:17   [1m[31merror[39m[22m[1m  Expected linebreaks to be 'LF' but found 'CRLF'  linebreak-style
   98:102  [1m[31merror[39m[22m[1m  Expected linebreaks to be 'LF' but found 'CRLF'  linebreak-style
   99:18   [1m[31merror[39m[22m[1m  Expected linebreaks to be 'LF' but found 'CRLF'  linebreak-style
  100:16   [1m[31merror[39m[22m[1m  Expected linebreaks to be 'LF' but found 'CRLF'  linebreak-style
  101:14   [1m[31merror[39m[22m[1m  Expected linebreaks to be 'LF' but found 'CRLF'  linebreak-style
  102:13   [1m[31merror[39m[22m[1m  Expected linebreaks to be 'LF' but found 'CRLF'  linebreak-style
  103:83   [1m[31merror[39m[22m[1m  Expected linebreaks to be 'LF' but found 'CRLF'  linebreak-style
  104:15   [1m[31merror[39m[22m[1m  Expected linebreaks to be 'LF' but found 'CRLF'  linebreak-style
  105:17   [1m[31merror[39m[22m[1m  Expected linebreaks to be 'LF' but found 'CRLF'  linebreak-style
  106:82   [1m[31merror[39m[22m[1m  Expected linebreaks to be 'LF' but found 'CRLF'  linebreak-style
  107:18   [1m[31merror[39m[22m[1m  Expected linebreaks to be 'LF' but found 'CRLF'  linebreak-style
  108:17   [1m[31merror[39m[22m[1m  Expected linebreaks to be 'LF' but found 'CRLF'  linebreak-style
  109:86   [1m[31merror[39m[22m[1m  Expected linebreaks to be 'LF' but found 'CRLF'  linebreak-style
  110:18   [1m[31merror[39m[22m[1m  Expected linebreaks to be 'LF' but found 'CRLF'  linebreak-style
  111:16   [1m[31merror[39m[22m[1m  Expected linebreaks to be 'LF' but found 'CRLF'  linebreak-style
  112:14   [1m[31merror[39m[22m[1m  Expected linebreaks to be 'LF' but found 'CRLF'  linebreak-style
  113:13   [1m[31merror[39m[22m[1m  Expected linebreaks to be 'LF' but found 'CRLF'  linebreak-style
  114:73   [1m[31merror[39m[22m[1m  Expected linebreaks to be 'LF' but found 'CRLF'  linebreak-style
  115:15   [1m[31merror[39m[22m[1m  Expected linebreaks to be 'LF' but found 'CRLF'  linebreak-style
  116:17   [1m[31merror[39m[22m[1m  Expected linebreaks to be 'LF' but found 'CRLF'  linebreak-style
  117:79   [1m[31merror[39m[22m[1m  Expected linebreaks to be 'LF' but found 'CRLF'  linebreak-style
  118:18   [1m[31merror[39m[22m[1m  Expected linebreaks to be 'LF' but found 'CRLF'  linebreak-style
  119:16   [1m[31merror[39m[22m[1m  Expected linebreaks to be 'LF' but found 'CRLF'  linebreak-style
  120:14   [1m[31merror[39m[22m[1m  Expected linebreaks to be 'LF' but found 'CRLF'  linebreak-style
  121:13   [1m[31merror[39m[22m[1m  Expected linebreaks to be 'LF' but found 'CRLF'  linebreak-style
  122:79   [1m[31merror[39m[22m[1m  Expected linebreaks to be 'LF' but found 'CRLF'  linebreak-style
  123:14   [1m[31merror[39m[22m[1m  Expected linebreaks to be 'LF' but found 'CRLF'  linebreak-style
  124:13   [1m[31merror[39m[22m[1m  Expected linebreaks to be 'LF' but found 'CRLF'  linebreak-style
  125:66   [1m[31merror[39m[22m[1m  Expected linebreaks to be 'LF' but found 'CRLF'  linebreak-style
  126:14   [1m[31merror[39m[22m[1m  Expected linebreaks to be 'LF' but found 'CRLF'  linebreak-style
  127:12   [1m[31merror[39m[22m[1m  Expected linebreaks to be 'LF' but found 'CRLF'  linebreak-style
  128:11   [1m[31merror[39m[22m[1m  Expected linebreaks to be 'LF' but found 'CRLF'  linebreak-style
  129:5    [1m[31merror[39m[22m[1m  Expected linebreaks to be 'LF' but found 'CRLF'  linebreak-style
  130:3    [1m[31merror[39m[22m[1m  Expected linebreaks to be 'LF' but found 'CRLF'  linebreak-style
  131:1    [1m[31merror[39m[22m[1m  Expected linebreaks to be 'LF' but found 'CRLF'  linebreak-style
  132:20   [1m[31merror[39m[22m[1m  Expected linebreaks to be 'LF' but found 'CRLF'  linebreak-style

C:\Users\blaha5\Downloads\da\reactkys\crmWAcv\src\components\notification.jsx
   1:61  [1m[31merror[39m[22m[1m  Expected linebreaks to be 'LF' but found 'CRLF'  linebreak-style
   2:59  [1m[31merror[39m[22m[1m  Expected linebreaks to be 'LF' but found 'CRLF'  linebreak-style
   3:36  [1m[31merror[39m[22m[1m  Expected linebreaks to be 'LF' but found 'CRLF'  linebreak-style
   4:52  [1m[31merror[39m[22m[1m  Expected linebreaks to be 'LF' but found 'CRLF'  linebreak-style
   5:1   [1m[31merror[39m[22m[1m  Expected linebreaks to be 'LF' but found 'CRLF'  linebreak-style
   6:46  [1m[31merror[39m[22m[1m  Expected linebreaks to be 'LF' but found 'CRLF'  linebreak-style
   7:48  [1m[31merror[39m[22m[1m  Expected linebreaks to be 'LF' but found 'CRLF'  linebreak-style
   8:1   [1m[31merror[39m[22m[1m  Expected linebreaks to be 'LF' but found 'CRLF'  linebreak-style
   9:20  [1m[31merror[39m[22m[1m  Expected linebreaks to be 'LF' but found 'CRLF'  linebreak-style
  10:37  [1m[31merror[39m[22m[1m  Expected linebreaks to be 'LF' but found 'CRLF'  linebreak-style
  11:25  [1m[31merror[39m[22m[1m  Expected linebreaks to be 'LF' but found 'CRLF'  linebreak-style
  12:15  [1m[31merror[39m[22m[1m  Expected linebreaks to be 'LF' but found 'CRLF'  linebreak-style
  13:1   [1m[31merror[39m[22m[1m  Expected linebreaks to be 'LF' but found 'CRLF'  linebreak-style
  14:38  [1m[31merror[39m[22m[1m  Expected linebreaks to be 'LF' but found 'CRLF'  linebreak-style
  15:10  [1m[31merror[39m[22m[1m  Expected linebreaks to be 'LF' but found 'CRLF'  linebreak-style
  16:1   [1m[31merror[39m[22m[1m  Expected linebreaks to be 'LF' but found 'CRLF'  linebreak-style
  17:18  [1m[31merror[39m[22m[1m  Expected linebreaks to be 'LF' but found 'CRLF'  linebreak-style
  18:17  [1m[31merror[39m[22m[1m  Expected linebreaks to be 'LF' but found 'CRLF'  linebreak-style
  19:4   [1m[31merror[39m[22m[1m  Expected linebreaks to be 'LF' but found 'CRLF'  linebreak-style
  20:1   [1m[31merror[39m[22m[1m  Expected linebreaks to be 'LF' but found 'CRLF'  linebreak-style
  21:11  [1m[31merror[39m[22m[1m  Expected linebreaks to be 'LF' but found 'CRLF'  linebreak-style
  22:9   [1m[31merror[39m[22m[1m  Expected linebreaks to be 'LF' but found 'CRLF'  linebreak-style
  23:41  [1m[31merror[39m[22m[1m  Expected linebreaks to be 'LF' but found 'CRLF'  linebreak-style
  24:31  [1m[31merror[39m[22m[1m  Expected linebreaks to be 'LF' but found 'CRLF'  linebreak-style
  25:40  [1m[31merror[39m[22m[1m  Expected linebreaks to be 'LF' but found 'CRLF'  linebreak-style
  26:6   [1m[31merror[39m[22m[1m  Expected linebreaks to be 'LF' but found 'CRLF'  linebreak-style
  27:16  [1m[31merror[39m[22m[1m  Expected linebreaks to be 'LF' but found 'CRLF'  linebreak-style
  28:11  [1m[31merror[39m[22m[1m  Expected linebreaks to be 'LF' but found 'CRLF'  linebreak-style
  29:5   [1m[31merror[39m[22m[1m  Expected linebreaks to be 'LF' but found 'CRLF'  linebreak-style
  30:3   [1m[31merror[39m[22m[1m  Expected linebreaks to be 'LF' but found 'CRLF'  linebreak-style
  31:1   [1m[31merror[39m[22m[1m  Expected linebreaks to be 'LF' but found 'CRLF'  linebreak-style
  32:29  [1m[31merror[39m[22m[1m  Expected linebreaks to be 'LF' but found 'CRLF'  linebreak-style
  33:1   [1m[31merror[39m[22m[1m  Expected linebreaks to be 'LF' but found 'CRLF'  linebreak-style
  34:27  [1m[31merror[39m[22m[1m  Expected linebreaks to be 'LF' but found 'CRLF'  linebreak-style
  35:40  [1m[31merror[39m[22m[1m  Expected linebreaks to be 'LF' but found 'CRLF'  linebreak-style
  36:37  [1m[31merror[39m[22m[1m  Expected linebreaks to be 'LF' but found 'CRLF'  linebreak-style
  37:1   [1m[31merror[39m[22m[1m  Expected linebreaks to be 'LF' but found 'CRLF'  linebreak-style
  38:3   [1m[31merror[39m[22m[1m  Expected linebreaks to be 'LF' but found 'CRLF'  linebreak-style

C:\Users\blaha5\Downloads\da\reactkys\crmWAcv\src\components\practiceList.jsx
    1:59   [1m[31merror[39m[22m[1m  Expected linebreaks to be 'LF' but found 'CRLF'  linebreak-style
    2:27   [1m[31merror[39m[22m[1m  Expected linebreaks to be 'LF' but found 'CRLF'  linebreak-style
    3:36   [1m[31merror[39m[22m[1m  Expected linebreaks to be 'LF' but found 'CRLF'  linebreak-style
    4:52   [1m[31merror[39m[22m[1m  Expected linebreaks to be 'LF' but found 'CRLF'  linebreak-style
    5:51   [1m[31merror[39m[22m[1m  Expected linebreaks to be 'LF' but found 'CRLF'  linebreak-style
    6:43   [1m[31merror[39m[22m[1m  Expected linebreaks to be 'LF' but found 'CRLF'  linebreak-style
    7:40   [1m[31merror[39m[22m[1m  Expected linebreaks to be 'LF' but found 'CRLF'  linebreak-style
    8:62   [1m[31merror[39m[22m[1m  Expected linebreaks to be 'LF' but found 'CRLF'  linebreak-style
    9:1    [1m[31merror[39m[22m[1m  Expected linebreaks to be 'LF' but found 'CRLF'  linebreak-style
   10:24   [1m[31merror[39m[22m[1m  Expected linebreaks to be 'LF' but found 'CRLF'  linebreak-style
   11:37   [1m[31merror[39m[22m[1m  Expected linebreaks to be 'LF' but found 'CRLF'  linebreak-style
   12:8    [1m[31merror[39m[22m[1m  Expected linebreaks to be 'LF' but found 'CRLF'  linebreak-style
   13:31   [1m[31merror[39m[22m[1m  Expected linebreaks to be 'LF' but found 'CRLF'  linebreak-style
   14:50   [1m[31merror[39m[22m[1m  Expected linebreaks to be 'LF' but found 'CRLF'  linebreak-style
   15:48   [1m[31merror[39m[22m[1m  Expected linebreaks to be 'LF' but found 'CRLF'  linebreak-style
   16:44   [1m[31merror[39m[22m[1m  Expected linebreaks to be 'LF' but found 'CRLF'  linebreak-style
   17:66   [1m[31merror[39m[22m[1m  Expected linebreaks to be 'LF' but found 'CRLF'  linebreak-style
   18:67   [1m[31merror[39m[22m[1m  Expected linebreaks to be 'LF' but found 'CRLF'  linebreak-style
   19:1    [1m[31merror[39m[22m[1m  Expected linebreaks to be 'LF' but found 'CRLF'  linebreak-style
   20:20   [1m[31merror[39m[22m[1m  Expected linebreaks to be 'LF' but found 'CRLF'  linebreak-style
   21:41   [1m[31merror[39m[22m[1m  Expected linebreaks to be 'LF' but found 'CRLF'  linebreak-style
   22:12   [1m[31merror[39m[22m[1m  Expected linebreaks to be 'LF' but found 'CRLF'  linebreak-style
   23:74   [1m[31merror[39m[22m[1m  Expected linebreaks to be 'LF' but found 'CRLF'  linebreak-style
   24:71   [1m[31merror[39m[22m[1m  Expected linebreaks to be 'LF' but found 'CRLF'  linebreak-style
   25:46   [1m[31merror[39m[22m[1m  Expected linebreaks to be 'LF' but found 'CRLF'  linebreak-style
   26:36   [1m[31merror[39m[22m[1m  Expected linebreaks to be 'LF' but found 'CRLF'  linebreak-style
   27:17   [1m[31merror[39m[22m[1m  Expected linebreaks to be 'LF' but found 'CRLF'  linebreak-style
   28:38   [1m[31merror[39m[22m[1m  Expected linebreaks to be 'LF' but found 'CRLF'  linebreak-style
   29:39   [1m[31merror[39m[22m[1m  Expected linebreaks to be 'LF' but found 'CRLF'  linebreak-style
   30:10   [1m[31merror[39m[22m[1m  Expected linebreaks to be 'LF' but found 'CRLF'  linebreak-style
   31:22   [1m[31merror[39m[22m[1m  Expected linebreaks to be 'LF' but found 'CRLF'  linebreak-style
   32:31   [1m[31merror[39m[22m[1m  Expected linebreaks to be 'LF' but found 'CRLF'  linebreak-style
   33:18   [1m[31merror[39m[22m[1m  Expected linebreaks to be 'LF' but found 'CRLF'  linebreak-style
   34:27   [1m[31merror[39m[22m[1m  Expected linebreaks to be 'LF' but found 'CRLF'  linebreak-style
   35:8    [1m[31merror[39m[22m[1m  Expected linebreaks to be 'LF' but found 'CRLF'  linebreak-style
   36:7    [1m[31merror[39m[22m[1m  Expected linebreaks to be 'LF' but found 'CRLF'  linebreak-style
   37:1    [1m[31merror[39m[22m[1m  Expected linebreaks to be 'LF' but found 'CRLF'  linebreak-style
   38:22   [1m[31merror[39m[22m[1m  Expected linebreaks to be 'LF' but found 'CRLF'  linebreak-style
   39:16   [1m[31merror[39m[22m[1m  Expected linebreaks to be 'LF' but found 'CRLF'  linebreak-style
   40:1    [1m[31merror[39m[22m[1m  Expected linebreaks to be 'LF' but found 'CRLF'  linebreak-style
   41:49   [1m[31merror[39m[22m[1m  Expected linebreaks to be 'LF' but found 'CRLF'  linebreak-style
   42:10   [1m[31merror[39m[22m[1m  Expected linebreaks to be 'LF' but found 'CRLF'  linebreak-style
   43:79   [1m[31merror[39m[22m[1m  Expected linebreaks to be 'LF' but found 'CRLF'  linebreak-style
   44:37   [1m[31merror[39m[22m[1m  Expected linebreaks to be 'LF' but found 'CRLF'  linebreak-style
   45:22   [1m[31merror[39m[22m[1m  Expected linebreaks to be 'LF' but found 'CRLF'  linebreak-style
   46:93   [1m[31merror[39m[22m[1m  Expected linebreaks to be 'LF' but found 'CRLF'  linebreak-style
   47:11   [1m[31merror[39m[22m[1m  Expected linebreaks to be 'LF' but found 'CRLF'  linebreak-style
   48:15   [1m[31merror[39m[22m[1m  Expected linebreaks to be 'LF' but found 'CRLF'  linebreak-style
   49:37   [1m[31merror[39m[22m[1m  Expected linebreaks to be 'LF' but found 'CRLF'  linebreak-style
   50:8    [1m[31merror[39m[22m[1m  Expected linebreaks to be 'LF' but found 'CRLF'  linebreak-style
   51:20   [1m[31merror[39m[22m[1m  Expected linebreaks to be 'LF' but found 'CRLF'  linebreak-style
   52:29   [1m[31merror[39m[22m[1m  Expected linebreaks to be 'LF' but found 'CRLF'  linebreak-style
   53:16   [1m[31merror[39m[22m[1m  Expected linebreaks to be 'LF' but found 'CRLF'  linebreak-style
   54:25   [1m[31merror[39m[22m[1m  Expected linebreaks to be 'LF' but found 'CRLF'  linebreak-style
   55:6    [1m[31merror[39m[22m[1m  Expected linebreaks to be 'LF' but found 'CRLF'  linebreak-style
   56:5    [1m[31merror[39m[22m[1m  Expected linebreaks to be 'LF' but found 'CRLF'  linebreak-style
   57:1    [1m[31merror[39m[22m[1m  Expected linebreaks to be 'LF' but found 'CRLF'  linebreak-style
   58:41   [1m[31merror[39m[22m[1m  Expected linebreaks to be 'LF' but found 'CRLF'  linebreak-style
   59:64   [1m[31merror[39m[22m[1m  Expected linebreaks to be 'LF' but found 'CRLF'  linebreak-style
   60:27   [1m[31merror[39m[22m[1m  Expected linebreaks to be 'LF' but found 'CRLF'  linebreak-style
   61:21   [1m[31merror[39m[22m[1m  Expected linebreaks to be 'LF' but found 'CRLF'  linebreak-style
   62:35   [1m[31merror[39m[22m[1m  Expected linebreaks to be 'LF' but found 'CRLF'  linebreak-style
   63:6    [1m[31merror[39m[22m[1m  Expected linebreaks to be 'LF' but found 'CRLF'  linebreak-style
   64:5    [1m[31merror[39m[22m[1m  Expected linebreaks to be 'LF' but found 'CRLF'  linebreak-style
   65:42   [1m[31merror[39m[22m[1m  Expected linebreaks to be 'LF' but found 'CRLF'  linebreak-style
   66:35   [1m[31merror[39m[22m[1m  Expected linebreaks to be 'LF' but found 'CRLF'  linebreak-style
   67:5    [1m[31merror[39m[22m[1m  Expected linebreaks to be 'LF' but found 'CRLF'  linebreak-style
   68:30   [1m[31merror[39m[22m[1m  Expected linebreaks to be 'LF' but found 'CRLF'  linebreak-style
   69:31   [1m[31merror[39m[22m[1m  Expected linebreaks to be 'LF' but found 'CRLF'  linebreak-style
   70:5    [1m[31merror[39m[22m[1m  Expected linebreaks to be 'LF' but found 'CRLF'  linebreak-style
   71:52   [1m[31merror[39m[22m[1m  Expected linebreaks to be 'LF' but found 'CRLF'  linebreak-style
   72:45   [1m[31merror[39m[22m[1m  Expected linebreaks to be 'LF' but found 'CRLF'  linebreak-style
   73:64   [1m[31merror[39m[22m[1m  Expected linebreaks to be 'LF' but found 'CRLF'  linebreak-style
   74:7    [1m[31merror[39m[22m[1m  Expected linebreaks to be 'LF' but found 'CRLF'  linebreak-style
   75:42   [1m[31merror[39m[22m[1m  Expected linebreaks to be 'LF' but found 'CRLF'  linebreak-style
   76:35   [1m[31merror[39m[22m[1m  Expected linebreaks to be 'LF' but found 'CRLF'  linebreak-style
   77:31   [1m[31merror[39m[22m[1m  Expected linebreaks to be 'LF' but found 'CRLF'  linebreak-style
   78:29   [1m[31merror[39m[22m[1m  Expected linebreaks to be 'LF' but found 'CRLF'  linebreak-style
   79:61   [1m[31merror[39m[22m[1m  Expected linebreaks to be 'LF' but found 'CRLF'  linebreak-style
   80:13   [1m[31merror[39m[22m[1m  Expected linebreaks to be 'LF' but found 'CRLF'  linebreak-style
   81:34   [1m[31merror[39m[22m[1m  Expected linebreaks to be 'LF' but found 'CRLF'  linebreak-style
   82:24   [1m[31merror[39m[22m[1m  Expected linebreaks to be 'LF' but found 'CRLF'  linebreak-style
   83:90   [1m[31merror[39m[22m[1m  Expected linebreaks to be 'LF' but found 'CRLF'  linebreak-style
   84:11   [1m[31merror[39m[22m[1m  Expected linebreaks to be 'LF' but found 'CRLF'  linebreak-style
   85:10   [1m[31merror[39m[22m[1m  Expected linebreaks to be 'LF' but found 'CRLF'  linebreak-style
   86:6    [1m[31merror[39m[22m[1m  Expected linebreaks to be 'LF' but found 'CRLF'  linebreak-style
   87:62   [1m[31merror[39m[22m[1m  Expected linebreaks to be 'LF' but found 'CRLF'  linebreak-style
   88:5    [1m[31merror[39m[22m[1m  Expected linebreaks to be 'LF' but found 'CRLF'  linebreak-style
   89:37   [1m[31merror[39m[22m[1m  Expected linebreaks to be 'LF' but found 'CRLF'  linebreak-style
   90:34   [1m[31merror[39m[22m[1m  Expected linebreaks to be 'LF' but found 'CRLF'  linebreak-style
   91:31   [1m[31merror[39m[22m[1m  Expected linebreaks to be 'LF' but found 'CRLF'  linebreak-style
   92:23   [1m[31merror[39m[22m[1m  Expected linebreaks to be 'LF' but found 'CRLF'  linebreak-style
   93:8    [1m[31merror[39m[22m[1m  Expected linebreaks to be 'LF' but found 'CRLF'  linebreak-style
   94:6    [1m[31merror[39m[22m[1m  Expected linebreaks to be 'LF' but found 'CRLF'  linebreak-style
   95:5    [1m[31merror[39m[22m[1m  Expected linebreaks to be 'LF' but found 'CRLF'  linebreak-style
   96:20   [1m[31merror[39m[22m[1m  Expected linebreaks to be 'LF' but found 'CRLF'  linebreak-style
   97:55   [1m[31merror[39m[22m[1m  Expected linebreaks to be 'LF' but found 'CRLF'  linebreak-style
   98:19   [1m[31merror[39m[22m[1m  Expected linebreaks to be 'LF' but found 'CRLF'  linebreak-style
   99:60   [1m[31merror[39m[22m[1m  Expected linebreaks to be 'LF' but found 'CRLF'  linebreak-style
  100:7    [1m[31merror[39m[22m[1m  Expected linebreaks to be 'LF' but found 'CRLF'  linebreak-style
  101:26   [1m[31merror[39m[22m[1m  Expected linebreaks to be 'LF' but found 'CRLF'  linebreak-style
  102:1    [1m[31merror[39m[22m[1m  Expected linebreaks to be 'LF' but found 'CRLF'  linebreak-style
  103:17   [1m[31merror[39m[22m[1m  Expected linebreaks to be 'LF' but found 'CRLF'  linebreak-style
  104:50   [1m[31merror[39m[22m[1m  Expected linebreaks to be 'LF' but found 'CRLF'  linebreak-style
  105:4    [1m[31merror[39m[22m[1m  Expected linebreaks to be 'LF' but found 'CRLF'  linebreak-style
  106:15   [1m[31merror[39m[22m[1m  Expected linebreaks to be 'LF' but found 'CRLF'  linebreak-style
  107:13   [1m[31merror[39m[22m[1m  Expected linebreaks to be 'LF' but found 'CRLF'  linebreak-style
  108:30   [1m[31merror[39m[22m[1m  Expected linebreaks to be 'LF' but found 'CRLF'  linebreak-style
  109:15   [1m[31merror[39m[22m[1m  Expected linebreaks to be 'LF' but found 'CRLF'  linebreak-style
  110:16   [1m[31merror[39m[22m[1m  Expected linebreaks to be 'LF' but found 'CRLF'  linebreak-style
  111:11   [1m[31merror[39m[22m[1m  Expected linebreaks to be 'LF' but found 'CRLF'  linebreak-style
  112:7    [1m[31merror[39m[22m[1m  Expected linebreaks to be 'LF' but found 'CRLF'  linebreak-style
  113:4    [1m[31merror[39m[22m[1m  Expected linebreaks to be 'LF' but found 'CRLF'  linebreak-style
  114:11   [1m[31merror[39m[22m[1m  Expected linebreaks to be 'LF' but found 'CRLF'  linebreak-style
  115:66   [1m[31merror[39m[22m[1m  Expected linebreaks to be 'LF' but found 'CRLF'  linebreak-style
  116:90   [1m[31merror[39m[22m[1m  Expected linebreaks to be 'LF' but found 'CRLF'  linebreak-style
  117:81   [1m[31merror[39m[22m[1m  Expected linebreaks to be 'LF' but found 'CRLF'  linebreak-style
  118:28   [1m[31merror[39m[22m[1m  Expected linebreaks to be 'LF' but found 'CRLF'  linebreak-style
  119:99   [1m[31merror[39m[22m[1m  Expected linebreaks to be 'LF' but found 'CRLF'  linebreak-style
  120:12   [1m[31merror[39m[22m[1m  Expected linebreaks to be 'LF' but found 'CRLF'  linebreak-style
  121:45   [1m[31merror[39m[22m[1m  Expected linebreaks to be 'LF' but found 'CRLF'  linebreak-style
  122:82   [1m[31merror[39m[22m[1m  Expected linebreaks to be 'LF' but found 'CRLF'  linebreak-style
  123:18   [1m[31merror[39m[22m[1m  Expected linebreaks to be 'LF' but found 'CRLF'  linebreak-style
  124:17   [1m[31merror[39m[22m[1m  Expected linebreaks to be 'LF' but found 'CRLF'  linebreak-style
  125:35   [1m[31merror[39m[22m[1m  Expected linebreaks to be 'LF' but found 'CRLF'  linebreak-style
  126:28   [1m[31merror[39m[22m[1m  Expected linebreaks to be 'LF' but found 'CRLF'  linebreak-style
  127:30   [1m[31merror[39m[22m[1m  Expected linebreaks to be 'LF' but found 'CRLF'  linebreak-style
  128:34   [1m[31merror[39m[22m[1m  Expected linebreaks to be 'LF' but found 'CRLF'  linebreak-style
  129:32   [1m[31merror[39m[22m[1m  Expected linebreaks to be 'LF' but found 'CRLF'  linebreak-style
  130:1    [1m[31merror[39m[22m[1m  Expected linebreaks to be 'LF' but found 'CRLF'  linebreak-style
  131:18   [1m[31merror[39m[22m[1m  Expected linebreaks to be 'LF' but found 'CRLF'  linebreak-style
  132:19   [1m[31merror[39m[22m[1m  Expected linebreaks to be 'LF' but found 'CRLF'  linebreak-style
  133:18   [1m[31merror[39m[22m[1m  Expected linebreaks to be 'LF' but found 'CRLF'  linebreak-style
  134:43   [1m[31merror[39m[22m[1m  Expected linebreaks to be 'LF' but found 'CRLF'  linebreak-style
  135:37   [1m[31merror[39m[22m[1m  Expected linebreaks to be 'LF' but found 'CRLF'  linebreak-style
  136:95   [1m[31merror[39m[22m[1m  Expected linebreaks to be 'LF' but found 'CRLF'  linebreak-style
  137:64   [1m[31merror[39m[22m[1m  Expected linebreaks to be 'LF' but found 'CRLF'  linebreak-style
  138:106  [1m[31merror[39m[22m[1m  Expected linebreaks to be 'LF' but found 'CRLF'  linebreak-style
  139:124  [1m[31merror[39m[22m[1m  Expected linebreaks to be 'LF' but found 'CRLF'  linebreak-style
  140:20   [1m[31merror[39m[22m[1m  Expected linebreaks to be 'LF' but found 'CRLF'  linebreak-style
  141:16   [1m[31merror[39m[22m[1m  Expected linebreaks to be 'LF' but found 'CRLF'  linebreak-style
  142:17   [1m[31merror[39m[22m[1m  Expected linebreaks to be 'LF' but found 'CRLF'  linebreak-style
  143:21   [1m[31merror[39m[22m[1m  Expected linebreaks to be 'LF' but found 'CRLF'  linebreak-style
  144:21   [1m[31merror[39m[22m[1m  Expected linebreaks to be 'LF' but found 'CRLF'  linebreak-style
  145:21   [1m[31merror[39m[22m[1m  Expected linebreaks to be 'LF' but found 'CRLF'  linebreak-style
  146:21   [1m[31merror[39m[22m[1m  Expected linebreaks to be 'LF' but found 'CRLF'  linebreak-style
  147:120  [1m[31merror[39m[22m[1m  Expected linebreaks to be 'LF' but found 'CRLF'  linebreak-style
  148:18   [1m[31merror[39m[22m[1m  Expected linebreaks to be 'LF' but found 'CRLF'  linebreak-style
  149:19   [1m[31merror[39m[22m[1m  Expected linebreaks to be 'LF' but found 'CRLF'  linebreak-style
  150:17   [1m[31merror[39m[22m[1m  Expected linebreaks to be 'LF' but found 'CRLF'  linebreak-style
  151:9    [1m[31merror[39m[22m[1m  Expected linebreaks to be 'LF' but found 'CRLF'  linebreak-style
  152:11   [1m[31merror[39m[22m[1m  Expected linebreaks to be 'LF' but found 'CRLF'  linebreak-style
  153:5    [1m[31merror[39m[22m[1m  Expected linebreaks to be 'LF' but found 'CRLF'  linebreak-style
  154:3    [1m[31merror[39m[22m[1m  Expected linebreaks to be 'LF' but found 'CRLF'  linebreak-style
  155:1    [1m[31merror[39m[22m[1m  Expected linebreaks to be 'LF' but found 'CRLF'  linebreak-style
  156:29   [1m[31merror[39m[22m[1m  Expected linebreaks to be 'LF' but found 'CRLF'  linebreak-style
  157:1    [1m[31merror[39m[22m[1m  Expected linebreaks to be 'LF' but found 'CRLF'  linebreak-style
  158:27   [1m[31merror[39m[22m[1m  Expected linebreaks to be 'LF' but found 'CRLF'  linebreak-style
  159:28   [1m[31merror[39m[22m[1m  Expected linebreaks to be 'LF' but found 'CRLF'  linebreak-style
  160:37   [1m[31merror[39m[22m[1m  Expected linebreaks to be 'LF' but found 'CRLF'  linebreak-style
  161:41   [1m[31merror[39m[22m[1m  Expected linebreaks to be 'LF' but found 'CRLF'  linebreak-style
  162:38   [1m[31merror[39m[22m[1m  Expected linebreaks to be 'LF' but found 'CRLF'  linebreak-style
  163:3    [1m[31merror[39m[22m[1m  Expected linebreaks to be 'LF' but found 'CRLF'  linebreak-style

C:\Users\blaha5\Downloads\da\reactkys\crmWAcv\src\components\practiceListTable.jsx
    1:59   [1m[31merror[39m[22m[1m  Expected linebreaks to be 'LF' but found 'CRLF'  linebreak-style
    2:31   [1m[31merror[39m[22m[1m  Expected linebreaks to be 'LF' but found 'CRLF'  linebreak-style
    3:27   [1m[31merror[39m[22m[1m  Expected linebreaks to be 'LF' but found 'CRLF'  linebreak-style
    4:52   [1m[31merror[39m[22m[1m  Expected linebreaks to be 'LF' but found 'CRLF'  linebreak-style
    5:52   [1m[31merror[39m[22m[1m  Expected linebreaks to be 'LF' but found 'CRLF'  linebreak-style
    6:43   [1m[31merror[39m[22m[1m  Expected linebreaks to be 'LF' but found 'CRLF'  linebreak-style
    7:40   [1m[31merror[39m[22m[1m  Expected linebreaks to be 'LF' but found 'CRLF'  linebreak-style
    8:1    [1m[31merror[39m[22m[1m  Expected linebreaks to be 'LF' but found 'CRLF'  linebreak-style
    9:34   [1m[31merror[39m[22m[1m  Expected linebreaks to be 'LF' but found 'CRLF'  linebreak-style
   10:52   [1m[31merror[39m[22m[1m  Expected linebreaks to be 'LF' but found 'CRLF'  linebreak-style
   11:34   [1m[31merror[39m[22m[1m  Expected linebreaks to be 'LF' but found 'CRLF'  linebreak-style
   12:50   [1m[31merror[39m[22m[1m  Expected linebreaks to be 'LF' but found 'CRLF'  linebreak-style
   13:48   [1m[31merror[39m[22m[1m  Expected linebreaks to be 'LF' but found 'CRLF'  linebreak-style
   14:44   [1m[31merror[39m[22m[1m  Expected linebreaks to be 'LF' but found 'CRLF'  linebreak-style
   15:63   [1m[31merror[39m[22m[1m  Expected linebreaks to be 'LF' but found 'CRLF'  linebreak-style
   16:67   [1m[31merror[39m[22m[1m  Expected linebreaks to be 'LF' but found 'CRLF'  linebreak-style
   17:54   [1m[31merror[39m[22m[1m  Expected linebreaks to be 'LF' but found 'CRLF'  linebreak-style
   18:36   [1m[31merror[39m[22m[1m  Expected linebreaks to be 'LF' but found 'CRLF'  linebreak-style
   19:29   [1m[31merror[39m[22m[1m  Expected linebreaks to be 'LF' but found 'CRLF'  linebreak-style
   20:5    [1m[31merror[39m[22m[1m  Expected linebreaks to be 'LF' but found 'CRLF'  linebreak-style
   21:37   [1m[31merror[39m[22m[1m  Expected linebreaks to be 'LF' but found 'CRLF'  linebreak-style
   22:31   [1m[31merror[39m[22m[1m  Expected linebreaks to be 'LF' but found 'CRLF'  linebreak-style
   23:5    [1m[31merror[39m[22m[1m  Expected linebreaks to be 'LF' but found 'CRLF'  linebreak-style
   24:52   [1m[31merror[39m[22m[1m  Expected linebreaks to be 'LF' but found 'CRLF'  linebreak-style
   25:20   [1m[31merror[39m[22m[1m  Expected linebreaks to be 'LF' but found 'CRLF'  linebreak-style
   26:41   [1m[31merror[39m[22m[1m  Expected linebreaks to be 'LF' but found 'CRLF'  linebreak-style
   27:12   [1m[31merror[39m[22m[1m  Expected linebreaks to be 'LF' but found 'CRLF'  linebreak-style
   28:74   [1m[31merror[39m[22m[1m  Expected linebreaks to be 'LF' but found 'CRLF'  linebreak-style
   29:71   [1m[31merror[39m[22m[1m  Expected linebreaks to be 'LF' but found 'CRLF'  linebreak-style
   30:48   [1m[31merror[39m[22m[1m  Expected linebreaks to be 'LF' but found 'CRLF'  linebreak-style
   31:36   [1m[31merror[39m[22m[1m  Expected linebreaks to be 'LF' but found 'CRLF'  linebreak-style
   32:17   [1m[31merror[39m[22m[1m  Expected linebreaks to be 'LF' but found 'CRLF'  linebreak-style
   33:38   [1m[31merror[39m[22m[1m  Expected linebreaks to be 'LF' but found 'CRLF'  linebreak-style
   34:39   [1m[31merror[39m[22m[1m  Expected linebreaks to be 'LF' but found 'CRLF'  linebreak-style
   35:10   [1m[31merror[39m[22m[1m  Expected linebreaks to be 'LF' but found 'CRLF'  linebreak-style
   36:22   [1m[31merror[39m[22m[1m  Expected linebreaks to be 'LF' but found 'CRLF'  linebreak-style
   37:31   [1m[31merror[39m[22m[1m  Expected linebreaks to be 'LF' but found 'CRLF'  linebreak-style
   38:18   [1m[31merror[39m[22m[1m  Expected linebreaks to be 'LF' but found 'CRLF'  linebreak-style
   39:27   [1m[31merror[39m[22m[1m  Expected linebreaks to be 'LF' but found 'CRLF'  linebreak-style
   40:8    [1m[31merror[39m[22m[1m  Expected linebreaks to be 'LF' but found 'CRLF'  linebreak-style
   41:7    [1m[31merror[39m[22m[1m  Expected linebreaks to be 'LF' but found 'CRLF'  linebreak-style
   42:1    [1m[31merror[39m[22m[1m  Expected linebreaks to be 'LF' but found 'CRLF'  linebreak-style
   43:22   [1m[31merror[39m[22m[1m  Expected linebreaks to be 'LF' but found 'CRLF'  linebreak-style
   44:25   [1m[31merror[39m[22m[1m  Expected linebreaks to be 'LF' but found 'CRLF'  linebreak-style
   45:1    [1m[31merror[39m[22m[1m  Expected linebreaks to be 'LF' but found 'CRLF'  linebreak-style
   46:20   [1m[31merror[39m[22m[1m  Expected linebreaks to be 'LF' but found 'CRLF'  linebreak-style
   47:40   [1m[31merror[39m[22m[1m  Expected linebreaks to be 'LF' but found 'CRLF'  linebreak-style
   48:22   [1m[31merror[39m[22m[1m  Expected linebreaks to be 'LF' but found 'CRLF'  linebreak-style
   49:16   [1m[31merror[39m[22m[1m  Expected linebreaks to be 'LF' but found 'CRLF'  linebreak-style
   50:8    [1m[31merror[39m[22m[1m  Expected linebreaks to be 'LF' but found 'CRLF'  linebreak-style
   51:1    [1m[31merror[39m[22m[1m  Expected linebreaks to be 'LF' but found 'CRLF'  linebreak-style
   52:26   [1m[31merror[39m[22m[1m  Expected linebreaks to be 'LF' but found 'CRLF'  linebreak-style
   53:26   [1m[31merror[39m[22m[1m  Expected linebreaks to be 'LF' but found 'CRLF'  linebreak-style
   54:7    [1m[31merror[39m[22m[1m  Expected linebreaks to be 'LF' but found 'CRLF'  linebreak-style
   55:1    [1m[31merror[39m[22m[1m  Expected linebreaks to be 'LF' but found 'CRLF'  linebreak-style
   56:65   [1m[31merror[39m[22m[1m  Expected linebreaks to be 'LF' but found 'CRLF'  linebreak-style
   57:1    [1m[31merror[39m[22m[1m  Expected linebreaks to be 'LF' but found 'CRLF'  linebreak-style
   58:19   [1m[31merror[39m[22m[1m  Expected linebreaks to be 'LF' but found 'CRLF'  linebreak-style
   59:70   [1m[31merror[39m[22m[1m  Expected linebreaks to be 'LF' but found 'CRLF'  linebreak-style
   60:7    [1m[31merror[39m[22m[1m  Expected linebreaks to be 'LF' but found 'CRLF'  linebreak-style
   61:17   [1m[31merror[39m[22m[1m  Expected linebreaks to be 'LF' but found 'CRLF'  linebreak-style
   62:1    [1m[31merror[39m[22m[1m  Expected linebreaks to be 'LF' but found 'CRLF'  linebreak-style
   63:31   [1m[31merror[39m[22m[1m  Expected linebreaks to be 'LF' but found 'CRLF'  linebreak-style
   64:22   [1m[31merror[39m[22m[1m  Expected linebreaks to be 'LF' but found 'CRLF'  linebreak-style
   65:7    [1m[31merror[39m[22m[1m  Expected linebreaks to be 'LF' but found 'CRLF'  linebreak-style
   66:39   [1m[31merror[39m[22m[1m  Expected linebreaks to be 'LF' but found 'CRLF'  linebreak-style
   67:33   [1m[31merror[39m[22m[1m  Expected linebreaks to be 'LF' but found 'CRLF'  linebreak-style
   68:6    [1m[31merror[39m[22m[1m  Expected linebreaks to be 'LF' but found 'CRLF'  linebreak-style
   69:29   [1m[31merror[39m[22m[1m  Expected linebreaks to be 'LF' but found 'CRLF'  linebreak-style
   70:4    [1m[31merror[39m[22m[1m  Expected linebreaks to be 'LF' but found 'CRLF'  linebreak-style
   71:7    [1m[31merror[39m[22m[1m  Expected linebreaks to be 'LF' but found 'CRLF'  linebreak-style
   72:7    [1m[31merror[39m[22m[1m  Expected linebreaks to be 'LF' but found 'CRLF'  linebreak-style
   73:64   [1m[31merror[39m[22m[1m  Expected linebreaks to be 'LF' but found 'CRLF'  linebreak-style
   74:43   [1m[31merror[39m[22m[1m  Expected linebreaks to be 'LF' but found 'CRLF'  linebreak-style
   75:19   [1m[31merror[39m[22m[1m  Expected linebreaks to be 'LF' but found 'CRLF'  linebreak-style
   76:21   [1m[31merror[39m[22m[1m  Expected linebreaks to be 'LF' but found 'CRLF'  linebreak-style
   77:27   [1m[31merror[39m[22m[1m  Expected linebreaks to be 'LF' but found 'CRLF'  linebreak-style
   78:13   [1m[31merror[39m[22m[1m  Expected linebreaks to be 'LF' but found 'CRLF'  linebreak-style
   79:10   [1m[31merror[39m[22m[1m  Expected linebreaks to be 'LF' but found 'CRLF'  linebreak-style
   80:21   [1m[31merror[39m[22m[1m  Expected linebreaks to be 'LF' but found 'CRLF'  linebreak-style
   81:10   [1m[31merror[39m[22m[1m  Expected linebreaks to be 'LF' but found 'CRLF'  linebreak-style
   82:40   [1m[31merror[39m[22m[1m  Expected linebreaks to be 'LF' but found 'CRLF'  linebreak-style
   83:7    [1m[31merror[39m[22m[1m  Expected linebreaks to be 'LF' but found 'CRLF'  linebreak-style
   84:5    [1m[31merror[39m[22m[1m  Expected linebreaks to be 'LF' but found 'CRLF'  linebreak-style
   85:1    [1m[31merror[39m[22m[1m  Expected linebreaks to be 'LF' but found 'CRLF'  linebreak-style
   86:32   [1m[31merror[39m[22m[1m  Expected linebreaks to be 'LF' but found 'CRLF'  linebreak-style
   87:24   [1m[31merror[39m[22m[1m  Expected linebreaks to be 'LF' but found 'CRLF'  linebreak-style
   88:40   [1m[31merror[39m[22m[1m  Expected linebreaks to be 'LF' but found 'CRLF'  linebreak-style
   89:27   [1m[31merror[39m[22m[1m  Expected linebreaks to be 'LF' but found 'CRLF'  linebreak-style
   90:28   [1m[31merror[39m[22m[1m  Expected linebreaks to be 'LF' but found 'CRLF'  linebreak-style
   91:12   [1m[31merror[39m[22m[1m  Expected linebreaks to be 'LF' but found 'CRLF'  linebreak-style
   92:14   [1m[31merror[39m[22m[1m  Expected linebreaks to be 'LF' but found 'CRLF'  linebreak-style
   93:11   [1m[31merror[39m[22m[1m  Expected linebreaks to be 'LF' but found 'CRLF'  linebreak-style
   94:23   [1m[31merror[39m[22m[1m  Expected linebreaks to be 'LF' but found 'CRLF'  linebreak-style
   95:7    [1m[31merror[39m[22m[1m  Expected linebreaks to be 'LF' but found 'CRLF'  linebreak-style
   96:28   [1m[31merror[39m[22m[1m  Expected linebreaks to be 'LF' but found 'CRLF'  linebreak-style
   97:27   [1m[31merror[39m[22m[1m  Expected linebreaks to be 'LF' but found 'CRLF'  linebreak-style
   98:36   [1m[31merror[39m[22m[1m  Expected linebreaks to be 'LF' but found 'CRLF'  linebreak-style
   99:46   [1m[31merror[39m[22m[1m  Expected linebreaks to be 'LF' but found 'CRLF'  linebreak-style
  100:32   [1m[31merror[39m[22m[1m  Expected linebreaks to be 'LF' but found 'CRLF'  linebreak-style
  101:26   [1m[31merror[39m[22m[1m  Expected linebreaks to be 'LF' but found 'CRLF'  linebreak-style
  102:15   [1m[31merror[39m[22m[1m  Expected linebreaks to be 'LF' but found 'CRLF'  linebreak-style
  103:49   [1m[31merror[39m[22m[1m  Expected linebreaks to be 'LF' but found 'CRLF'  linebreak-style
  104:46   [1m[31merror[39m[22m[1m  Expected linebreaks to be 'LF' but found 'CRLF'  linebreak-style
  105:36   [1m[31merror[39m[22m[1m  Expected linebreaks to be 'LF' but found 'CRLF'  linebreak-style
  106:46   [1m[31merror[39m[22m[1m  Expected linebreaks to be 'LF' but found 'CRLF'  linebreak-style
  107:30   [1m[31merror[39m[22m[1m  Expected linebreaks to be 'LF' but found 'CRLF'  linebreak-style
  108:21   [1m[31merror[39m[22m[1m  Expected linebreaks to be 'LF' but found 'CRLF'  linebreak-style
  109:35   [1m[31merror[39m[22m[1m  Expected linebreaks to be 'LF' but found 'CRLF'  linebreak-style
  110:14   [1m[31merror[39m[22m[1m  Expected linebreaks to be 'LF' but found 'CRLF'  linebreak-style
  111:19   [1m[31merror[39m[22m[1m  Expected linebreaks to be 'LF' but found 'CRLF'  linebreak-style
  112:33   [1m[31merror[39m[22m[1m  Expected linebreaks to be 'LF' but found 'CRLF'  linebreak-style
  113:12   [1m[31merror[39m[22m[1m  Expected linebreaks to be 'LF' but found 'CRLF'  linebreak-style
  114:9    [1m[31merror[39m[22m[1m  Expected linebreaks to be 'LF' but found 'CRLF'  linebreak-style
  115:24   [1m[31merror[39m[22m[1m  Expected linebreaks to be 'LF' but found 'CRLF'  linebreak-style
  116:51   [1m[31merror[39m[22m[1m  Expected linebreaks to be 'LF' but found 'CRLF'  linebreak-style
  117:29   [1m[31merror[39m[22m[1m  Expected linebreaks to be 'LF' but found 'CRLF'  linebreak-style
  118:10   [1m[31merror[39m[22m[1m  Expected linebreaks to be 'LF' but found 'CRLF'  linebreak-style
  119:5    [1m[31merror[39m[22m[1m  Expected linebreaks to be 'LF' but found 'CRLF'  linebreak-style
  120:1    [1m[31merror[39m[22m[1m  Expected linebreaks to be 'LF' but found 'CRLF'  linebreak-style
  121:39   [1m[31merror[39m[22m[1m  Expected linebreaks to be 'LF' but found 'CRLF'  linebreak-style
  122:31   [1m[31merror[39m[22m[1m  Expected linebreaks to be 'LF' but found 'CRLF'  linebreak-style
  123:22   [1m[31merror[39m[22m[1m  Expected linebreaks to be 'LF' but found 'CRLF'  linebreak-style
  124:26   [1m[31merror[39m[22m[1m  Expected linebreaks to be 'LF' but found 'CRLF'  linebreak-style
  125:36   [1m[31merror[39m[22m[1m  Expected linebreaks to be 'LF' but found 'CRLF'  linebreak-style
  126:38   [1m[31merror[39m[22m[1m  Expected linebreaks to be 'LF' but found 'CRLF'  linebreak-style
  127:34   [1m[31merror[39m[22m[1m  Expected linebreaks to be 'LF' but found 'CRLF'  linebreak-style
  128:1    [1m[31merror[39m[22m[1m  Expected linebreaks to be 'LF' but found 'CRLF'  linebreak-style
  129:12   [1m[31merror[39m[22m[1m  Expected linebreaks to be 'LF' but found 'CRLF'  linebreak-style
  130:41   [1m[31merror[39m[22m[1m  Expected linebreaks to be 'LF' but found 'CRLF'  linebreak-style
  131:24   [1m[31merror[39m[22m[1m  Expected linebreaks to be 'LF' but found 'CRLF'  linebreak-style
  132:33   [1m[31merror[39m[22m[1m  Expected linebreaks to be 'LF' but found 'CRLF'  linebreak-style
  133:61   [1m[31merror[39m[22m[1m  Expected linebreaks to be 'LF' but found 'CRLF'  linebreak-style
  134:39   [1m[31merror[39m[22m[1m  Expected linebreaks to be 'LF' but found 'CRLF'  linebreak-style
  135:29   [1m[31merror[39m[22m[1m  Expected linebreaks to be 'LF' but found 'CRLF'  linebreak-style
  136:33   [1m[31merror[39m[22m[1m  Expected linebreaks to be 'LF' but found 'CRLF'  linebreak-style
  137:27   [1m[31merror[39m[22m[1m  Expected linebreaks to be 'LF' but found 'CRLF'  linebreak-style
  138:5    [1m[31merror[39m[22m[1m  Expected linebreaks to be 'LF' but found 'CRLF'  linebreak-style
  139:33   [1m[31merror[39m[22m[1m  Expected linebreaks to be 'LF' but found 'CRLF'  linebreak-style
  140:34   [1m[31merror[39m[22m[1m  Expected linebreaks to be 'LF' but found 'CRLF'  linebreak-style
  141:14   [1m[31merror[39m[22m[1m  Expected linebreaks to be 'LF' but found 'CRLF'  linebreak-style
  142:6    [1m[31merror[39m[22m[1m  Expected linebreaks to be 'LF' but found 'CRLF'  linebreak-style
  143:1    [1m[31merror[39m[22m[1m  Expected linebreaks to be 'LF' but found 'CRLF'  linebreak-style
  144:84   [1m[31merror[39m[22m[1m  Expected linebreaks to be 'LF' but found 'CRLF'  linebreak-style
  145:53   [1m[31merror[39m[22m[1m  Expected linebreaks to be 'LF' but found 'CRLF'  linebreak-style
  146:1    [1m[31merror[39m[22m[1m  Expected linebreaks to be 'LF' but found 'CRLF'  linebreak-style
  147:21   [1m[31merror[39m[22m[1m  Expected linebreaks to be 'LF' but found 'CRLF'  linebreak-style
  148:19   [1m[31merror[39m[22m[1m  Expected linebreaks to be 'LF' but found 'CRLF'  linebreak-style
  149:20   [1m[31merror[39m[22m[1m  Expected linebreaks to be 'LF' but found 'CRLF'  linebreak-style
  150:28   [1m[31merror[39m[22m[1m  Expected linebreaks to be 'LF' but found 'CRLF'  linebreak-style
  151:40   [1m[31merror[39m[22m[1m  Expected linebreaks to be 'LF' but found 'CRLF'  linebreak-style
  152:7    [1m[31merror[39m[22m[1m  Expected linebreaks to be 'LF' but found 'CRLF'  linebreak-style
  153:22   [1m[31merror[39m[22m[1m  Expected linebreaks to be 'LF' but found 'CRLF'  linebreak-style
  154:1    [1m[31merror[39m[22m[1m  Expected linebreaks to be 'LF' but found 'CRLF'  linebreak-style
  155:26   [1m[31merror[39m[22m[1m  Expected linebreaks to be 'LF' but found 'CRLF'  linebreak-style
  156:34   [1m[31merror[39m[22m[1m  Expected linebreaks to be 'LF' but found 'CRLF'  linebreak-style
  157:1    [1m[31merror[39m[22m[1m  Expected linebreaks to be 'LF' but found 'CRLF'  linebreak-style
  158:31   [1m[31merror[39m[22m[1m  Expected linebreaks to be 'LF' but found 'CRLF'  linebreak-style
  159:40   [1m[31merror[39m[22m[1m  Expected linebreaks to be 'LF' but found 'CRLF'  linebreak-style
  160:14   [1m[31merror[39m[22m[1m  Expected linebreaks to be 'LF' but found 'CRLF'  linebreak-style
  161:37   [1m[31merror[39m[22m[1m  Expected linebreaks to be 'LF' but found 'CRLF'  linebreak-style
  162:7    [1m[31merror[39m[22m[1m  Expected linebreaks to be 'LF' but found 'CRLF'  linebreak-style
  163:1    [1m[31merror[39m[22m[1m  Expected linebreaks to be 'LF' but found 'CRLF'  linebreak-style
  164:36   [1m[31merror[39m[22m[1m  Expected linebreaks to be 'LF' but found 'CRLF'  linebreak-style
  165:28   [1m[31merror[39m[22m[1m  Expected linebreaks to be 'LF' but found 'CRLF'  linebreak-style
  166:5    [1m[31merror[39m[22m[1m  Expected linebreaks to be 'LF' but found 'CRLF'  linebreak-style
  167:1    [1m[31merror[39m[22m[1m  Expected linebreaks to be 'LF' but found 'CRLF'  linebreak-style
  168:37   [1m[31merror[39m[22m[1m  Expected linebreaks to be 'LF' but found 'CRLF'  linebreak-style
  169:95   [1m[31merror[39m[22m[1m  Expected linebreaks to be 'LF' but found 'CRLF'  linebreak-style
  170:5    [1m[31merror[39m[22m[1m  Expected linebreaks to be 'LF' but found 'CRLF'  linebreak-style
  171:41   [1m[31merror[39m[22m[1m  Expected linebreaks to be 'LF' but found 'CRLF'  linebreak-style
  172:10   [1m[31merror[39m[22m[1m  Expected linebreaks to be 'LF' but found 'CRLF'  linebreak-style
  173:71   [1m[31merror[39m[22m[1m  Expected linebreaks to be 'LF' but found 'CRLF'  linebreak-style
  174:37   [1m[31merror[39m[22m[1m  Expected linebreaks to be 'LF' but found 'CRLF'  linebreak-style
  175:24   [1m[31merror[39m[22m[1m  Expected linebreaks to be 'LF' but found 'CRLF'  linebreak-style
  176:79   [1m[31merror[39m[22m[1m  Expected linebreaks to be 'LF' but found 'CRLF'  linebreak-style
  177:27   [1m[31merror[39m[22m[1m  Expected linebreaks to be 'LF' but found 'CRLF'  linebreak-style
  178:15   [1m[31merror[39m[22m[1m  Expected linebreaks to be 'LF' but found 'CRLF'  linebreak-style
  179:37   [1m[31merror[39m[22m[1m  Expected linebreaks to be 'LF' but found 'CRLF'  linebreak-style
  180:8    [1m[31merror[39m[22m[1m  Expected linebreaks to be 'LF' but found 'CRLF'  linebreak-style
  181:20   [1m[31merror[39m[22m[1m  Expected linebreaks to be 'LF' but found 'CRLF'  linebreak-style
  182:29   [1m[31merror[39m[22m[1m  Expected linebreaks to be 'LF' but found 'CRLF'  linebreak-style
  183:16   [1m[31merror[39m[22m[1m  Expected linebreaks to be 'LF' but found 'CRLF'  linebreak-style
  184:30   [1m[31merror[39m[22m[1m  Expected linebreaks to be 'LF' but found 'CRLF'  linebreak-style
  185:25   [1m[31merror[39m[22m[1m  Expected linebreaks to be 'LF' but found 'CRLF'  linebreak-style
  186:64   [1m[31merror[39m[22m[1m  Expected linebreaks to be 'LF' but found 'CRLF'  linebreak-style
  187:6    [1m[31merror[39m[22m[1m  Expected linebreaks to be 'LF' but found 'CRLF'  linebreak-style
  188:5    [1m[31merror[39m[22m[1m  Expected linebreaks to be 'LF' but found 'CRLF'  linebreak-style
  189:41   [1m[31merror[39m[22m[1m  Expected linebreaks to be 'LF' but found 'CRLF'  linebreak-style
  190:64   [1m[31merror[39m[22m[1m  Expected linebreaks to be 'LF' but found 'CRLF'  linebreak-style
  191:21   [1m[31merror[39m[22m[1m  Expected linebreaks to be 'LF' but found 'CRLF'  linebreak-style
  192:35   [1m[31merror[39m[22m[1m  Expected linebreaks to be 'LF' but found 'CRLF'  linebreak-style
  193:6    [1m[31merror[39m[22m[1m  Expected linebreaks to be 'LF' but found 'CRLF'  linebreak-style
  194:5    [1m[31merror[39m[22m[1m  Expected linebreaks to be 'LF' but found 'CRLF'  linebreak-style
  195:81   [1m[31merror[39m[22m[1m  Expected linebreaks to be 'LF' but found 'CRLF'  linebreak-style
  196:1    [1m[31merror[39m[22m[1m  Expected linebreaks to be 'LF' but found 'CRLF'  linebreak-style
  197:31   [1m[31merror[39m[22m[1m  Expected linebreaks to be 'LF' but found 'CRLF'  linebreak-style
  198:27   [1m[31merror[39m[22m[1m  Expected linebreaks to be 'LF' but found 'CRLF'  linebreak-style
  199:68   [1m[31merror[39m[22m[1m  Expected linebreaks to be 'LF' but found 'CRLF'  linebreak-style
  200:26   [1m[31merror[39m[22m[1m  Expected linebreaks to be 'LF' but found 'CRLF'  linebreak-style
  201:6    [1m[31merror[39m[22m[1m  Expected linebreaks to be 'LF' but found 'CRLF'  linebreak-style
  202:55   [1m[31merror[39m[22m[1m  Expected linebreaks to be 'LF' but found 'CRLF'  linebreak-style
  203:29   [1m[31merror[39m[22m[1m  Expected linebreaks to be 'LF' but found 'CRLF'  linebreak-style
  204:45   [1m[31merror[39m[22m[1m  Expected linebreaks to be 'LF' but found 'CRLF'  linebreak-style
  205:8    [1m[31merror[39m[22m[1m  Expected linebreaks to be 'LF' but found 'CRLF'  linebreak-style
  206:29   [1m[31merror[39m[22m[1m  Expected linebreaks to be 'LF' but found 'CRLF'  linebreak-style
  207:45   [1m[31merror[39m[22m[1m  Expected linebreaks to be 'LF' but found 'CRLF'  linebreak-style
  208:8    [1m[31merror[39m[22m[1m  Expected linebreaks to be 'LF' but found 'CRLF'  linebreak-style
  209:16   [1m[31merror[39m[22m[1m  Expected linebreaks to be 'LF' but found 'CRLF'  linebreak-style
  210:8    [1m[31merror[39m[22m[1m  Expected linebreaks to be 'LF' but found 'CRLF'  linebreak-style
  211:1    [1m[31merror[39m[22m[1m  Expected linebreaks to be 'LF' but found 'CRLF'  linebreak-style
  212:30   [1m[31merror[39m[22m[1m  Expected linebreaks to be 'LF' but found 'CRLF'  linebreak-style
  213:39   [1m[31merror[39m[22m[1m  Expected linebreaks to be 'LF' but found 'CRLF'  linebreak-style
  214:5    [1m[31merror[39m[22m[1m  Expected linebreaks to be 'LF' but found 'CRLF'  linebreak-style
  215:33   [1m[31merror[39m[22m[1m  Expected linebreaks to be 'LF' but found 'CRLF'  linebreak-style
  216:34   [1m[31merror[39m[22m[1m  Expected linebreaks to be 'LF' but found 'CRLF'  linebreak-style
  217:17   [1m[31merror[39m[22m[1m  Expected linebreaks to be 'LF' but found 'CRLF'  linebreak-style
  218:6    [1m[31merror[39m[22m[1m  Expected linebreaks to be 'LF' but found 'CRLF'  linebreak-style
  219:55   [1m[31merror[39m[22m[1m  Expected linebreaks to be 'LF' but found 'CRLF'  linebreak-style
  220:5    [1m[31merror[39m[22m[1m  Expected linebreaks to be 'LF' but found 'CRLF'  linebreak-style
  221:1    [1m[31merror[39m[22m[1m  Expected linebreaks to be 'LF' but found 'CRLF'  linebreak-style
  222:17   [1m[31merror[39m[22m[1m  Expected linebreaks to be 'LF' but found 'CRLF'  linebreak-style
  223:50   [1m[31merror[39m[22m[1m  Expected linebreaks to be 'LF' but found 'CRLF'  linebreak-style
  224:4    [1m[31merror[39m[22m[1m  Expected linebreaks to be 'LF' but found 'CRLF'  linebreak-style
  225:15   [1m[31merror[39m[22m[1m  Expected linebreaks to be 'LF' but found 'CRLF'  linebreak-style
  226:13   [1m[31merror[39m[22m[1m  Expected linebreaks to be 'LF' but found 'CRLF'  linebreak-style
  227:30   [1m[31merror[39m[22m[1m  Expected linebreaks to be 'LF' but found 'CRLF'  linebreak-style
  228:15   [1m[31merror[39m[22m[1m  Expected linebreaks to be 'LF' but found 'CRLF'  linebreak-style
  229:16   [1m[31merror[39m[22m[1m  Expected linebreaks to be 'LF' but found 'CRLF'  linebreak-style
  230:11   [1m[31merror[39m[22m[1m  Expected linebreaks to be 'LF' but found 'CRLF'  linebreak-style
  231:7    [1m[31merror[39m[22m[1m  Expected linebreaks to be 'LF' but found 'CRLF'  linebreak-style
  232:4    [1m[31merror[39m[22m[1m  Expected linebreaks to be 'LF' but found 'CRLF'  linebreak-style
  233:11   [1m[31merror[39m[22m[1m  Expected linebreaks to be 'LF' but found 'CRLF'  linebreak-style
  234:39   [1m[31merror[39m[22m[1m  Expected linebreaks to be 'LF' but found 'CRLF'  linebreak-style
  235:90   [1m[31merror[39m[22m[1m  Expected linebreaks to be 'LF' but found 'CRLF'  linebreak-style
  236:98   [1m[31merror[39m[22m[1m  Expected linebreaks to be 'LF' but found 'CRLF'  linebreak-style
  237:50   [1m[31merror[39m[22m[1m  Expected linebreaks to be 'LF' but found 'CRLF'  linebreak-style
  238:52   [1m[31merror[39m[22m[1m  Expected linebreaks to be 'LF' but found 'CRLF'  linebreak-style
  239:16   [1m[31merror[39m[22m[1m  Expected linebreaks to be 'LF' but found 'CRLF'  linebreak-style
  240:15   [1m[31merror[39m[22m[1m  Expected linebreaks to be 'LF' but found 'CRLF'  linebreak-style
  241:16   [1m[31merror[39m[22m[1m  Expected linebreaks to be 'LF' but found 'CRLF'  linebreak-style
  242:48   [1m[31merror[39m[22m[1m  Expected linebreaks to be 'LF' but found 'CRLF'  linebreak-style
  243:14   [1m[31merror[39m[22m[1m  Expected linebreaks to be 'LF' but found 'CRLF'  linebreak-style
  244:20   [1m[31merror[39m[22m[1m  Expected linebreaks to be 'LF' but found 'CRLF'  linebreak-style
  245:36   [1m[31merror[39m[22m[1m  Expected linebreaks to be 'LF' but found 'CRLF'  linebreak-style
  246:18   [1m[31merror[39m[22m[1m  Expected linebreaks to be 'LF' but found 'CRLF'  linebreak-style
  247:16   [1m[31merror[39m[22m[1m  Expected linebreaks to be 'LF' but found 'CRLF'  linebreak-style
  248:53   [1m[31merror[39m[22m[1m  Expected linebreaks to be 'LF' but found 'CRLF'  linebreak-style
  249:14   [1m[31merror[39m[22m[1m  Expected linebreaks to be 'LF' but found 'CRLF'  linebreak-style
  250:26   [1m[31merror[39m[22m[1m  Expected linebreaks to be 'LF' but found 'CRLF'  linebreak-style
  251:41   [1m[31merror[39m[22m[1m  Expected linebreaks to be 'LF' but found 'CRLF'  linebreak-style
  252:18   [1m[31merror[39m[22m[1m  Expected linebreaks to be 'LF' but found 'CRLF'  linebreak-style
  253:16   [1m[31merror[39m[22m[1m  Expected linebreaks to be 'LF' but found 'CRLF'  linebreak-style
  254:51   [1m[31merror[39m[22m[1m  Expected linebreaks to be 'LF' but found 'CRLF'  linebreak-style
  255:14   [1m[31merror[39m[22m[1m  Expected linebreaks to be 'LF' but found 'CRLF'  linebreak-style
  256:19   [1m[31merror[39m[22m[1m  Expected linebreaks to be 'LF' but found 'CRLF'  linebreak-style
  257:18   [1m[31merror[39m[22m[1m  Expected linebreaks to be 'LF' but found 'CRLF'  linebreak-style
  258:16   [1m[31merror[39m[22m[1m  Expected linebreaks to be 'LF' but found 'CRLF'  linebreak-style
  259:50   [1m[31merror[39m[22m[1m  Expected linebreaks to be 'LF' but found 'CRLF'  linebreak-style
  260:14   [1m[31merror[39m[22m[1m  Expected linebreaks to be 'LF' but found 'CRLF'  linebreak-style
  261:21   [1m[31merror[39m[22m[1m  Expected linebreaks to be 'LF' but found 'CRLF'  linebreak-style
  262:18   [1m[31merror[39m[22m[1m  Expected linebreaks to be 'LF' but found 'CRLF'  linebreak-style
  263:32   [1m[31merror[39m[22m[1m  Expected linebreaks to be 'LF' but found 'CRLF'  linebreak-style
  264:30   [1m[31merror[39m[22m[1m  Expected linebreaks to be 'LF' but found 'CRLF'  linebreak-style
  265:17   [1m[31merror[39m[22m[1m  Expected linebreaks to be 'LF' but found 'CRLF'  linebreak-style
  266:81   [1m[31merror[39m[22m[1m  Expected linebreaks to be 'LF' but found 'CRLF'  linebreak-style
  267:62   [1m[31merror[39m[22m[1m  Expected linebreaks to be 'LF' but found 'CRLF'  linebreak-style
  268:18   [1m[31merror[39m[22m[1m  Expected linebreaks to be 'LF' but found 'CRLF'  linebreak-style
  269:16   [1m[31merror[39m[22m[1m  Expected linebreaks to be 'LF' but found 'CRLF'  linebreak-style
  270:17   [1m[31merror[39m[22m[1m  Expected linebreaks to be 'LF' but found 'CRLF'  linebreak-style
  271:16   [1m[31merror[39m[22m[1m  Expected linebreaks to be 'LF' but found 'CRLF'  linebreak-style
  272:48   [1m[31merror[39m[22m[1m  Expected linebreaks to be 'LF' but found 'CRLF'  linebreak-style
  273:85   [1m[31merror[39m[22m[1m  Expected linebreaks to be 'LF' but found 'CRLF'  linebreak-style
  274:92   [1m[31merror[39m[22m[1m  Expected linebreaks to be 'LF' but found 'CRLF'  linebreak-style
  275:22   [1m[31merror[39m[22m[1m  Expected linebreaks to be 'LF' but found 'CRLF'  linebreak-style
  276:68   [1m[31merror[39m[22m[1m  Expected linebreaks to be 'LF' but found 'CRLF'  linebreak-style
  277:95   [1m[31merror[39m[22m[1m  Expected linebreaks to be 'LF' but found 'CRLF'  linebreak-style
  278:18   [1m[31merror[39m[22m[1m  Expected linebreaks to be 'LF' but found 'CRLF'  linebreak-style
  279:34   [1m[31merror[39m[22m[1m  Expected linebreaks to be 'LF' but found 'CRLF'  linebreak-style
  280:24   [1m[31merror[39m[22m[1m  Expected linebreaks to be 'LF' but found 'CRLF'  linebreak-style
  281:20   [1m[31merror[39m[22m[1m  Expected linebreaks to be 'LF' but found 'CRLF'  linebreak-style
  282:102  [1m[31merror[39m[22m[1m  Expected linebreaks to be 'LF' but found 'CRLF'  linebreak-style
  283:23   [1m[31merror[39m[22m[1m  Expected linebreaks to be 'LF' but found 'CRLF'  linebreak-style
  284:35   [1m[31merror[39m[22m[1m  Expected linebreaks to be 'LF' but found 'CRLF'  linebreak-style
  285:31   [1m[31merror[39m[22m[1m  Expected linebreaks to be 'LF' but found 'CRLF'  linebreak-style
  286:51   [1m[31merror[39m[22m[1m  Expected linebreaks to be 'LF' but found 'CRLF'  linebreak-style
  287:59   [1m[31merror[39m[22m[1m  Expected linebreaks to be 'LF' but found 'CRLF'  linebreak-style
  288:19   [1m[31merror[39m[22m[1m  Expected linebreaks to be 'LF' but found 'CRLF'  linebreak-style
  289:20   [1m[31merror[39m[22m[1m  Expected linebreaks to be 'LF' but found 'CRLF'  linebreak-style
  290:37   [1m[31merror[39m[22m[1m  Expected linebreaks to be 'LF' but found 'CRLF'  linebreak-style
  291:125  [1m[31merror[39m[22m[1m  Expected linebreaks to be 'LF' but found 'CRLF'  linebreak-style
  292:48   [1m[31merror[39m[22m[1m  Expected linebreaks to be 'LF' but found 'CRLF'  linebreak-style
  293:48   [1m[31merror[39m[22m[1m  Expected linebreaks to be 'LF' but found 'CRLF'  linebreak-style
  294:49   [1m[31merror[39m[22m[1m  Expected linebreaks to be 'LF' but found 'CRLF'  linebreak-style
  295:52   [1m[31merror[39m[22m[1m  Expected linebreaks to be 'LF' but found 'CRLF'  linebreak-style
  296:26   [1m[31merror[39m[22m[1m  Expected linebreaks to be 'LF' but found 'CRLF'  linebreak-style
  297:20   [1m[31merror[39m[22m[1m  Expected linebreaks to be 'LF' but found 'CRLF'  linebreak-style
  298:168  [1m[31merror[39m[22m[1m  Expected linebreaks to be 'LF' but found 'CRLF'  linebreak-style
  299:43   [1m[31merror[39m[22m[1m  Expected linebreaks to be 'LF' but found 'CRLF'  linebreak-style
  300:23   [1m[31merror[39m[22m[1m  Expected linebreaks to be 'LF' but found 'CRLF'  linebreak-style
  301:32   [1m[31merror[39m[22m[1m  Expected linebreaks to be 'LF' but found 'CRLF'  linebreak-style
  302:31   [1m[31merror[39m[22m[1m  Expected linebreaks to be 'LF' but found 'CRLF'  linebreak-style
  303:47   [1m[31merror[39m[22m[1m  Expected linebreaks to be 'LF' but found 'CRLF'  linebreak-style
  304:59   [1m[31merror[39m[22m[1m  Expected linebreaks to be 'LF' but found 'CRLF'  linebreak-style
  305:1    [1m[31merror[39m[22m[1m  Expected linebreaks to be 'LF' but found 'CRLF'  linebreak-style
  306:19   [1m[31merror[39m[22m[1m  Expected linebreaks to be 'LF' but found 'CRLF'  linebreak-style
  307:20   [1m[31merror[39m[22m[1m  Expected linebreaks to be 'LF' but found 'CRLF'  linebreak-style
  308:41   [1m[31merror[39m[22m[1m  Expected linebreaks to be 'LF' but found 'CRLF'  linebreak-style
  309:26   [1m[31merror[39m[22m[1m  Expected linebreaks to be 'LF' but found 'CRLF'  linebreak-style
  310:31   [1m[31merror[39m[22m[1m  Expected linebreaks to be 'LF' but found 'CRLF'  linebreak-style
  311:32   [1m[31merror[39m[22m[1m  Expected linebreaks to be 'LF' but found 'CRLF'  linebreak-style
  312:59   [1m[31merror[39m[22m[1m  Expected linebreaks to be 'LF' but found 'CRLF'  linebreak-style
  313:54   [1m[31merror[39m[22m[1m  Expected linebreaks to be 'LF' but found 'CRLF'  linebreak-style
  314:19   [1m[31merror[39m[22m[1m  Expected linebreaks to be 'LF' but found 'CRLF'  linebreak-style
  315:20   [1m[31merror[39m[22m[1m  Expected linebreaks to be 'LF' but found 'CRLF'  linebreak-style
  316:19   [1m[31merror[39m[22m[1m  Expected linebreaks to be 'LF' but found 'CRLF'  linebreak-style
  317:39   [1m[31merror[39m[22m[1m  Expected linebreaks to be 'LF' but found 'CRLF'  linebreak-style
  318:110  [1m[31merror[39m[22m[1m  Expected linebreaks to be 'LF' but found 'CRLF'  linebreak-style
  319:20   [1m[31merror[39m[22m[1m  Expected linebreaks to be 'LF' but found 'CRLF'  linebreak-style
  320:18   [1m[31merror[39m[22m[1m  Expected linebreaks to be 'LF' but found 'CRLF'  linebreak-style
  321:14   [1m[31merror[39m[22m[1m  Expected linebreaks to be 'LF' but found 'CRLF'  linebreak-style
  322:15   [1m[31merror[39m[22m[1m  Expected linebreaks to be 'LF' but found 'CRLF'  linebreak-style
  323:19   [1m[31merror[39m[22m[1m  Expected linebreaks to be 'LF' but found 'CRLF'  linebreak-style
  324:19   [1m[31merror[39m[22m[1m  Expected linebreaks to be 'LF' but found 'CRLF'  linebreak-style
  325:19   [1m[31merror[39m[22m[1m  Expected linebreaks to be 'LF' but found 'CRLF'  linebreak-style
  326:19   [1m[31merror[39m[22m[1m  Expected linebreaks to be 'LF' but found 'CRLF'  linebreak-style
  327:16   [1m[31merror[39m[22m[1m  Expected linebreaks to be 'LF' but found 'CRLF'  linebreak-style
  328:17   [1m[31merror[39m[22m[1m  Expected linebreaks to be 'LF' but found 'CRLF'  linebreak-style
  329:15   [1m[31merror[39m[22m[1m  Expected linebreaks to be 'LF' but found 'CRLF'  linebreak-style
  330:11   [1m[31merror[39m[22m[1m  Expected linebreaks to be 'LF' but found 'CRLF'  linebreak-style
  331:5    [1m[31merror[39m[22m[1m  Expected linebreaks to be 'LF' but found 'CRLF'  linebreak-style
  332:3    [1m[31merror[39m[22m[1m  Expected linebreaks to be 'LF' but found 'CRLF'  linebreak-style
  333:1    [1m[31merror[39m[22m[1m  Expected linebreaks to be 'LF' but found 'CRLF'  linebreak-style
  334:34   [1m[31merror[39m[22m[1m  Expected linebreaks to be 'LF' but found 'CRLF'  linebreak-style

C:\Users\blaha5\Downloads\da\reactkys\crmWAcv\src\components\selectSchoolYear.jsx
   1:36  [1m[31merror[39m[22m[1m  Expected linebreaks to be 'LF' but found 'CRLF'  linebreak-style
   2:27  [1m[31merror[39m[22m[1m  Expected linebreaks to be 'LF' but found 'CRLF'  linebreak-style
   3:1   [1m[31merror[39m[22m[1m  Expected linebreaks to be 'LF' but found 'CRLF'  linebreak-style
   4:66  [1m[31merror[39m[22m[1m  Expected linebreaks to be 'LF' but found 'CRLF'  linebreak-style
   5:27  [1m[31merror[39m[22m[1m  Expected linebreaks to be 'LF' but found 'CRLF'  linebreak-style
   6:29  [1m[31merror[39m[22m[1m  Expected linebreaks to be 'LF' but found 'CRLF'  linebreak-style
   7:55  [1m[31merror[39m[22m[1m  Expected linebreaks to be 'LF' but found 'CRLF'  linebreak-style
   8:38  [1m[31merror[39m[22m[1m  Expected linebreaks to be 'LF' but found 'CRLF'  linebreak-style
   9:32  [1m[31merror[39m[22m[1m  Expected linebreaks to be 'LF' but found 'CRLF'  linebreak-style
  10:33  [1m[31merror[39m[22m[1m  Expected linebreaks to be 'LF' but found 'CRLF'  linebreak-style
  11:65  [1m[31merror[39m[22m[1m  Expected linebreaks to be 'LF' but found 'CRLF'  linebreak-style
  12:5   [1m[31merror[39m[22m[1m  Expected linebreaks to be 'LF' but found 'CRLF'  linebreak-style
  13:72  [1m[31merror[39m[22m[1m  Expected linebreaks to be 'LF' but found 'CRLF'  linebreak-style
  14:28  [1m[31merror[39m[22m[1m  Expected linebreaks to be 'LF' but found 'CRLF'  linebreak-style
  15:25  [1m[31merror[39m[22m[1m  Expected linebreaks to be 'LF' but found 'CRLF'  linebreak-style
  16:28  [1m[31merror[39m[22m[1m  Expected linebreaks to be 'LF' but found 'CRLF'  linebreak-style
  17:6   [1m[31merror[39m[22m[1m  Expected linebreaks to be 'LF' but found 'CRLF'  linebreak-style
  18:1   [1m[31merror[39m[22m[1m  Expected linebreaks to be 'LF' but found 'CRLF'  linebreak-style
  19:11  [1m[31merror[39m[22m[1m  Expected linebreaks to be 'LF' but found 'CRLF'  linebreak-style
  20:51  [1m[31merror[39m[22m[1m  Expected linebreaks to be 'LF' but found 'CRLF'  linebreak-style
  21:35  [1m[31merror[39m[22m[1m  Expected linebreaks to be 'LF' but found 'CRLF'  linebreak-style
  22:56  [1m[31merror[39m[22m[1m  Expected linebreaks to be 'LF' but found 'CRLF'  linebreak-style
  23:10  [1m[31merror[39m[22m[1m  Expected linebreaks to be 'LF' but found 'CRLF'  linebreak-style
  24:14  [1m[31merror[39m[22m[1m  Expected linebreaks to be 'LF' but found 'CRLF'  linebreak-style
  25:5   [1m[31merror[39m[22m[1m  Expected linebreaks to be 'LF' but found 'CRLF'  linebreak-style
  26:3   [1m[31merror[39m[22m[1m  Expected linebreaks to be 'LF' but found 'CRLF'  linebreak-style
  27:1   [1m[31merror[39m[22m[1m  Expected linebreaks to be 'LF' but found 'CRLF'  linebreak-style
  28:31  [1m[31merror[39m[22m[1m  Expected linebreaks to be 'LF' but found 'CRLF'  linebreak-style
  29:45  [1m[31merror[39m[22m[1m  Expected linebreaks to be 'LF' but found 'CRLF'  linebreak-style
  30:46  [1m[31merror[39m[22m[1m  Expected linebreaks to be 'LF' but found 'CRLF'  linebreak-style
  31:3   [1m[31merror[39m[22m[1m  Expected linebreaks to be 'LF' but found 'CRLF'  linebreak-style
  32:1   [1m[31merror[39m[22m[1m  Expected linebreaks to be 'LF' but found 'CRLF'  linebreak-style
  33:33  [1m[31merror[39m[22m[1m  Expected linebreaks to be 'LF' but found 'CRLF'  linebreak-style

C:\Users\blaha5\Downloads\da\reactkys\crmWAcv\src\components\stats.jsx
    1:59   [1m[31merror[39m[22m[1m  Expected linebreaks to be 'LF' but found 'CRLF'  linebreak-style
    2:27   [1m[31merror[39m[22m[1m  Expected linebreaks to be 'LF' but found 'CRLF'  linebreak-style
    3:52   [1m[31merror[39m[22m[1m  Expected linebreaks to be 'LF' but found 'CRLF'  linebreak-style
    4:40   [1m[31merror[39m[22m[1m  Expected linebreaks to be 'LF' but found 'CRLF'  linebreak-style
    5:1    [1m[31merror[39m[22m[1m  Expected linebreaks to be 'LF' but found 'CRLF'  linebreak-style
    6:22   [1m[31merror[39m[22m[1m  Expected linebreaks to be 'LF' but found 'CRLF'  linebreak-style
    7:40   [1m[31merror[39m[22m[1m  Expected linebreaks to be 'LF' but found 'CRLF'  linebreak-style
    8:48   [1m[31merror[39m[22m[1m  Expected linebreaks to be 'LF' but found 'CRLF'  linebreak-style
    9:48   [1m[31merror[39m[22m[1m  Expected linebreaks to be 'LF' but found 'CRLF'  linebreak-style
   10:44   [1m[31merror[39m[22m[1m  Expected linebreaks to be 'LF' but found 'CRLF'  linebreak-style
   11:36   [1m[31merror[39m[22m[1m  Expected linebreaks to be 'LF' but found 'CRLF'  linebreak-style
   12:52   [1m[31merror[39m[22m[1m  Expected linebreaks to be 'LF' but found 'CRLF'  linebreak-style
   13:46   [1m[31merror[39m[22m[1m  Expected linebreaks to be 'LF' but found 'CRLF'  linebreak-style
   14:1    [1m[31merror[39m[22m[1m  Expected linebreaks to be 'LF' but found 'CRLF'  linebreak-style
   15:34   [1m[31merror[39m[22m[1m  Expected linebreaks to be 'LF' but found 'CRLF'  linebreak-style
   16:10   [1m[31merror[39m[22m[1m  Expected linebreaks to be 'LF' but found 'CRLF'  linebreak-style
   17:58   [1m[31merror[39m[22m[1m  Expected linebreaks to be 'LF' but found 'CRLF'  linebreak-style
   18:30   [1m[31merror[39m[22m[1m  Expected linebreaks to be 'LF' but found 'CRLF'  linebreak-style
   19:34   [1m[31merror[39m[22m[1m  Expected linebreaks to be 'LF' but found 'CRLF'  linebreak-style
   20:20   [1m[31merror[39m[22m[1m  Expected linebreaks to be 'LF' but found 'CRLF'  linebreak-style
   21:29   [1m[31merror[39m[22m[1m  Expected linebreaks to be 'LF' but found 'CRLF'  linebreak-style
   22:16   [1m[31merror[39m[22m[1m  Expected linebreaks to be 'LF' but found 'CRLF'  linebreak-style
   23:25   [1m[31merror[39m[22m[1m  Expected linebreaks to be 'LF' but found 'CRLF'  linebreak-style
   24:6    [1m[31merror[39m[22m[1m  Expected linebreaks to be 'LF' but found 'CRLF'  linebreak-style
   25:5    [1m[31merror[39m[22m[1m  Expected linebreaks to be 'LF' but found 'CRLF'  linebreak-style
   26:1    [1m[31merror[39m[22m[1m  Expected linebreaks to be 'LF' but found 'CRLF'  linebreak-style
   27:20   [1m[31merror[39m[22m[1m  Expected linebreaks to be 'LF' but found 'CRLF'  linebreak-style
   28:17   [1m[31merror[39m[22m[1m  Expected linebreaks to be 'LF' but found 'CRLF'  linebreak-style
   29:10   [1m[31merror[39m[22m[1m  Expected linebreaks to be 'LF' but found 'CRLF'  linebreak-style
   30:1    [1m[31merror[39m[22m[1m  Expected linebreaks to be 'LF' but found 'CRLF'  linebreak-style
   31:36   [1m[31merror[39m[22m[1m  Expected linebreaks to be 'LF' but found 'CRLF'  linebreak-style
   32:36   [1m[31merror[39m[22m[1m  Expected linebreaks to be 'LF' but found 'CRLF'  linebreak-style
   33:26   [1m[31merror[39m[22m[1m  Expected linebreaks to be 'LF' but found 'CRLF'  linebreak-style
   34:32   [1m[31merror[39m[22m[1m  Expected linebreaks to be 'LF' but found 'CRLF'  linebreak-style
   35:38   [1m[31merror[39m[22m[1m  Expected linebreaks to be 'LF' but found 'CRLF'  linebreak-style
   36:25   [1m[31merror[39m[22m[1m  Expected linebreaks to be 'LF' but found 'CRLF'  linebreak-style
   37:6    [1m[31merror[39m[22m[1m  Expected linebreaks to be 'LF' but found 'CRLF'  linebreak-style
   38:60   [1m[31merror[39m[22m[1m  Expected linebreaks to be 'LF' but found 'CRLF'  linebreak-style
   39:25   [1m[31merror[39m[22m[1m  Expected linebreaks to be 'LF' but found 'CRLF'  linebreak-style
   40:13   [1m[31merror[39m[22m[1m  Expected linebreaks to be 'LF' but found 'CRLF'  linebreak-style
   41:100  [1m[31merror[39m[22m[1m  Expected linebreaks to be 'LF' but found 'CRLF'  linebreak-style
   42:54   [1m[31merror[39m[22m[1m  Expected linebreaks to be 'LF' but found 'CRLF'  linebreak-style
   43:127  [1m[31merror[39m[22m[1m  Expected linebreaks to be 'LF' but found 'CRLF'  linebreak-style
   44:51   [1m[31merror[39m[22m[1m  Expected linebreaks to be 'LF' but found 'CRLF'  linebreak-style
   45:10   [1m[31merror[39m[22m[1m  Expected linebreaks to be 'LF' but found 'CRLF'  linebreak-style
   46:32   [1m[31merror[39m[22m[1m  Expected linebreaks to be 'LF' but found 'CRLF'  linebreak-style
   47:6    [1m[31merror[39m[22m[1m  Expected linebreaks to be 'LF' but found 'CRLF'  linebreak-style
   48:5    [1m[31merror[39m[22m[1m  Expected linebreaks to be 'LF' but found 'CRLF'  linebreak-style
   49:81   [1m[31merror[39m[22m[1m  Expected linebreaks to be 'LF' but found 'CRLF'  linebreak-style
   50:1    [1m[31merror[39m[22m[1m  Expected linebreaks to be 'LF' but found 'CRLF'  linebreak-style
   51:31   [1m[31merror[39m[22m[1m  Expected linebreaks to be 'LF' but found 'CRLF'  linebreak-style
   52:27   [1m[31merror[39m[22m[1m  Expected linebreaks to be 'LF' but found 'CRLF'  linebreak-style
   53:68   [1m[31merror[39m[22m[1m  Expected linebreaks to be 'LF' but found 'CRLF'  linebreak-style
   54:26   [1m[31merror[39m[22m[1m  Expected linebreaks to be 'LF' but found 'CRLF'  linebreak-style
   55:6    [1m[31merror[39m[22m[1m  Expected linebreaks to be 'LF' but found 'CRLF'  linebreak-style
   56:54   [1m[31merror[39m[22m[1m  Expected linebreaks to be 'LF' but found 'CRLF'  linebreak-style
   57:29   [1m[31merror[39m[22m[1m  Expected linebreaks to be 'LF' but found 'CRLF'  linebreak-style
   58:45   [1m[31merror[39m[22m[1m  Expected linebreaks to be 'LF' but found 'CRLF'  linebreak-style
   59:8    [1m[31merror[39m[22m[1m  Expected linebreaks to be 'LF' but found 'CRLF'  linebreak-style
   60:29   [1m[31merror[39m[22m[1m  Expected linebreaks to be 'LF' but found 'CRLF'  linebreak-style
   61:45   [1m[31merror[39m[22m[1m  Expected linebreaks to be 'LF' but found 'CRLF'  linebreak-style
   62:8    [1m[31merror[39m[22m[1m  Expected linebreaks to be 'LF' but found 'CRLF'  linebreak-style
   63:16   [1m[31merror[39m[22m[1m  Expected linebreaks to be 'LF' but found 'CRLF'  linebreak-style
   64:8    [1m[31merror[39m[22m[1m  Expected linebreaks to be 'LF' but found 'CRLF'  linebreak-style
   65:1    [1m[31merror[39m[22m[1m  Expected linebreaks to be 'LF' but found 'CRLF'  linebreak-style
   66:25   [1m[31merror[39m[22m[1m  Expected linebreaks to be 'LF' but found 'CRLF'  linebreak-style
   67:39   [1m[31merror[39m[22m[1m  Expected linebreaks to be 'LF' but found 'CRLF'  linebreak-style
   68:5    [1m[31merror[39m[22m[1m  Expected linebreaks to be 'LF' but found 'CRLF'  linebreak-style
   69:1    [1m[31merror[39m[22m[1m  Expected linebreaks to be 'LF' but found 'CRLF'  linebreak-style
   70:33   [1m[31merror[39m[22m[1m  Expected linebreaks to be 'LF' but found 'CRLF'  linebreak-style
   71:34   [1m[31merror[39m[22m[1m  Expected linebreaks to be 'LF' but found 'CRLF'  linebreak-style
   72:17   [1m[31merror[39m[22m[1m  Expected linebreaks to be 'LF' but found 'CRLF'  linebreak-style
   73:6    [1m[31merror[39m[22m[1m  Expected linebreaks to be 'LF' but found 'CRLF'  linebreak-style
   74:55   [1m[31merror[39m[22m[1m  Expected linebreaks to be 'LF' but found 'CRLF'  linebreak-style
   75:5    [1m[31merror[39m[22m[1m  Expected linebreaks to be 'LF' but found 'CRLF'  linebreak-style
   76:1    [1m[31merror[39m[22m[1m  Expected linebreaks to be 'LF' but found 'CRLF'  linebreak-style
   77:17   [1m[31merror[39m[22m[1m  Expected linebreaks to be 'LF' but found 'CRLF'  linebreak-style
   78:31   [1m[31merror[39m[22m[1m  Expected linebreaks to be 'LF' but found 'CRLF'  linebreak-style
   79:4    [1m[31merror[39m[22m[1m  Expected linebreaks to be 'LF' but found 'CRLF'  linebreak-style
   80:1    [1m[31merror[39m[22m[1m  Expected linebreaks to be 'LF' but found 'CRLF'  linebreak-style
   81:15   [1m[31merror[39m[22m[1m  Expected linebreaks to be 'LF' but found 'CRLF'  linebreak-style
   82:13   [1m[31merror[39m[22m[1m  Expected linebreaks to be 'LF' but found 'CRLF'  linebreak-style
   83:10   [1m[31merror[39m[22m[1m  Expected linebreaks to be 'LF' but found 'CRLF'  linebreak-style
   84:21   [1m[31merror[39m[22m[1m  Expected linebreaks to be 'LF' but found 'CRLF'  linebreak-style
   85:16   [1m[31merror[39m[22m[1m  Expected linebreaks to be 'LF' but found 'CRLF'  linebreak-style
   86:41   [1m[31merror[39m[22m[1m  Expected linebreaks to be 'LF' but found 'CRLF'  linebreak-style
   87:11   [1m[31merror[39m[22m[1m  Expected linebreaks to be 'LF' but found 'CRLF'  linebreak-style
   88:7    [1m[31merror[39m[22m[1m  Expected linebreaks to be 'LF' but found 'CRLF'  linebreak-style
   89:4    [1m[31merror[39m[22m[1m  Expected linebreaks to be 'LF' but found 'CRLF'  linebreak-style
   90:1    [1m[31merror[39m[22m[1m  Expected linebreaks to be 'LF' but found 'CRLF'  linebreak-style
   91:27   [1m[31merror[39m[22m[1m  Expected linebreaks to be 'LF' but found 'CRLF'  linebreak-style
   92:13   [1m[31merror[39m[22m[1m  Expected linebreaks to be 'LF' but found 'CRLF'  linebreak-style
   93:9    [1m[31merror[39m[22m[1m  Expected linebreaks to be 'LF' but found 'CRLF'  linebreak-style
   94:12   [1m[31merror[39m[22m[1m  Expected linebreaks to be 'LF' but found 'CRLF'  linebreak-style
   95:22   [1m[31merror[39m[22m[1m  Expected linebreaks to be 'LF' but found 'CRLF'  linebreak-style
   96:13   [1m[31merror[39m[22m[1m  Expected linebreaks to be 'LF' but found 'CRLF'  linebreak-style
   97:15   [1m[31merror[39m[22m[1m  Expected linebreaks to be 'LF' but found 'CRLF'  linebreak-style
   98:22   [1m[31merror[39m[22m[1m  Expected linebreaks to be 'LF' but found 'CRLF'  linebreak-style
   99:22   [1m[31merror[39m[22m[1m  Expected linebreaks to be 'LF' but found 'CRLF'  linebreak-style
  100:29   [1m[31merror[39m[22m[1m  Expected linebreaks to be 'LF' but found 'CRLF'  linebreak-style
  101:36   [1m[31merror[39m[22m[1m  Expected linebreaks to be 'LF' but found 'CRLF'  linebreak-style
  102:29   [1m[31merror[39m[22m[1m  Expected linebreaks to be 'LF' but found 'CRLF'  linebreak-style
  103:44   [1m[31merror[39m[22m[1m  Expected linebreaks to be 'LF' but found 'CRLF'  linebreak-style
  104:35   [1m[31merror[39m[22m[1m  Expected linebreaks to be 'LF' but found 'CRLF'  linebreak-style
  105:11   [1m[31merror[39m[22m[1m  Expected linebreaks to be 'LF' but found 'CRLF'  linebreak-style
  106:10   [1m[31merror[39m[22m[1m  Expected linebreaks to be 'LF' but found 'CRLF'  linebreak-style
  107:7    [1m[31merror[39m[22m[1m  Expected linebreaks to be 'LF' but found 'CRLF'  linebreak-style
  108:4    [1m[31merror[39m[22m[1m  Expected linebreaks to be 'LF' but found 'CRLF'  linebreak-style
  109:1    [1m[31merror[39m[22m[1m  Expected linebreaks to be 'LF' but found 'CRLF'  linebreak-style
  110:44   [1m[31merror[39m[22m[1m  Expected linebreaks to be 'LF' but found 'CRLF'  linebreak-style
  111:42   [1m[31merror[39m[22m[1m  Expected linebreaks to be 'LF' but found 'CRLF'  linebreak-style
  112:27   [1m[31merror[39m[22m[1m  Expected linebreaks to be 'LF' but found 'CRLF'  linebreak-style
  113:31   [1m[31merror[39m[22m[1m  Expected linebreaks to be 'LF' but found 'CRLF'  linebreak-style
  114:35   [1m[31merror[39m[22m[1m  Expected linebreaks to be 'LF' but found 'CRLF'  linebreak-style
  115:8    [1m[31merror[39m[22m[1m  Expected linebreaks to be 'LF' but found 'CRLF'  linebreak-style
  116:23   [1m[31merror[39m[22m[1m  Expected linebreaks to be 'LF' but found 'CRLF'  linebreak-style
  117:6    [1m[31merror[39m[22m[1m  Expected linebreaks to be 'LF' but found 'CRLF'  linebreak-style
  118:1    [1m[31merror[39m[22m[1m  Expected linebreaks to be 'LF' but found 'CRLF'  linebreak-style
  119:11   [1m[31merror[39m[22m[1m  Expected linebreaks to be 'LF' but found 'CRLF'  linebreak-style
  120:7    [1m[31merror[39m[22m[1m  Expected linebreaks to be 'LF' but found 'CRLF'  linebreak-style
  121:35   [1m[31merror[39m[22m[1m  Expected linebreaks to be 'LF' but found 'CRLF'  linebreak-style
  122:15   [1m[31merror[39m[22m[1m  Expected linebreaks to be 'LF' but found 'CRLF'  linebreak-style
  123:22   [1m[31merror[39m[22m[1m  Expected linebreaks to be 'LF' but found 'CRLF'  linebreak-style
  124:22   [1m[31merror[39m[22m[1m  Expected linebreaks to be 'LF' but found 'CRLF'  linebreak-style
  125:29   [1m[31merror[39m[22m[1m  Expected linebreaks to be 'LF' but found 'CRLF'  linebreak-style
  126:36   [1m[31merror[39m[22m[1m  Expected linebreaks to be 'LF' but found 'CRLF'  linebreak-style
  127:29   [1m[31merror[39m[22m[1m  Expected linebreaks to be 'LF' but found 'CRLF'  linebreak-style
  128:44   [1m[31merror[39m[22m[1m  Expected linebreaks to be 'LF' but found 'CRLF'  linebreak-style
  129:35   [1m[31merror[39m[22m[1m  Expected linebreaks to be 'LF' but found 'CRLF'  linebreak-style
  130:11   [1m[31merror[39m[22m[1m  Expected linebreaks to be 'LF' but found 'CRLF'  linebreak-style
  131:56   [1m[31merror[39m[22m[1m  Expected linebreaks to be 'LF' but found 'CRLF'  linebreak-style
  132:13   [1m[31merror[39m[22m[1m  Expected linebreaks to be 'LF' but found 'CRLF'  linebreak-style
  133:44   [1m[31merror[39m[22m[1m  Expected linebreaks to be 'LF' but found 'CRLF'  linebreak-style
  134:16   [1m[31merror[39m[22m[1m  Expected linebreaks to be 'LF' but found 'CRLF'  linebreak-style
  135:15   [1m[31merror[39m[22m[1m  Expected linebreaks to be 'LF' but found 'CRLF'  linebreak-style
  136:39   [1m[31merror[39m[22m[1m  Expected linebreaks to be 'LF' but found 'CRLF'  linebreak-style
  137:18   [1m[31merror[39m[22m[1m  Expected linebreaks to be 'LF' but found 'CRLF'  linebreak-style
  138:29   [1m[31merror[39m[22m[1m  Expected linebreaks to be 'LF' but found 'CRLF'  linebreak-style
  139:50   [1m[31merror[39m[22m[1m  Expected linebreaks to be 'LF' but found 'CRLF'  linebreak-style
  140:69   [1m[31merror[39m[22m[1m  Expected linebreaks to be 'LF' but found 'CRLF'  linebreak-style
  141:16   [1m[31merror[39m[22m[1m  Expected linebreaks to be 'LF' but found 'CRLF'  linebreak-style
  142:39   [1m[31merror[39m[22m[1m  Expected linebreaks to be 'LF' but found 'CRLF'  linebreak-style
  143:49   [1m[31merror[39m[22m[1m  Expected linebreaks to be 'LF' but found 'CRLF'  linebreak-style
  144:22   [1m[31merror[39m[22m[1m  Expected linebreaks to be 'LF' but found 'CRLF'  linebreak-style
  145:72   [1m[31merror[39m[22m[1m  Expected linebreaks to be 'LF' but found 'CRLF'  linebreak-style
  146:19   [1m[31merror[39m[22m[1m  Expected linebreaks to be 'LF' but found 'CRLF'  linebreak-style
  147:20   [1m[31merror[39m[22m[1m  Expected linebreaks to be 'LF' but found 'CRLF'  linebreak-style
  148:16   [1m[31merror[39m[22m[1m  Expected linebreaks to be 'LF' but found 'CRLF'  linebreak-style
  149:16   [1m[31merror[39m[22m[1m  Expected linebreaks to be 'LF' but found 'CRLF'  linebreak-style
  150:17   [1m[31merror[39m[22m[1m  Expected linebreaks to be 'LF' but found 'CRLF'  linebreak-style
  151:16   [1m[31merror[39m[22m[1m  Expected linebreaks to be 'LF' but found 'CRLF'  linebreak-style
  152:37   [1m[31merror[39m[22m[1m  Expected linebreaks to be 'LF' but found 'CRLF'  linebreak-style
  153:30   [1m[31merror[39m[22m[1m  Expected linebreaks to be 'LF' but found 'CRLF'  linebreak-style
  154:41   [1m[31merror[39m[22m[1m  Expected linebreaks to be 'LF' but found 'CRLF'  linebreak-style
  155:105  [1m[31merror[39m[22m[1m  Expected linebreaks to be 'LF' but found 'CRLF'  linebreak-style
  156:18   [1m[31merror[39m[22m[1m  Expected linebreaks to be 'LF' but found 'CRLF'  linebreak-style
  157:18   [1m[31merror[39m[22m[1m  Expected linebreaks to be 'LF' but found 'CRLF'  linebreak-style
  158:14   [1m[31merror[39m[22m[1m  Expected linebreaks to be 'LF' but found 'CRLF'  linebreak-style
  159:17   [1m[31merror[39m[22m[1m  Expected linebreaks to be 'LF' but found 'CRLF'  linebreak-style
  160:15   [1m[31merror[39m[22m[1m  Expected linebreaks to be 'LF' but found 'CRLF'  linebreak-style
  161:8    [1m[31merror[39m[22m[1m  Expected linebreaks to be 'LF' but found 'CRLF'  linebreak-style
  162:5    [1m[31merror[39m[22m[1m  Expected linebreaks to be 'LF' but found 'CRLF'  linebreak-style
  163:3    [1m[31merror[39m[22m[1m  Expected linebreaks to be 'LF' but found 'CRLF'  linebreak-style
  164:1    [1m[31merror[39m[22m[1m  Expected linebreaks to be 'LF' but found 'CRLF'  linebreak-style
  165:22   [1m[31merror[39m[22m[1m  Expected linebreaks to be 'LF' but found 'CRLF'  linebreak-style

C:\Users\blaha5\Downloads\da\reactkys\crmWAcv\src\components\statsByYears.jsx
    1:52  [1m[31merror[39m[22m[1m  Expected linebreaks to be 'LF' but found 'CRLF'  linebreak-style
    2:60  [1m[31merror[39m[22m[1m  Expected linebreaks to be 'LF' but found 'CRLF'  linebreak-style
    3:43  [1m[31merror[39m[22m[1m  Expected linebreaks to be 'LF' but found 'CRLF'  linebreak-style
    4:43  [1m[31merror[39m[22m[1m  Expected linebreaks to be 'LF' but found 'CRLF'  linebreak-style
    5:51  [1m[31merror[39m[22m[1m  Expected linebreaks to be 'LF' but found 'CRLF'  linebreak-style
    6:40  [1m[31merror[39m[22m[1m  Expected linebreaks to be 'LF' but found 'CRLF'  linebreak-style
    7:54  [1m[31merror[39m[22m[1m  Expected linebreaks to be 'LF' but found 'CRLF'  linebreak-style
    8:1   [1m[31merror[39m[22m[1m  Expected linebreaks to be 'LF' but found 'CRLF'  linebreak-style
    9:29  [1m[31merror[39m[22m[1m  Expected linebreaks to be 'LF' but found 'CRLF'  linebreak-style
   10:31  [1m[31merror[39m[22m[1m  Expected linebreaks to be 'LF' but found 'CRLF'  linebreak-style
   11:38  [1m[31merror[39m[22m[1m  Expected linebreaks to be 'LF' but found 'CRLF'  linebreak-style
   12:55  [1m[31merror[39m[22m[1m  Expected linebreaks to be 'LF' but found 'CRLF'  linebreak-style
   13:40  [1m[31merror[39m[22m[1m  Expected linebreaks to be 'LF' but found 'CRLF'  linebreak-style
   14:34  [1m[31merror[39m[22m[1m  Expected linebreaks to be 'LF' but found 'CRLF'  linebreak-style
   15:12  [1m[31merror[39m[22m[1m  Expected linebreaks to be 'LF' but found 'CRLF'  linebreak-style
   16:40  [1m[31merror[39m[22m[1m  Expected linebreaks to be 'LF' but found 'CRLF'  linebreak-style
   17:14  [1m[31merror[39m[22m[1m  Expected linebreaks to be 'LF' but found 'CRLF'  linebreak-style
   18:13  [1m[31merror[39m[22m[1m  Expected linebreaks to be 'LF' but found 'CRLF'  linebreak-style
   19:25  [1m[31merror[39m[22m[1m  Expected linebreaks to be 'LF' but found 'CRLF'  linebreak-style
   20:26  [1m[31merror[39m[22m[1m  Expected linebreaks to be 'LF' but found 'CRLF'  linebreak-style
   21:25  [1m[31merror[39m[22m[1m  Expected linebreaks to be 'LF' but found 'CRLF'  linebreak-style
   22:14  [1m[31merror[39m[22m[1m  Expected linebreaks to be 'LF' but found 'CRLF'  linebreak-style
   23:15  [1m[31merror[39m[22m[1m  Expected linebreaks to be 'LF' but found 'CRLF'  linebreak-style
   24:14  [1m[31merror[39m[22m[1m  Expected linebreaks to be 'LF' but found 'CRLF'  linebreak-style
   25:30  [1m[31merror[39m[22m[1m  Expected linebreaks to be 'LF' but found 'CRLF'  linebreak-style
   26:34  [1m[31merror[39m[22m[1m  Expected linebreaks to be 'LF' but found 'CRLF'  linebreak-style
   27:38  [1m[31merror[39m[22m[1m  Expected linebreaks to be 'LF' but found 'CRLF'  linebreak-style
   28:35  [1m[31merror[39m[22m[1m  Expected linebreaks to be 'LF' but found 'CRLF'  linebreak-style
   29:34  [1m[31merror[39m[22m[1m  Expected linebreaks to be 'LF' but found 'CRLF'  linebreak-style
   30:16  [1m[31merror[39m[22m[1m  Expected linebreaks to be 'LF' but found 'CRLF'  linebreak-style
   31:12  [1m[31merror[39m[22m[1m  Expected linebreaks to be 'LF' but found 'CRLF'  linebreak-style
   32:15  [1m[31merror[39m[22m[1m  Expected linebreaks to be 'LF' but found 'CRLF'  linebreak-style
   33:14  [1m[31merror[39m[22m[1m  Expected linebreaks to be 'LF' but found 'CRLF'  linebreak-style
   34:13  [1m[31merror[39m[22m[1m  Expected linebreaks to be 'LF' but found 'CRLF'  linebreak-style
   35:30  [1m[31merror[39m[22m[1m  Expected linebreaks to be 'LF' but found 'CRLF'  linebreak-style
   36:20  [1m[31merror[39m[22m[1m  Expected linebreaks to be 'LF' but found 'CRLF'  linebreak-style
   37:28  [1m[31merror[39m[22m[1m  Expected linebreaks to be 'LF' but found 'CRLF'  linebreak-style
   38:31  [1m[31merror[39m[22m[1m  Expected linebreaks to be 'LF' but found 'CRLF'  linebreak-style
   39:47  [1m[31merror[39m[22m[1m  Expected linebreaks to be 'LF' but found 'CRLF'  linebreak-style
   40:81  [1m[31merror[39m[22m[1m  Expected linebreaks to be 'LF' but found 'CRLF'  linebreak-style
   41:19  [1m[31merror[39m[22m[1m  Expected linebreaks to be 'LF' but found 'CRLF'  linebreak-style
   42:57  [1m[31merror[39m[22m[1m  Expected linebreaks to be 'LF' but found 'CRLF'  linebreak-style
   43:17  [1m[31merror[39m[22m[1m  Expected linebreaks to be 'LF' but found 'CRLF'  linebreak-style
   44:14  [1m[31merror[39m[22m[1m  Expected linebreaks to be 'LF' but found 'CRLF'  linebreak-style
   45:36  [1m[31merror[39m[22m[1m  Expected linebreaks to be 'LF' but found 'CRLF'  linebreak-style
   46:22  [1m[31merror[39m[22m[1m  Expected linebreaks to be 'LF' but found 'CRLF'  linebreak-style
   47:16  [1m[31merror[39m[22m[1m  Expected linebreaks to be 'LF' but found 'CRLF'  linebreak-style
   48:14  [1m[31merror[39m[22m[1m  Expected linebreaks to be 'LF' but found 'CRLF'  linebreak-style
   49:15  [1m[31merror[39m[22m[1m  Expected linebreaks to be 'LF' but found 'CRLF'  linebreak-style
   50:13  [1m[31merror[39m[22m[1m  Expected linebreaks to be 'LF' but found 'CRLF'  linebreak-style
   51:5   [1m[31merror[39m[22m[1m  Expected linebreaks to be 'LF' but found 'CRLF'  linebreak-style
   52:35  [1m[31merror[39m[22m[1m  Expected linebreaks to be 'LF' but found 'CRLF'  linebreak-style
   53:12  [1m[31merror[39m[22m[1m  Expected linebreaks to be 'LF' but found 'CRLF'  linebreak-style
   54:43  [1m[31merror[39m[22m[1m  Expected linebreaks to be 'LF' but found 'CRLF'  linebreak-style
   55:14  [1m[31merror[39m[22m[1m  Expected linebreaks to be 'LF' but found 'CRLF'  linebreak-style
   56:13  [1m[31merror[39m[22m[1m  Expected linebreaks to be 'LF' but found 'CRLF'  linebreak-style
   57:25  [1m[31merror[39m[22m[1m  Expected linebreaks to be 'LF' but found 'CRLF'  linebreak-style
   58:27  [1m[31merror[39m[22m[1m  Expected linebreaks to be 'LF' but found 'CRLF'  linebreak-style
   59:27  [1m[31merror[39m[22m[1m  Expected linebreaks to be 'LF' but found 'CRLF'  linebreak-style
   60:27  [1m[31merror[39m[22m[1m  Expected linebreaks to be 'LF' but found 'CRLF'  linebreak-style
   61:29  [1m[31merror[39m[22m[1m  Expected linebreaks to be 'LF' but found 'CRLF'  linebreak-style
   62:29  [1m[31merror[39m[22m[1m  Expected linebreaks to be 'LF' but found 'CRLF'  linebreak-style
   63:29  [1m[31merror[39m[22m[1m  Expected linebreaks to be 'LF' but found 'CRLF'  linebreak-style
   64:24  [1m[31merror[39m[22m[1m  Expected linebreaks to be 'LF' but found 'CRLF'  linebreak-style
   65:26  [1m[31merror[39m[22m[1m  Expected linebreaks to be 'LF' but found 'CRLF'  linebreak-style
   66:28  [1m[31merror[39m[22m[1m  Expected linebreaks to be 'LF' but found 'CRLF'  linebreak-style
   67:14  [1m[31merror[39m[22m[1m  Expected linebreaks to be 'LF' but found 'CRLF'  linebreak-style
   68:15  [1m[31merror[39m[22m[1m  Expected linebreaks to be 'LF' but found 'CRLF'  linebreak-style
   69:14  [1m[31merror[39m[22m[1m  Expected linebreaks to be 'LF' but found 'CRLF'  linebreak-style
   70:30  [1m[31merror[39m[22m[1m  Expected linebreaks to be 'LF' but found 'CRLF'  linebreak-style
   71:34  [1m[31merror[39m[22m[1m  Expected linebreaks to be 'LF' but found 'CRLF'  linebreak-style
   72:38  [1m[31merror[39m[22m[1m  Expected linebreaks to be 'LF' but found 'CRLF'  linebreak-style
   73:36  [1m[31merror[39m[22m[1m  Expected linebreaks to be 'LF' but found 'CRLF'  linebreak-style
   74:36  [1m[31merror[39m[22m[1m  Expected linebreaks to be 'LF' but found 'CRLF'  linebreak-style
   75:36  [1m[31merror[39m[22m[1m  Expected linebreaks to be 'LF' but found 'CRLF'  linebreak-style
   76:38  [1m[31merror[39m[22m[1m  Expected linebreaks to be 'LF' but found 'CRLF'  linebreak-style
   77:38  [1m[31merror[39m[22m[1m  Expected linebreaks to be 'LF' but found 'CRLF'  linebreak-style
   78:38  [1m[31merror[39m[22m[1m  Expected linebreaks to be 'LF' but found 'CRLF'  linebreak-style
   79:33  [1m[31merror[39m[22m[1m  Expected linebreaks to be 'LF' but found 'CRLF'  linebreak-style
   80:34  [1m[31merror[39m[22m[1m  Expected linebreaks to be 'LF' but found 'CRLF'  linebreak-style
   81:33  [1m[31merror[39m[22m[1m  Expected linebreaks to be 'LF' but found 'CRLF'  linebreak-style
   82:16  [1m[31merror[39m[22m[1m  Expected linebreaks to be 'LF' but found 'CRLF'  linebreak-style
   83:12  [1m[31merror[39m[22m[1m  Expected linebreaks to be 'LF' but found 'CRLF'  linebreak-style
   84:15  [1m[31merror[39m[22m[1m  Expected linebreaks to be 'LF' but found 'CRLF'  linebreak-style
   85:14  [1m[31merror[39m[22m[1m  Expected linebreaks to be 'LF' but found 'CRLF'  linebreak-style
   86:13  [1m[31merror[39m[22m[1m  Expected linebreaks to be 'LF' but found 'CRLF'  linebreak-style
   87:18  [1m[31merror[39m[22m[1m  Expected linebreaks to be 'LF' but found 'CRLF'  linebreak-style
   88:26  [1m[31merror[39m[22m[1m  Expected linebreaks to be 'LF' but found 'CRLF'  linebreak-style
   89:29  [1m[31merror[39m[22m[1m  Expected linebreaks to be 'LF' but found 'CRLF'  linebreak-style
   90:37  [1m[31merror[39m[22m[1m  Expected linebreaks to be 'LF' but found 'CRLF'  linebreak-style
   91:47  [1m[31merror[39m[22m[1m  Expected linebreaks to be 'LF' but found 'CRLF'  linebreak-style
   92:33  [1m[31merror[39m[22m[1m  Expected linebreaks to be 'LF' but found 'CRLF'  linebreak-style
   93:29  [1m[31merror[39m[22m[1m  Expected linebreaks to be 'LF' but found 'CRLF'  linebreak-style
   94:1   [1m[31merror[39m[22m[1m  Expected linebreaks to be 'LF' but found 'CRLF'  linebreak-style
   95:56  [1m[31merror[39m[22m[1m  Expected linebreaks to be 'LF' but found 'CRLF'  linebreak-style
   96:55  [1m[31merror[39m[22m[1m  Expected linebreaks to be 'LF' but found 'CRLF'  linebreak-style
   97:15  [1m[31merror[39m[22m[1m  Expected linebreaks to be 'LF' but found 'CRLF'  linebreak-style
   98:12  [1m[31merror[39m[22m[1m  Expected linebreaks to be 'LF' but found 'CRLF'  linebreak-style
   99:34  [1m[31merror[39m[22m[1m  Expected linebreaks to be 'LF' but found 'CRLF'  linebreak-style
  100:20  [1m[31merror[39m[22m[1m  Expected linebreaks to be 'LF' but found 'CRLF'  linebreak-style
  101:14  [1m[31merror[39m[22m[1m  Expected linebreaks to be 'LF' but found 'CRLF'  linebreak-style
  102:15  [1m[31merror[39m[22m[1m  Expected linebreaks to be 'LF' but found 'CRLF'  linebreak-style
  103:13  [1m[31merror[39m[22m[1m  Expected linebreaks to be 'LF' but found 'CRLF'  linebreak-style
  104:5   [1m[31merror[39m[22m[1m  Expected linebreaks to be 'LF' but found 'CRLF'  linebreak-style
  105:35  [1m[31merror[39m[22m[1m  Expected linebreaks to be 'LF' but found 'CRLF'  linebreak-style
  106:12  [1m[31merror[39m[22m[1m  Expected linebreaks to be 'LF' but found 'CRLF'  linebreak-style
  107:69  [1m[31merror[39m[22m[1m  Expected linebreaks to be 'LF' but found 'CRLF'  linebreak-style
  108:14  [1m[31merror[39m[22m[1m  Expected linebreaks to be 'LF' but found 'CRLF'  linebreak-style
  109:13  [1m[31merror[39m[22m[1m  Expected linebreaks to be 'LF' but found 'CRLF'  linebreak-style
  110:25  [1m[31merror[39m[22m[1m  Expected linebreaks to be 'LF' but found 'CRLF'  linebreak-style
  111:23  [1m[31merror[39m[22m[1m  Expected linebreaks to be 'LF' but found 'CRLF'  linebreak-style
  112:25  [1m[31merror[39m[22m[1m  Expected linebreaks to be 'LF' but found 'CRLF'  linebreak-style
  113:1   [1m[31merror[39m[22m[1m  Expected linebreaks to be 'LF' but found 'CRLF'  linebreak-style
  114:14  [1m[31merror[39m[22m[1m  Expected linebreaks to be 'LF' but found 'CRLF'  linebreak-style
  115:15  [1m[31merror[39m[22m[1m  Expected linebreaks to be 'LF' but found 'CRLF'  linebreak-style
  116:14  [1m[31merror[39m[22m[1m  Expected linebreaks to be 'LF' but found 'CRLF'  linebreak-style
  117:30  [1m[31merror[39m[22m[1m  Expected linebreaks to be 'LF' but found 'CRLF'  linebreak-style
  118:34  [1m[31merror[39m[22m[1m  Expected linebreaks to be 'LF' but found 'CRLF'  linebreak-style
  119:38  [1m[31merror[39m[22m[1m  Expected linebreaks to be 'LF' but found 'CRLF'  linebreak-style
  120:32  [1m[31merror[39m[22m[1m  Expected linebreaks to be 'LF' but found 'CRLF'  linebreak-style
  121:74  [1m[31merror[39m[22m[1m  Expected linebreaks to be 'LF' but found 'CRLF'  linebreak-style
  122:16  [1m[31merror[39m[22m[1m  Expected linebreaks to be 'LF' but found 'CRLF'  linebreak-style
  123:12  [1m[31merror[39m[22m[1m  Expected linebreaks to be 'LF' but found 'CRLF'  linebreak-style
  124:15  [1m[31merror[39m[22m[1m  Expected linebreaks to be 'LF' but found 'CRLF'  linebreak-style
  125:14  [1m[31merror[39m[22m[1m  Expected linebreaks to be 'LF' but found 'CRLF'  linebreak-style
  126:13  [1m[31merror[39m[22m[1m  Expected linebreaks to be 'LF' but found 'CRLF'  linebreak-style
  127:18  [1m[31merror[39m[22m[1m  Expected linebreaks to be 'LF' but found 'CRLF'  linebreak-style
  128:26  [1m[31merror[39m[22m[1m  Expected linebreaks to be 'LF' but found 'CRLF'  linebreak-style
  129:29  [1m[31merror[39m[22m[1m  Expected linebreaks to be 'LF' but found 'CRLF'  linebreak-style
  130:37  [1m[31merror[39m[22m[1m  Expected linebreaks to be 'LF' but found 'CRLF'  linebreak-style
  131:47  [1m[31merror[39m[22m[1m  Expected linebreaks to be 'LF' but found 'CRLF'  linebreak-style
  132:33  [1m[31merror[39m[22m[1m  Expected linebreaks to be 'LF' but found 'CRLF'  linebreak-style
  133:29  [1m[31merror[39m[22m[1m  Expected linebreaks to be 'LF' but found 'CRLF'  linebreak-style
  134:1   [1m[31merror[39m[22m[1m  Expected linebreaks to be 'LF' but found 'CRLF'  linebreak-style
  135:56  [1m[31merror[39m[22m[1m  Expected linebreaks to be 'LF' but found 'CRLF'  linebreak-style
  136:55  [1m[31merror[39m[22m[1m  Expected linebreaks to be 'LF' but found 'CRLF'  linebreak-style
  137:15  [1m[31merror[39m[22m[1m  Expected linebreaks to be 'LF' but found 'CRLF'  linebreak-style
  138:12  [1m[31merror[39m[22m[1m  Expected linebreaks to be 'LF' but found 'CRLF'  linebreak-style
  139:34  [1m[31merror[39m[22m[1m  Expected linebreaks to be 'LF' but found 'CRLF'  linebreak-style
  140:20  [1m[31merror[39m[22m[1m  Expected linebreaks to be 'LF' but found 'CRLF'  linebreak-style
  141:14  [1m[31merror[39m[22m[1m  Expected linebreaks to be 'LF' but found 'CRLF'  linebreak-style
  142:15  [1m[31merror[39m[22m[1m  Expected linebreaks to be 'LF' but found 'CRLF'  linebreak-style
  143:13  [1m[31merror[39m[22m[1m  Expected linebreaks to be 'LF' but found 'CRLF'  linebreak-style
  144:5   [1m[31merror[39m[22m[1m  Expected linebreaks to be 'LF' but found 'CRLF'  linebreak-style
  145:35  [1m[31merror[39m[22m[1m  Expected linebreaks to be 'LF' but found 'CRLF'  linebreak-style
  146:12  [1m[31merror[39m[22m[1m  Expected linebreaks to be 'LF' but found 'CRLF'  linebreak-style
  147:39  [1m[31merror[39m[22m[1m  Expected linebreaks to be 'LF' but found 'CRLF'  linebreak-style
  148:14  [1m[31merror[39m[22m[1m  Expected linebreaks to be 'LF' but found 'CRLF'  linebreak-style
  149:13  [1m[31merror[39m[22m[1m  Expected linebreaks to be 'LF' but found 'CRLF'  linebreak-style
  150:25  [1m[31merror[39m[22m[1m  Expected linebreaks to be 'LF' but found 'CRLF'  linebreak-style
  151:25  [1m[31merror[39m[22m[1m  Expected linebreaks to be 'LF' but found 'CRLF'  linebreak-style
  152:1   [1m[31merror[39m[22m[1m  Expected linebreaks to be 'LF' but found 'CRLF'  linebreak-style
  153:14  [1m[31merror[39m[22m[1m  Expected linebreaks to be 'LF' but found 'CRLF'  linebreak-style
  154:15  [1m[31merror[39m[22m[1m  Expected linebreaks to be 'LF' but found 'CRLF'  linebreak-style
  155:14  [1m[31merror[39m[22m[1m  Expected linebreaks to be 'LF' but found 'CRLF'  linebreak-style
  156:30  [1m[31merror[39m[22m[1m  Expected linebreaks to be 'LF' but found 'CRLF'  linebreak-style
  157:34  [1m[31merror[39m[22m[1m  Expected linebreaks to be 'LF' but found 'CRLF'  linebreak-style
  158:38  [1m[31merror[39m[22m[1m  Expected linebreaks to be 'LF' but found 'CRLF'  linebreak-style
  159:34  [1m[31merror[39m[22m[1m  Expected linebreaks to be 'LF' but found 'CRLF'  linebreak-style
  160:16  [1m[31merror[39m[22m[1m  Expected linebreaks to be 'LF' but found 'CRLF'  linebreak-style
  161:12  [1m[31merror[39m[22m[1m  Expected linebreaks to be 'LF' but found 'CRLF'  linebreak-style
  162:15  [1m[31merror[39m[22m[1m  Expected linebreaks to be 'LF' but found 'CRLF'  linebreak-style
  163:14  [1m[31merror[39m[22m[1m  Expected linebreaks to be 'LF' but found 'CRLF'  linebreak-style
  164:13  [1m[31merror[39m[22m[1m  Expected linebreaks to be 'LF' but found 'CRLF'  linebreak-style
  165:18  [1m[31merror[39m[22m[1m  Expected linebreaks to be 'LF' but found 'CRLF'  linebreak-style
  166:26  [1m[31merror[39m[22m[1m  Expected linebreaks to be 'LF' but found 'CRLF'  linebreak-style
  167:29  [1m[31merror[39m[22m[1m  Expected linebreaks to be 'LF' but found 'CRLF'  linebreak-style
  168:37  [1m[31merror[39m[22m[1m  Expected linebreaks to be 'LF' but found 'CRLF'  linebreak-style
  169:47  [1m[31merror[39m[22m[1m  Expected linebreaks to be 'LF' but found 'CRLF'  linebreak-style
  170:33  [1m[31merror[39m[22m[1m  Expected linebreaks to be 'LF' but found 'CRLF'  linebreak-style
  171:29  [1m[31merror[39m[22m[1m  Expected linebreaks to be 'LF' but found 'CRLF'  linebreak-style
  172:1   [1m[31merror[39m[22m[1m  Expected linebreaks to be 'LF' but found 'CRLF'  linebreak-style
  173:56  [1m[31merror[39m[22m[1m  Expected linebreaks to be 'LF' but found 'CRLF'  linebreak-style
  174:55  [1m[31merror[39m[22m[1m  Expected linebreaks to be 'LF' but found 'CRLF'  linebreak-style
  175:15  [1m[31merror[39m[22m[1m  Expected linebreaks to be 'LF' but found 'CRLF'  linebreak-style
  176:12  [1m[31merror[39m[22m[1m  Expected linebreaks to be 'LF' but found 'CRLF'  linebreak-style
  177:34  [1m[31merror[39m[22m[1m  Expected linebreaks to be 'LF' but found 'CRLF'  linebreak-style
  178:20  [1m[31merror[39m[22m[1m  Expected linebreaks to be 'LF' but found 'CRLF'  linebreak-style
  179:14  [1m[31merror[39m[22m[1m  Expected linebreaks to be 'LF' but found 'CRLF'  linebreak-style
  180:15  [1m[31merror[39m[22m[1m  Expected linebreaks to be 'LF' but found 'CRLF'  linebreak-style
  181:1   [1m[31merror[39m[22m[1m  Expected linebreaks to be 'LF' but found 'CRLF'  linebreak-style
  182:13  [1m[31merror[39m[22m[1m  Expected linebreaks to be 'LF' but found 'CRLF'  linebreak-style
  183:5   [1m[31merror[39m[22m[1m  Expected linebreaks to be 'LF' but found 'CRLF'  linebreak-style
  184:35  [1m[31merror[39m[22m[1m  Expected linebreaks to be 'LF' but found 'CRLF'  linebreak-style
  185:12  [1m[31merror[39m[22m[1m  Expected linebreaks to be 'LF' but found 'CRLF'  linebreak-style
  186:42  [1m[31merror[39m[22m[1m  Expected linebreaks to be 'LF' but found 'CRLF'  linebreak-style
  187:14  [1m[31merror[39m[22m[1m  Expected linebreaks to be 'LF' but found 'CRLF'  linebreak-style
  188:13  [1m[31merror[39m[22m[1m  Expected linebreaks to be 'LF' but found 'CRLF'  linebreak-style
  189:25  [1m[31merror[39m[22m[1m  Expected linebreaks to be 'LF' but found 'CRLF'  linebreak-style
  190:25  [1m[31merror[39m[22m[1m  Expected linebreaks to be 'LF' but found 'CRLF'  linebreak-style
  191:14  [1m[31merror[39m[22m[1m  Expected linebreaks to be 'LF' but found 'CRLF'  linebreak-style
  192:15  [1m[31merror[39m[22m[1m  Expected linebreaks to be 'LF' but found 'CRLF'  linebreak-style
  193:14  [1m[31merror[39m[22m[1m  Expected linebreaks to be 'LF' but found 'CRLF'  linebreak-style
  194:30  [1m[31merror[39m[22m[1m  Expected linebreaks to be 'LF' but found 'CRLF'  linebreak-style
  195:34  [1m[31merror[39m[22m[1m  Expected linebreaks to be 'LF' but found 'CRLF'  linebreak-style
  196:38  [1m[31merror[39m[22m[1m  Expected linebreaks to be 'LF' but found 'CRLF'  linebreak-style
  197:74  [1m[31merror[39m[22m[1m  Expected linebreaks to be 'LF' but found 'CRLF'  linebreak-style
  198:16  [1m[31merror[39m[22m[1m  Expected linebreaks to be 'LF' but found 'CRLF'  linebreak-style
  199:12  [1m[31merror[39m[22m[1m  Expected linebreaks to be 'LF' but found 'CRLF'  linebreak-style
  200:15  [1m[31merror[39m[22m[1m  Expected linebreaks to be 'LF' but found 'CRLF'  linebreak-style
  201:14  [1m[31merror[39m[22m[1m  Expected linebreaks to be 'LF' but found 'CRLF'  linebreak-style
  202:13  [1m[31merror[39m[22m[1m  Expected linebreaks to be 'LF' but found 'CRLF'  linebreak-style
  203:18  [1m[31merror[39m[22m[1m  Expected linebreaks to be 'LF' but found 'CRLF'  linebreak-style
  204:26  [1m[31merror[39m[22m[1m  Expected linebreaks to be 'LF' but found 'CRLF'  linebreak-style
  205:29  [1m[31merror[39m[22m[1m  Expected linebreaks to be 'LF' but found 'CRLF'  linebreak-style
  206:37  [1m[31merror[39m[22m[1m  Expected linebreaks to be 'LF' but found 'CRLF'  linebreak-style
  207:47  [1m[31merror[39m[22m[1m  Expected linebreaks to be 'LF' but found 'CRLF'  linebreak-style
  208:33  [1m[31merror[39m[22m[1m  Expected linebreaks to be 'LF' but found 'CRLF'  linebreak-style
  209:29  [1m[31merror[39m[22m[1m  Expected linebreaks to be 'LF' but found 'CRLF'  linebreak-style
  210:1   [1m[31merror[39m[22m[1m  Expected linebreaks to be 'LF' but found 'CRLF'  linebreak-style
  211:56  [1m[31merror[39m[22m[1m  Expected linebreaks to be 'LF' but found 'CRLF'  linebreak-style
  212:55  [1m[31merror[39m[22m[1m  Expected linebreaks to be 'LF' but found 'CRLF'  linebreak-style
  213:15  [1m[31merror[39m[22m[1m  Expected linebreaks to be 'LF' but found 'CRLF'  linebreak-style
  214:12  [1m[31merror[39m[22m[1m  Expected linebreaks to be 'LF' but found 'CRLF'  linebreak-style
  215:34  [1m[31merror[39m[22m[1m  Expected linebreaks to be 'LF' but found 'CRLF'  linebreak-style
  216:20  [1m[31merror[39m[22m[1m  Expected linebreaks to be 'LF' but found 'CRLF'  linebreak-style
  217:14  [1m[31merror[39m[22m[1m  Expected linebreaks to be 'LF' but found 'CRLF'  linebreak-style
  218:15  [1m[31merror[39m[22m[1m  Expected linebreaks to be 'LF' but found 'CRLF'  linebreak-style
  219:13  [1m[31merror[39m[22m[1m  Expected linebreaks to be 'LF' but found 'CRLF'  linebreak-style
  220:5   [1m[31merror[39m[22m[1m  Expected linebreaks to be 'LF' but found 'CRLF'  linebreak-style
  221:35  [1m[31merror[39m[22m[1m  Expected linebreaks to be 'LF' but found 'CRLF'  linebreak-style
  222:12  [1m[31merror[39m[22m[1m  Expected linebreaks to be 'LF' but found 'CRLF'  linebreak-style
  223:50  [1m[31merror[39m[22m[1m  Expected linebreaks to be 'LF' but found 'CRLF'  linebreak-style
  224:14  [1m[31merror[39m[22m[1m  Expected linebreaks to be 'LF' but found 'CRLF'  linebreak-style
  225:13  [1m[31merror[39m[22m[1m  Expected linebreaks to be 'LF' but found 'CRLF'  linebreak-style
  226:25  [1m[31merror[39m[22m[1m  Expected linebreaks to be 'LF' but found 'CRLF'  linebreak-style
  227:14  [1m[31merror[39m[22m[1m  Expected linebreaks to be 'LF' but found 'CRLF'  linebreak-style
  228:15  [1m[31merror[39m[22m[1m  Expected linebreaks to be 'LF' but found 'CRLF'  linebreak-style
  229:14  [1m[31merror[39m[22m[1m  Expected linebreaks to be 'LF' but found 'CRLF'  linebreak-style
  230:30  [1m[31merror[39m[22m[1m  Expected linebreaks to be 'LF' but found 'CRLF'  linebreak-style
  231:29  [1m[31merror[39m[22m[1m  Expected linebreaks to be 'LF' but found 'CRLF'  linebreak-style
  232:33  [1m[31merror[39m[22m[1m  Expected linebreaks to be 'LF' but found 'CRLF'  linebreak-style
  233:16  [1m[31merror[39m[22m[1m  Expected linebreaks to be 'LF' but found 'CRLF'  linebreak-style
  234:12  [1m[31merror[39m[22m[1m  Expected linebreaks to be 'LF' but found 'CRLF'  linebreak-style
  235:15  [1m[31merror[39m[22m[1m  Expected linebreaks to be 'LF' but found 'CRLF'  linebreak-style
  236:14  [1m[31merror[39m[22m[1m  Expected linebreaks to be 'LF' but found 'CRLF'  linebreak-style
  237:13  [1m[31merror[39m[22m[1m  Expected linebreaks to be 'LF' but found 'CRLF'  linebreak-style
  238:18  [1m[31merror[39m[22m[1m  Expected linebreaks to be 'LF' but found 'CRLF'  linebreak-style
  239:26  [1m[31merror[39m[22m[1m  Expected linebreaks to be 'LF' but found 'CRLF'  linebreak-style
  240:29  [1m[31merror[39m[22m[1m  Expected linebreaks to be 'LF' but found 'CRLF'  linebreak-style
  241:37  [1m[31merror[39m[22m[1m  Expected linebreaks to be 'LF' but found 'CRLF'  linebreak-style
  242:47  [1m[31merror[39m[22m[1m  Expected linebreaks to be 'LF' but found 'CRLF'  linebreak-style
  243:33  [1m[31merror[39m[22m[1m  Expected linebreaks to be 'LF' but found 'CRLF'  linebreak-style
  244:29  [1m[31merror[39m[22m[1m  Expected linebreaks to be 'LF' but found 'CRLF'  linebreak-style
  245:1   [1m[31merror[39m[22m[1m  Expected linebreaks to be 'LF' but found 'CRLF'  linebreak-style
  246:56  [1m[31merror[39m[22m[1m  Expected linebreaks to be 'LF' but found 'CRLF'  linebreak-style
  247:55  [1m[31merror[39m[22m[1m  Expected linebreaks to be 'LF' but found 'CRLF'  linebreak-style
  248:15  [1m[31merror[39m[22m[1m  Expected linebreaks to be 'LF' but found 'CRLF'  linebreak-style
  249:12  [1m[31merror[39m[22m[1m  Expected linebreaks to be 'LF' but found 'CRLF'  linebreak-style
  250:34  [1m[31merror[39m[22m[1m  Expected linebreaks to be 'LF' but found 'CRLF'  linebreak-style
  251:20  [1m[31merror[39m[22m[1m  Expected linebreaks to be 'LF' but found 'CRLF'  linebreak-style
  252:14  [1m[31merror[39m[22m[1m  Expected linebreaks to be 'LF' but found 'CRLF'  linebreak-style
  253:15  [1m[31merror[39m[22m[1m  Expected linebreaks to be 'LF' but found 'CRLF'  linebreak-style
  254:13  [1m[31merror[39m[22m[1m  Expected linebreaks to be 'LF' but found 'CRLF'  linebreak-style
  255:5   [1m[31merror[39m[22m[1m  Expected linebreaks to be 'LF' but found 'CRLF'  linebreak-style
  256:33  [1m[31merror[39m[22m[1m  Expected linebreaks to be 'LF' but found 'CRLF'  linebreak-style
  257:10  [1m[31merror[39m[22m[1m  Expected linebreaks to be 'LF' but found 'CRLF'  linebreak-style
  258:73  [1m[31merror[39m[22m[1m  Expected linebreaks to be 'LF' but found 'CRLF'  linebreak-style
  259:43  [1m[31merror[39m[22m[1m  Expected linebreaks to be 'LF' but found 'CRLF'  linebreak-style
  260:89  [1m[31merror[39m[22m[1m  Expected linebreaks to be 'LF' but found 'CRLF'  linebreak-style
  261:46  [1m[31merror[39m[22m[1m  Expected linebreaks to be 'LF' but found 'CRLF'  linebreak-style
  262:22  [1m[31merror[39m[22m[1m  Expected linebreaks to be 'LF' but found 'CRLF'  linebreak-style
  263:59  [1m[31merror[39m[22m[1m  Expected linebreaks to be 'LF' but found 'CRLF'  linebreak-style
  264:32  [1m[31merror[39m[22m[1m  Expected linebreaks to be 'LF' but found 'CRLF'  linebreak-style
  265:11  [1m[31merror[39m[22m[1m  Expected linebreaks to be 'LF' but found 'CRLF'  linebreak-style
  266:22  [1m[31merror[39m[22m[1m  Expected linebreaks to be 'LF' but found 'CRLF'  linebreak-style
  267:61  [1m[31merror[39m[22m[1m  Expected linebreaks to be 'LF' but found 'CRLF'  linebreak-style
  268:32  [1m[31merror[39m[22m[1m  Expected linebreaks to be 'LF' but found 'CRLF'  linebreak-style
  269:11  [1m[31merror[39m[22m[1m  Expected linebreaks to be 'LF' but found 'CRLF'  linebreak-style
  270:22  [1m[31merror[39m[22m[1m  Expected linebreaks to be 'LF' but found 'CRLF'  linebreak-style
  271:61  [1m[31merror[39m[22m[1m  Expected linebreaks to be 'LF' but found 'CRLF'  linebreak-style
  272:32  [1m[31merror[39m[22m[1m  Expected linebreaks to be 'LF' but found 'CRLF'  linebreak-style
  273:11  [1m[31merror[39m[22m[1m  Expected linebreaks to be 'LF' but found 'CRLF'  linebreak-style
  274:22  [1m[31merror[39m[22m[1m  Expected linebreaks to be 'LF' but found 'CRLF'  linebreak-style
  275:59  [1m[31merror[39m[22m[1m  Expected linebreaks to be 'LF' but found 'CRLF'  linebreak-style
  276:31  [1m[31merror[39m[22m[1m  Expected linebreaks to be 'LF' but found 'CRLF'  linebreak-style
  277:11  [1m[31merror[39m[22m[1m  Expected linebreaks to be 'LF' but found 'CRLF'  linebreak-style
  278:22  [1m[31merror[39m[22m[1m  Expected linebreaks to be 'LF' but found 'CRLF'  linebreak-style
  279:61  [1m[31merror[39m[22m[1m  Expected linebreaks to be 'LF' but found 'CRLF'  linebreak-style
  280:32  [1m[31merror[39m[22m[1m  Expected linebreaks to be 'LF' but found 'CRLF'  linebreak-style
  281:11  [1m[31merror[39m[22m[1m  Expected linebreaks to be 'LF' but found 'CRLF'  linebreak-style
  282:22  [1m[31merror[39m[22m[1m  Expected linebreaks to be 'LF' but found 'CRLF'  linebreak-style
  283:67  [1m[31merror[39m[22m[1m  Expected linebreaks to be 'LF' but found 'CRLF'  linebreak-style
  284:32  [1m[31merror[39m[22m[1m  Expected linebreaks to be 'LF' but found 'CRLF'  linebreak-style
  285:11  [1m[31merror[39m[22m[1m  Expected linebreaks to be 'LF' but found 'CRLF'  linebreak-style
  286:13  [1m[31merror[39m[22m[1m  Expected linebreaks to be 'LF' but found 'CRLF'  linebreak-style
  287:11  [1m[31merror[39m[22m[1m  Expected linebreaks to be 'LF' but found 'CRLF'  linebreak-style
  288:5   [1m[31merror[39m[22m[1m  Expected linebreaks to be 'LF' but found 'CRLF'  linebreak-style
  289:1   [1m[31merror[39m[22m[1m  Expected linebreaks to be 'LF' but found 'CRLF'  linebreak-style
  290:20  [1m[31merror[39m[22m[1m  Expected linebreaks to be 'LF' but found 'CRLF'  linebreak-style
  291:22  [1m[31merror[39m[22m[1m  Expected linebreaks to be 'LF' but found 'CRLF'  linebreak-style
  292:27  [1m[31merror[39m[22m[1m  Expected linebreaks to be 'LF' but found 'CRLF'  linebreak-style
  293:1   [1m[31merror[39m[22m[1m  Expected linebreaks to be 'LF' but found 'CRLF'  linebreak-style
  294:11  [1m[31merror[39m[22m[1m  Expected linebreaks to be 'LF' but found 'CRLF'  linebreak-style
  295:10  [1m[31merror[39m[22m[1m  Expected linebreaks to be 'LF' but found 'CRLF'  linebreak-style
  296:25  [1m[31merror[39m[22m[1m  Expected linebreaks to be 'LF' but found 'CRLF'  linebreak-style
  297:11  [1m[31merror[39m[22m[1m  Expected linebreaks to be 'LF' but found 'CRLF'  linebreak-style
  298:5   [1m[31merror[39m[22m[1m  Expected linebreaks to be 'LF' but found 'CRLF'  linebreak-style
  299:3   [1m[31merror[39m[22m[1m  Expected linebreaks to be 'LF' but found 'CRLF'  linebreak-style
  300:1   [1m[31merror[39m[22m[1m  Expected linebreaks to be 'LF' but found 'CRLF'  linebreak-style
  301:29  [1m[31merror[39m[22m[1m  Expected linebreaks to be 'LF' but found 'CRLF'  linebreak-style

C:\Users\blaha5\Downloads\da\reactkys\crmWAcv\src\components\statsInvitations.jsx
    1:59   [1m[31merror[39m[22m[1m  Expected linebreaks to be 'LF' but found 'CRLF'  linebreak-style
    2:27   [1m[31merror[39m[22m[1m  Expected linebreaks to be 'LF' but found 'CRLF'  linebreak-style
    3:52   [1m[31merror[39m[22m[1m  Expected linebreaks to be 'LF' but found 'CRLF'  linebreak-style
    4:40   [1m[31merror[39m[22m[1m  Expected linebreaks to be 'LF' but found 'CRLF'  linebreak-style
    5:1    [1m[31merror[39m[22m[1m  Expected linebreaks to be 'LF' but found 'CRLF'  linebreak-style
    6:33   [1m[31merror[39m[22m[1m  Expected linebreaks to be 'LF' but found 'CRLF'  linebreak-style
    7:40   [1m[31merror[39m[22m[1m  Expected linebreaks to be 'LF' but found 'CRLF'  linebreak-style
    8:48   [1m[31merror[39m[22m[1m  Expected linebreaks to be 'LF' but found 'CRLF'  linebreak-style
    9:48   [1m[31merror[39m[22m[1m  Expected linebreaks to be 'LF' but found 'CRLF'  linebreak-style
   10:44   [1m[31merror[39m[22m[1m  Expected linebreaks to be 'LF' but found 'CRLF'  linebreak-style
   11:36   [1m[31merror[39m[22m[1m  Expected linebreaks to be 'LF' but found 'CRLF'  linebreak-style
   12:52   [1m[31merror[39m[22m[1m  Expected linebreaks to be 'LF' but found 'CRLF'  linebreak-style
   13:1    [1m[31merror[39m[22m[1m  Expected linebreaks to be 'LF' but found 'CRLF'  linebreak-style
   14:58   [1m[31merror[39m[22m[1m  Expected linebreaks to be 'LF' but found 'CRLF'  linebreak-style
   15:34   [1m[31merror[39m[22m[1m  Expected linebreaks to be 'LF' but found 'CRLF'  linebreak-style
   16:10   [1m[31merror[39m[22m[1m  Expected linebreaks to be 'LF' but found 'CRLF'  linebreak-style
   17:70   [1m[31merror[39m[22m[1m  Expected linebreaks to be 'LF' but found 'CRLF'  linebreak-style
   18:30   [1m[31merror[39m[22m[1m  Expected linebreaks to be 'LF' but found 'CRLF'  linebreak-style
   19:34   [1m[31merror[39m[22m[1m  Expected linebreaks to be 'LF' but found 'CRLF'  linebreak-style
   20:20   [1m[31merror[39m[22m[1m  Expected linebreaks to be 'LF' but found 'CRLF'  linebreak-style
   21:29   [1m[31merror[39m[22m[1m  Expected linebreaks to be 'LF' but found 'CRLF'  linebreak-style
   22:16   [1m[31merror[39m[22m[1m  Expected linebreaks to be 'LF' but found 'CRLF'  linebreak-style
   23:25   [1m[31merror[39m[22m[1m  Expected linebreaks to be 'LF' but found 'CRLF'  linebreak-style
   24:6    [1m[31merror[39m[22m[1m  Expected linebreaks to be 'LF' but found 'CRLF'  linebreak-style
   25:5    [1m[31merror[39m[22m[1m  Expected linebreaks to be 'LF' but found 'CRLF'  linebreak-style
   26:1    [1m[31merror[39m[22m[1m  Expected linebreaks to be 'LF' but found 'CRLF'  linebreak-style
   27:20   [1m[31merror[39m[22m[1m  Expected linebreaks to be 'LF' but found 'CRLF'  linebreak-style
   28:17   [1m[31merror[39m[22m[1m  Expected linebreaks to be 'LF' but found 'CRLF'  linebreak-style
   29:10   [1m[31merror[39m[22m[1m  Expected linebreaks to be 'LF' but found 'CRLF'  linebreak-style
   30:1    [1m[31merror[39m[22m[1m  Expected linebreaks to be 'LF' but found 'CRLF'  linebreak-style
   31:36   [1m[31merror[39m[22m[1m  Expected linebreaks to be 'LF' but found 'CRLF'  linebreak-style
   32:36   [1m[31merror[39m[22m[1m  Expected linebreaks to be 'LF' but found 'CRLF'  linebreak-style
   33:26   [1m[31merror[39m[22m[1m  Expected linebreaks to be 'LF' but found 'CRLF'  linebreak-style
   34:32   [1m[31merror[39m[22m[1m  Expected linebreaks to be 'LF' but found 'CRLF'  linebreak-style
   35:38   [1m[31merror[39m[22m[1m  Expected linebreaks to be 'LF' but found 'CRLF'  linebreak-style
   36:25   [1m[31merror[39m[22m[1m  Expected linebreaks to be 'LF' but found 'CRLF'  linebreak-style
   37:6    [1m[31merror[39m[22m[1m  Expected linebreaks to be 'LF' but found 'CRLF'  linebreak-style
   38:60   [1m[31merror[39m[22m[1m  Expected linebreaks to be 'LF' but found 'CRLF'  linebreak-style
   39:25   [1m[31merror[39m[22m[1m  Expected linebreaks to be 'LF' but found 'CRLF'  linebreak-style
   40:13   [1m[31merror[39m[22m[1m  Expected linebreaks to be 'LF' but found 'CRLF'  linebreak-style
   41:100  [1m[31merror[39m[22m[1m  Expected linebreaks to be 'LF' but found 'CRLF'  linebreak-style
   42:54   [1m[31merror[39m[22m[1m  Expected linebreaks to be 'LF' but found 'CRLF'  linebreak-style
   43:127  [1m[31merror[39m[22m[1m  Expected linebreaks to be 'LF' but found 'CRLF'  linebreak-style
   44:51   [1m[31merror[39m[22m[1m  Expected linebreaks to be 'LF' but found 'CRLF'  linebreak-style
   45:10   [1m[31merror[39m[22m[1m  Expected linebreaks to be 'LF' but found 'CRLF'  linebreak-style
   46:32   [1m[31merror[39m[22m[1m  Expected linebreaks to be 'LF' but found 'CRLF'  linebreak-style
   47:6    [1m[31merror[39m[22m[1m  Expected linebreaks to be 'LF' but found 'CRLF'  linebreak-style
   48:5    [1m[31merror[39m[22m[1m  Expected linebreaks to be 'LF' but found 'CRLF'  linebreak-style
   49:81   [1m[31merror[39m[22m[1m  Expected linebreaks to be 'LF' but found 'CRLF'  linebreak-style
   50:1    [1m[31merror[39m[22m[1m  Expected linebreaks to be 'LF' but found 'CRLF'  linebreak-style
   51:31   [1m[31merror[39m[22m[1m  Expected linebreaks to be 'LF' but found 'CRLF'  linebreak-style
   52:27   [1m[31merror[39m[22m[1m  Expected linebreaks to be 'LF' but found 'CRLF'  linebreak-style
   53:68   [1m[31merror[39m[22m[1m  Expected linebreaks to be 'LF' but found 'CRLF'  linebreak-style
   54:26   [1m[31merror[39m[22m[1m  Expected linebreaks to be 'LF' but found 'CRLF'  linebreak-style
   55:6    [1m[31merror[39m[22m[1m  Expected linebreaks to be 'LF' but found 'CRLF'  linebreak-style
   56:54   [1m[31merror[39m[22m[1m  Expected linebreaks to be 'LF' but found 'CRLF'  linebreak-style
   57:29   [1m[31merror[39m[22m[1m  Expected linebreaks to be 'LF' but found 'CRLF'  linebreak-style
   58:45   [1m[31merror[39m[22m[1m  Expected linebreaks to be 'LF' but found 'CRLF'  linebreak-style
   59:8    [1m[31merror[39m[22m[1m  Expected linebreaks to be 'LF' but found 'CRLF'  linebreak-style
   60:29   [1m[31merror[39m[22m[1m  Expected linebreaks to be 'LF' but found 'CRLF'  linebreak-style
   61:45   [1m[31merror[39m[22m[1m  Expected linebreaks to be 'LF' but found 'CRLF'  linebreak-style
   62:8    [1m[31merror[39m[22m[1m  Expected linebreaks to be 'LF' but found 'CRLF'  linebreak-style
   63:16   [1m[31merror[39m[22m[1m  Expected linebreaks to be 'LF' but found 'CRLF'  linebreak-style
   64:8    [1m[31merror[39m[22m[1m  Expected linebreaks to be 'LF' but found 'CRLF'  linebreak-style
   65:1    [1m[31merror[39m[22m[1m  Expected linebreaks to be 'LF' but found 'CRLF'  linebreak-style
   66:25   [1m[31merror[39m[22m[1m  Expected linebreaks to be 'LF' but found 'CRLF'  linebreak-style
   67:39   [1m[31merror[39m[22m[1m  Expected linebreaks to be 'LF' but found 'CRLF'  linebreak-style
   68:5    [1m[31merror[39m[22m[1m  Expected linebreaks to be 'LF' but found 'CRLF'  linebreak-style
   69:1    [1m[31merror[39m[22m[1m  Expected linebreaks to be 'LF' but found 'CRLF'  linebreak-style
   70:33   [1m[31merror[39m[22m[1m  Expected linebreaks to be 'LF' but found 'CRLF'  linebreak-style
   71:34   [1m[31merror[39m[22m[1m  Expected linebreaks to be 'LF' but found 'CRLF'  linebreak-style
   72:17   [1m[31merror[39m[22m[1m  Expected linebreaks to be 'LF' but found 'CRLF'  linebreak-style
   73:6    [1m[31merror[39m[22m[1m  Expected linebreaks to be 'LF' but found 'CRLF'  linebreak-style
   74:55   [1m[31merror[39m[22m[1m  Expected linebreaks to be 'LF' but found 'CRLF'  linebreak-style
   75:5    [1m[31merror[39m[22m[1m  Expected linebreaks to be 'LF' but found 'CRLF'  linebreak-style
   76:1    [1m[31merror[39m[22m[1m  Expected linebreaks to be 'LF' but found 'CRLF'  linebreak-style
   77:17   [1m[31merror[39m[22m[1m  Expected linebreaks to be 'LF' but found 'CRLF'  linebreak-style
   78:31   [1m[31merror[39m[22m[1m  Expected linebreaks to be 'LF' but found 'CRLF'  linebreak-style
   79:4    [1m[31merror[39m[22m[1m  Expected linebreaks to be 'LF' but found 'CRLF'  linebreak-style
   80:1    [1m[31merror[39m[22m[1m  Expected linebreaks to be 'LF' but found 'CRLF'  linebreak-style
   81:15   [1m[31merror[39m[22m[1m  Expected linebreaks to be 'LF' but found 'CRLF'  linebreak-style
   82:13   [1m[31merror[39m[22m[1m  Expected linebreaks to be 'LF' but found 'CRLF'  linebreak-style
   83:10   [1m[31merror[39m[22m[1m  Expected linebreaks to be 'LF' but found 'CRLF'  linebreak-style
   84:21   [1m[31merror[39m[22m[1m  Expected linebreaks to be 'LF' but found 'CRLF'  linebreak-style
   85:16   [1m[31merror[39m[22m[1m  Expected linebreaks to be 'LF' but found 'CRLF'  linebreak-style
   86:41   [1m[31merror[39m[22m[1m  Expected linebreaks to be 'LF' but found 'CRLF'  linebreak-style
   87:11   [1m[31merror[39m[22m[1m  Expected linebreaks to be 'LF' but found 'CRLF'  linebreak-style
   88:7    [1m[31merror[39m[22m[1m  Expected linebreaks to be 'LF' but found 'CRLF'  linebreak-style
   89:4    [1m[31merror[39m[22m[1m  Expected linebreaks to be 'LF' but found 'CRLF'  linebreak-style
   90:1    [1m[31merror[39m[22m[1m  Expected linebreaks to be 'LF' but found 'CRLF'  linebreak-style
   91:27   [1m[31merror[39m[22m[1m  Expected linebreaks to be 'LF' but found 'CRLF'  linebreak-style
   92:13   [1m[31merror[39m[22m[1m  Expected linebreaks to be 'LF' but found 'CRLF'  linebreak-style
   93:9    [1m[31merror[39m[22m[1m  Expected linebreaks to be 'LF' but found 'CRLF'  linebreak-style
   94:12   [1m[31merror[39m[22m[1m  Expected linebreaks to be 'LF' but found 'CRLF'  linebreak-style
   95:22   [1m[31merror[39m[22m[1m  Expected linebreaks to be 'LF' but found 'CRLF'  linebreak-style
   96:13   [1m[31merror[39m[22m[1m  Expected linebreaks to be 'LF' but found 'CRLF'  linebreak-style
   97:15   [1m[31merror[39m[22m[1m  Expected linebreaks to be 'LF' but found 'CRLF'  linebreak-style
   98:22   [1m[31merror[39m[22m[1m  Expected linebreaks to be 'LF' but found 'CRLF'  linebreak-style
   99:22   [1m[31merror[39m[22m[1m  Expected linebreaks to be 'LF' but found 'CRLF'  linebreak-style
  100:29   [1m[31merror[39m[22m[1m  Expected linebreaks to be 'LF' but found 'CRLF'  linebreak-style
  101:36   [1m[31merror[39m[22m[1m  Expected linebreaks to be 'LF' but found 'CRLF'  linebreak-style
  102:29   [1m[31merror[39m[22m[1m  Expected linebreaks to be 'LF' but found 'CRLF'  linebreak-style
  103:44   [1m[31merror[39m[22m[1m  Expected linebreaks to be 'LF' but found 'CRLF'  linebreak-style
  104:35   [1m[31merror[39m[22m[1m  Expected linebreaks to be 'LF' but found 'CRLF'  linebreak-style
  105:11   [1m[31merror[39m[22m[1m  Expected linebreaks to be 'LF' but found 'CRLF'  linebreak-style
  106:10   [1m[31merror[39m[22m[1m  Expected linebreaks to be 'LF' but found 'CRLF'  linebreak-style
  107:7    [1m[31merror[39m[22m[1m  Expected linebreaks to be 'LF' but found 'CRLF'  linebreak-style
  108:4    [1m[31merror[39m[22m[1m  Expected linebreaks to be 'LF' but found 'CRLF'  linebreak-style
  109:1    [1m[31merror[39m[22m[1m  Expected linebreaks to be 'LF' but found 'CRLF'  linebreak-style
  110:44   [1m[31merror[39m[22m[1m  Expected linebreaks to be 'LF' but found 'CRLF'  linebreak-style
  111:42   [1m[31merror[39m[22m[1m  Expected linebreaks to be 'LF' but found 'CRLF'  linebreak-style
  112:27   [1m[31merror[39m[22m[1m  Expected linebreaks to be 'LF' but found 'CRLF'  linebreak-style
  113:31   [1m[31merror[39m[22m[1m  Expected linebreaks to be 'LF' but found 'CRLF'  linebreak-style
  114:35   [1m[31merror[39m[22m[1m  Expected linebreaks to be 'LF' but found 'CRLF'  linebreak-style
  115:8    [1m[31merror[39m[22m[1m  Expected linebreaks to be 'LF' but found 'CRLF'  linebreak-style
  116:23   [1m[31merror[39m[22m[1m  Expected linebreaks to be 'LF' but found 'CRLF'  linebreak-style
  117:6    [1m[31merror[39m[22m[1m  Expected linebreaks to be 'LF' but found 'CRLF'  linebreak-style
  118:1    [1m[31merror[39m[22m[1m  Expected linebreaks to be 'LF' but found 'CRLF'  linebreak-style
  119:11   [1m[31merror[39m[22m[1m  Expected linebreaks to be 'LF' but found 'CRLF'  linebreak-style
  120:7    [1m[31merror[39m[22m[1m  Expected linebreaks to be 'LF' but found 'CRLF'  linebreak-style
  121:35   [1m[31merror[39m[22m[1m  Expected linebreaks to be 'LF' but found 'CRLF'  linebreak-style
  122:15   [1m[31merror[39m[22m[1m  Expected linebreaks to be 'LF' but found 'CRLF'  linebreak-style
  123:22   [1m[31merror[39m[22m[1m  Expected linebreaks to be 'LF' but found 'CRLF'  linebreak-style
  124:22   [1m[31merror[39m[22m[1m  Expected linebreaks to be 'LF' but found 'CRLF'  linebreak-style
  125:29   [1m[31merror[39m[22m[1m  Expected linebreaks to be 'LF' but found 'CRLF'  linebreak-style
  126:36   [1m[31merror[39m[22m[1m  Expected linebreaks to be 'LF' but found 'CRLF'  linebreak-style
  127:29   [1m[31merror[39m[22m[1m  Expected linebreaks to be 'LF' but found 'CRLF'  linebreak-style
  128:44   [1m[31merror[39m[22m[1m  Expected linebreaks to be 'LF' but found 'CRLF'  linebreak-style
  129:35   [1m[31merror[39m[22m[1m  Expected linebreaks to be 'LF' but found 'CRLF'  linebreak-style
  130:11   [1m[31merror[39m[22m[1m  Expected linebreaks to be 'LF' but found 'CRLF'  linebreak-style
  131:13   [1m[31merror[39m[22m[1m  Expected linebreaks to be 'LF' but found 'CRLF'  linebreak-style
  132:44   [1m[31merror[39m[22m[1m  Expected linebreaks to be 'LF' but found 'CRLF'  linebreak-style
  133:16   [1m[31merror[39m[22m[1m  Expected linebreaks to be 'LF' but found 'CRLF'  linebreak-style
  134:15   [1m[31merror[39m[22m[1m  Expected linebreaks to be 'LF' but found 'CRLF'  linebreak-style
  135:39   [1m[31merror[39m[22m[1m  Expected linebreaks to be 'LF' but found 'CRLF'  linebreak-style
  136:18   [1m[31merror[39m[22m[1m  Expected linebreaks to be 'LF' but found 'CRLF'  linebreak-style
  137:29   [1m[31merror[39m[22m[1m  Expected linebreaks to be 'LF' but found 'CRLF'  linebreak-style
  138:50   [1m[31merror[39m[22m[1m  Expected linebreaks to be 'LF' but found 'CRLF'  linebreak-style
  139:69   [1m[31merror[39m[22m[1m  Expected linebreaks to be 'LF' but found 'CRLF'  linebreak-style
  140:16   [1m[31merror[39m[22m[1m  Expected linebreaks to be 'LF' but found 'CRLF'  linebreak-style
  141:39   [1m[31merror[39m[22m[1m  Expected linebreaks to be 'LF' but found 'CRLF'  linebreak-style
  142:49   [1m[31merror[39m[22m[1m  Expected linebreaks to be 'LF' but found 'CRLF'  linebreak-style
  143:22   [1m[31merror[39m[22m[1m  Expected linebreaks to be 'LF' but found 'CRLF'  linebreak-style
  144:72   [1m[31merror[39m[22m[1m  Expected linebreaks to be 'LF' but found 'CRLF'  linebreak-style
  145:19   [1m[31merror[39m[22m[1m  Expected linebreaks to be 'LF' but found 'CRLF'  linebreak-style
  146:20   [1m[31merror[39m[22m[1m  Expected linebreaks to be 'LF' but found 'CRLF'  linebreak-style
  147:16   [1m[31merror[39m[22m[1m  Expected linebreaks to be 'LF' but found 'CRLF'  linebreak-style
  148:17   [1m[31merror[39m[22m[1m  Expected linebreaks to be 'LF' but found 'CRLF'  linebreak-style
  149:62   [1m[31merror[39m[22m[1m  Expected linebreaks to be 'LF' but found 'CRLF'  linebreak-style
  150:18   [1m[31merror[39m[22m[1m  Expected linebreaks to be 'LF' but found 'CRLF'  linebreak-style
  151:16   [1m[31merror[39m[22m[1m  Expected linebreaks to be 'LF' but found 'CRLF'  linebreak-style
  152:17   [1m[31merror[39m[22m[1m  Expected linebreaks to be 'LF' but found 'CRLF'  linebreak-style
  153:16   [1m[31merror[39m[22m[1m  Expected linebreaks to be 'LF' but found 'CRLF'  linebreak-style
  154:37   [1m[31merror[39m[22m[1m  Expected linebreaks to be 'LF' but found 'CRLF'  linebreak-style
  155:30   [1m[31merror[39m[22m[1m  Expected linebreaks to be 'LF' but found 'CRLF'  linebreak-style
  156:41   [1m[31merror[39m[22m[1m  Expected linebreaks to be 'LF' but found 'CRLF'  linebreak-style
  157:105  [1m[31merror[39m[22m[1m  Expected linebreaks to be 'LF' but found 'CRLF'  linebreak-style
  158:18   [1m[31merror[39m[22m[1m  Expected linebreaks to be 'LF' but found 'CRLF'  linebreak-style
  159:18   [1m[31merror[39m[22m[1m  Expected linebreaks to be 'LF' but found 'CRLF'  linebreak-style
  160:14   [1m[31merror[39m[22m[1m  Expected linebreaks to be 'LF' but found 'CRLF'  linebreak-style
  161:17   [1m[31merror[39m[22m[1m  Expected linebreaks to be 'LF' but found 'CRLF'  linebreak-style
  162:15   [1m[31merror[39m[22m[1m  Expected linebreaks to be 'LF' but found 'CRLF'  linebreak-style
  163:8    [1m[31merror[39m[22m[1m  Expected linebreaks to be 'LF' but found 'CRLF'  linebreak-style
  164:5    [1m[31merror[39m[22m[1m  Expected linebreaks to be 'LF' but found 'CRLF'  linebreak-style
  165:3    [1m[31merror[39m[22m[1m  Expected linebreaks to be 'LF' but found 'CRLF'  linebreak-style
  166:1    [1m[31merror[39m[22m[1m  Expected linebreaks to be 'LF' but found 'CRLF'  linebreak-style
  167:33   [1m[31merror[39m[22m[1m  Expected linebreaks to be 'LF' but found 'CRLF'  linebreak-style

C:\Users\blaha5\Downloads\da\reactkys\crmWAcv\src\components\workshoplist.jsx
    1:59   [1m[31merror[39m[22m[1m  Expected linebreaks to be 'LF' but found 'CRLF'  linebreak-style
    2:27   [1m[31merror[39m[22m[1m  Expected linebreaks to be 'LF' but found 'CRLF'  linebreak-style
    3:36   [1m[31merror[39m[22m[1m  Expected linebreaks to be 'LF' but found 'CRLF'  linebreak-style
    4:52   [1m[31merror[39m[22m[1m  Expected linebreaks to be 'LF' but found 'CRLF'  linebreak-style
    5:72   [1m[31merror[39m[22m[1m  Expected linebreaks to be 'LF' but found 'CRLF'  linebreak-style
    6:39   [1m[31merror[39m[22m[1m  Expected linebreaks to be 'LF' but found 'CRLF'  linebreak-style
    7:40   [1m[31merror[39m[22m[1m  Expected linebreaks to be 'LF' but found 'CRLF'  linebreak-style
    8:54   [1m[31merror[39m[22m[1m  Expected linebreaks to be 'LF' but found 'CRLF'  linebreak-style
    9:1    [1m[31merror[39m[22m[1m  Expected linebreaks to be 'LF' but found 'CRLF'  linebreak-style
   10:24   [1m[31merror[39m[22m[1m  Expected linebreaks to be 'LF' but found 'CRLF'  linebreak-style
   11:22   [1m[31merror[39m[22m[1m  Expected linebreaks to be 'LF' but found 'CRLF'  linebreak-style
   12:3    [1m[31merror[39m[22m[1m  'onSave' is defined but never used               no-unused-vars
   12:10   [1m[31merror[39m[22m[1m  Expected linebreaks to be 'LF' but found 'CRLF'  linebreak-style
   13:26   [1m[31merror[39m[22m[1m  Expected linebreaks to be 'LF' but found 'CRLF'  linebreak-style
   14:11   [1m[31merror[39m[22m[1m  Expected linebreaks to be 'LF' but found 'CRLF'  linebreak-style
   15:8    [1m[31merror[39m[22m[1m  Expected linebreaks to be 'LF' but found 'CRLF'  linebreak-style
   16:47   [1m[31merror[39m[22m[1m  Expected linebreaks to be 'LF' but found 'CRLF'  linebreak-style
   17:34   [1m[31merror[39m[22m[1m  Expected linebreaks to be 'LF' but found 'CRLF'  linebreak-style
   18:34   [1m[31merror[39m[22m[1m  Expected linebreaks to be 'LF' but found 'CRLF'  linebreak-style
   19:44   [1m[31merror[39m[22m[1m  Expected linebreaks to be 'LF' but found 'CRLF'  linebreak-style
   20:72   [1m[31merror[39m[22m[1m  Expected linebreaks to be 'LF' but found 'CRLF'  linebreak-style
   21:31   [1m[31merror[39m[22m[1m  Expected linebreaks to be 'LF' but found 'CRLF'  linebreak-style
   22:50   [1m[31merror[39m[22m[1m  Expected linebreaks to be 'LF' but found 'CRLF'  linebreak-style
   23:48   [1m[31merror[39m[22m[1m  Expected linebreaks to be 'LF' but found 'CRLF'  linebreak-style
   24:44   [1m[31merror[39m[22m[1m  Expected linebreaks to be 'LF' but found 'CRLF'  linebreak-style
   25:64   [1m[31merror[39m[22m[1m  Expected linebreaks to be 'LF' but found 'CRLF'  linebreak-style
   26:1    [1m[31merror[39m[22m[1m  Expected linebreaks to be 'LF' but found 'CRLF'  linebreak-style
   27:20   [1m[31merror[39m[22m[1m  Expected linebreaks to be 'LF' but found 'CRLF'  linebreak-style
   28:41   [1m[31merror[39m[22m[1m  Expected linebreaks to be 'LF' but found 'CRLF'  linebreak-style
   29:12   [1m[31merror[39m[22m[1m  Expected linebreaks to be 'LF' but found 'CRLF'  linebreak-style
   30:74   [1m[31merror[39m[22m[1m  Expected linebreaks to be 'LF' but found 'CRLF'  linebreak-style
   31:74   [1m[31merror[39m[22m[1m  Expected linebreaks to be 'LF' but found 'CRLF'  linebreak-style
   32:31   [1m[31merror[39m[22m[1m  Expected linebreaks to be 'LF' but found 'CRLF'  linebreak-style
   33:40   [1m[31merror[39m[22m[1m  Expected linebreaks to be 'LF' but found 'CRLF'  linebreak-style
   34:17   [1m[31merror[39m[22m[1m  Expected linebreaks to be 'LF' but found 'CRLF'  linebreak-style
   35:38   [1m[31merror[39m[22m[1m  Expected linebreaks to be 'LF' but found 'CRLF'  linebreak-style
   36:39   [1m[31merror[39m[22m[1m  Expected linebreaks to be 'LF' but found 'CRLF'  linebreak-style
   37:10   [1m[31merror[39m[22m[1m  Expected linebreaks to be 'LF' but found 'CRLF'  linebreak-style
   38:22   [1m[31merror[39m[22m[1m  Expected linebreaks to be 'LF' but found 'CRLF'  linebreak-style
   39:31   [1m[31merror[39m[22m[1m  Expected linebreaks to be 'LF' but found 'CRLF'  linebreak-style
   40:18   [1m[31merror[39m[22m[1m  Expected linebreaks to be 'LF' but found 'CRLF'  linebreak-style
   41:27   [1m[31merror[39m[22m[1m  Expected linebreaks to be 'LF' but found 'CRLF'  linebreak-style
   42:8    [1m[31merror[39m[22m[1m  Expected linebreaks to be 'LF' but found 'CRLF'  linebreak-style
   43:7    [1m[31merror[39m[22m[1m  Expected linebreaks to be 'LF' but found 'CRLF'  linebreak-style
   44:1    [1m[31merror[39m[22m[1m  Expected linebreaks to be 'LF' but found 'CRLF'  linebreak-style
   45:22   [1m[31merror[39m[22m[1m  Expected linebreaks to be 'LF' but found 'CRLF'  linebreak-style
   46:33   [1m[31merror[39m[22m[1m  Expected linebreaks to be 'LF' but found 'CRLF'  linebreak-style
   47:1    [1m[31merror[39m[22m[1m  Expected linebreaks to be 'LF' but found 'CRLF'  linebreak-style
   48:47   [1m[31merror[39m[22m[1m  Expected linebreaks to be 'LF' but found 'CRLF'  linebreak-style
   49:10   [1m[31merror[39m[22m[1m  Expected linebreaks to be 'LF' but found 'CRLF'  linebreak-style
   50:79   [1m[31merror[39m[22m[1m  Expected linebreaks to be 'LF' but found 'CRLF'  linebreak-style
   51:37   [1m[31merror[39m[22m[1m  Expected linebreaks to be 'LF' but found 'CRLF'  linebreak-style
   52:54   [1m[31merror[39m[22m[1m  Expected linebreaks to be 'LF' but found 'CRLF'  linebreak-style
   53:59   [1m[31merror[39m[22m[1m  Expected linebreaks to be 'LF' but found 'CRLF'  linebreak-style
   54:15   [1m[31merror[39m[22m[1m  Expected linebreaks to be 'LF' but found 'CRLF'  linebreak-style
   55:40   [1m[31merror[39m[22m[1m  Expected linebreaks to be 'LF' but found 'CRLF'  linebreak-style
   56:8    [1m[31merror[39m[22m[1m  Expected linebreaks to be 'LF' but found 'CRLF'  linebreak-style
   57:20   [1m[31merror[39m[22m[1m  Expected linebreaks to be 'LF' but found 'CRLF'  linebreak-style
   58:29   [1m[31merror[39m[22m[1m  Expected linebreaks to be 'LF' but found 'CRLF'  linebreak-style
   59:16   [1m[31merror[39m[22m[1m  Expected linebreaks to be 'LF' but found 'CRLF'  linebreak-style
   60:25   [1m[31merror[39m[22m[1m  Expected linebreaks to be 'LF' but found 'CRLF'  linebreak-style
   61:6    [1m[31merror[39m[22m[1m  Expected linebreaks to be 'LF' but found 'CRLF'  linebreak-style
   62:5    [1m[31merror[39m[22m[1m  Expected linebreaks to be 'LF' but found 'CRLF'  linebreak-style
   63:1    [1m[31merror[39m[22m[1m  Expected linebreaks to be 'LF' but found 'CRLF'  linebreak-style
   64:40   [1m[31merror[39m[22m[1m  Expected linebreaks to be 'LF' but found 'CRLF'  linebreak-style
   65:64   [1m[31merror[39m[22m[1m  Expected linebreaks to be 'LF' but found 'CRLF'  linebreak-style
   66:21   [1m[31merror[39m[22m[1m  Expected linebreaks to be 'LF' but found 'CRLF'  linebreak-style
   67:33   [1m[31merror[39m[22m[1m  Expected linebreaks to be 'LF' but found 'CRLF'  linebreak-style
   68:6    [1m[31merror[39m[22m[1m  Expected linebreaks to be 'LF' but found 'CRLF'  linebreak-style
   69:5    [1m[31merror[39m[22m[1m  Expected linebreaks to be 'LF' but found 'CRLF'  linebreak-style
   70:1    [1m[31merror[39m[22m[1m  Expected linebreaks to be 'LF' but found 'CRLF'  linebreak-style
   71:36   [1m[31merror[39m[22m[1m  Expected linebreaks to be 'LF' but found 'CRLF'  linebreak-style
   72:21   [1m[31merror[39m[22m[1m  Expected linebreaks to be 'LF' but found 'CRLF'  linebreak-style
   73:28   [1m[31merror[39m[22m[1m  Expected linebreaks to be 'LF' but found 'CRLF'  linebreak-style
   74:5    [1m[31merror[39m[22m[1m  Expected linebreaks to be 'LF' but found 'CRLF'  linebreak-style
   75:30   [1m[31merror[39m[22m[1m  Expected linebreaks to be 'LF' but found 'CRLF'  linebreak-style
   76:30   [1m[31merror[39m[22m[1m  Expected linebreaks to be 'LF' but found 'CRLF'  linebreak-style
   77:19   [1m[31merror[39m[22m[1m  Expected linebreaks to be 'LF' but found 'CRLF'  linebreak-style
   78:17   [1m[31merror[39m[22m[1m  Expected linebreaks to be 'LF' but found 'CRLF'  linebreak-style
   79:14   [1m[31merror[39m[22m[1m  Expected linebreaks to be 'LF' but found 'CRLF'  linebreak-style
   80:6    [1m[31merror[39m[22m[1m  Expected linebreaks to be 'LF' but found 'CRLF'  linebreak-style
   81:18   [1m[31merror[39m[22m[1m  Expected linebreaks to be 'LF' but found 'CRLF'  linebreak-style
   82:5    [1m[31merror[39m[22m[1m  Expected linebreaks to be 'LF' but found 'CRLF'  linebreak-style
   83:44   [1m[31merror[39m[22m[1m  Expected linebreaks to be 'LF' but found 'CRLF'  linebreak-style
   84:32   [1m[31merror[39m[22m[1m  Expected linebreaks to be 'LF' but found 'CRLF'  linebreak-style
   85:87   [1m[31merror[39m[22m[1m  Expected linebreaks to be 'LF' but found 'CRLF'  linebreak-style
   86:8    [1m[31merror[39m[22m[1m  Expected linebreaks to be 'LF' but found 'CRLF'  linebreak-style
   87:61   [1m[31merror[39m[22m[1m  Expected linebreaks to be 'LF' but found 'CRLF'  linebreak-style
   88:5    [1m[31merror[39m[22m[1m  Expected linebreaks to be 'LF' but found 'CRLF'  linebreak-style
   89:37   [1m[31merror[39m[22m[1m  Expected linebreaks to be 'LF' but found 'CRLF'  linebreak-style
   90:34   [1m[31merror[39m[22m[1m  Expected linebreaks to be 'LF' but found 'CRLF'  linebreak-style
   91:30   [1m[31merror[39m[22m[1m  Expected linebreaks to be 'LF' but found 'CRLF'  linebreak-style
   92:23   [1m[31merror[39m[22m[1m  Expected linebreaks to be 'LF' but found 'CRLF'  linebreak-style
   93:25   [1m[31merror[39m[22m[1m  Expected linebreaks to be 'LF' but found 'CRLF'  linebreak-style
   94:17   [1m[31merror[39m[22m[1m  Expected linebreaks to be 'LF' but found 'CRLF'  linebreak-style
   95:24   [1m[31merror[39m[22m[1m  Expected linebreaks to be 'LF' but found 'CRLF'  linebreak-style
   96:10   [1m[31merror[39m[22m[1m  Expected linebreaks to be 'LF' but found 'CRLF'  linebreak-style
   97:8    [1m[31merror[39m[22m[1m  Expected linebreaks to be 'LF' but found 'CRLF'  linebreak-style
   98:6    [1m[31merror[39m[22m[1m  Expected linebreaks to be 'LF' but found 'CRLF'  linebreak-style
   99:5    [1m[31merror[39m[22m[1m  Expected linebreaks to be 'LF' but found 'CRLF'  linebreak-style
  100:20   [1m[31merror[39m[22m[1m  Expected linebreaks to be 'LF' but found 'CRLF'  linebreak-style
  101:55   [1m[31merror[39m[22m[1m  Expected linebreaks to be 'LF' but found 'CRLF'  linebreak-style
  102:19   [1m[31merror[39m[22m[1m  Expected linebreaks to be 'LF' but found 'CRLF'  linebreak-style
  103:60   [1m[31merror[39m[22m[1m  Expected linebreaks to be 'LF' but found 'CRLF'  linebreak-style
  104:7    [1m[31merror[39m[22m[1m  Expected linebreaks to be 'LF' but found 'CRLF'  linebreak-style
  105:25   [1m[31merror[39m[22m[1m  Expected linebreaks to be 'LF' but found 'CRLF'  linebreak-style
  106:1    [1m[31merror[39m[22m[1m  Expected linebreaks to be 'LF' but found 'CRLF'  linebreak-style
  107:17   [1m[31merror[39m[22m[1m  Expected linebreaks to be 'LF' but found 'CRLF'  linebreak-style
  108:55   [1m[31merror[39m[22m[1m  Expected linebreaks to be 'LF' but found 'CRLF'  linebreak-style
  109:4    [1m[31merror[39m[22m[1m  Expected linebreaks to be 'LF' but found 'CRLF'  linebreak-style
  110:1    [1m[31merror[39m[22m[1m  Expected linebreaks to be 'LF' but found 'CRLF'  linebreak-style
  111:17   [1m[31merror[39m[22m[1m  Expected linebreaks to be 'LF' but found 'CRLF'  linebreak-style
  112:51   [1m[31merror[39m[22m[1m  Expected linebreaks to be 'LF' but found 'CRLF'  linebreak-style
  113:4    [1m[31merror[39m[22m[1m  Expected linebreaks to be 'LF' but found 'CRLF'  linebreak-style
  114:1    [1m[31merror[39m[22m[1m  Expected linebreaks to be 'LF' but found 'CRLF'  linebreak-style
  115:11   [1m[31merror[39m[22m[1m  Expected linebreaks to be 'LF' but found 'CRLF'  linebreak-style
  116:1    [1m[31merror[39m[22m[1m  Expected linebreaks to be 'LF' but found 'CRLF'  linebreak-style
  117:66   [1m[31merror[39m[22m[1m  Expected linebreaks to be 'LF' but found 'CRLF'  linebreak-style
  118:17   [1m[31merror[39m[22m[1m  Expected linebreaks to be 'LF' but found 'CRLF'  linebreak-style
  119:58   [1m[31merror[39m[22m[1m  Expected linebreaks to be 'LF' but found 'CRLF'  linebreak-style
  120:23   [1m[31merror[39m[22m[1m  Expected linebreaks to be 'LF' but found 'CRLF'  linebreak-style
  121:18   [1m[31merror[39m[22m[1m  Expected linebreaks to be 'LF' but found 'CRLF'  linebreak-style
  122:13   [1m[31merror[39m[22m[1m  Expected linebreaks to be 'LF' but found 'CRLF'  linebreak-style
  123:14   [1m[31merror[39m[22m[1m  Expected linebreaks to be 'LF' but found 'CRLF'  linebreak-style
  124:86   [1m[31merror[39m[22m[1m  Expected linebreaks to be 'LF' but found 'CRLF'  linebreak-style
  125:27   [1m[31merror[39m[22m[1m  Expected linebreaks to be 'LF' but found 'CRLF'  linebreak-style
  126:91   [1m[31merror[39m[22m[1m  Expected linebreaks to be 'LF' but found 'CRLF'  linebreak-style
  127:12   [1m[31merror[39m[22m[1m  Expected linebreaks to be 'LF' but found 'CRLF'  linebreak-style
  128:45   [1m[31merror[39m[22m[1m  Expected linebreaks to be 'LF' but found 'CRLF'  linebreak-style
  129:88   [1m[31merror[39m[22m[1m  Expected linebreaks to be 'LF' but found 'CRLF'  linebreak-style
  130:18   [1m[31merror[39m[22m[1m  Expected linebreaks to be 'LF' but found 'CRLF'  linebreak-style
  131:17   [1m[31merror[39m[22m[1m  Expected linebreaks to be 'LF' but found 'CRLF'  linebreak-style
  132:45   [1m[31merror[39m[22m[1m  Expected linebreaks to be 'LF' but found 'CRLF'  linebreak-style
  133:29   [1m[31merror[39m[22m[1m  Expected linebreaks to be 'LF' but found 'CRLF'  linebreak-style
  134:27   [1m[31merror[39m[22m[1m  Expected linebreaks to be 'LF' but found 'CRLF'  linebreak-style
  135:32   [1m[31merror[39m[22m[1m  Expected linebreaks to be 'LF' but found 'CRLF'  linebreak-style
  136:21   [1m[31merror[39m[22m[1m  Expected linebreaks to be 'LF' but found 'CRLF'  linebreak-style
  137:18   [1m[31merror[39m[22m[1m  Expected linebreaks to be 'LF' but found 'CRLF'  linebreak-style
  138:19   [1m[31merror[39m[22m[1m  Expected linebreaks to be 'LF' but found 'CRLF'  linebreak-style
  139:18   [1m[31merror[39m[22m[1m  Expected linebreaks to be 'LF' but found 'CRLF'  linebreak-style
  140:43   [1m[31merror[39m[22m[1m  Expected linebreaks to be 'LF' but found 'CRLF'  linebreak-style
  141:37   [1m[31merror[39m[22m[1m  Expected linebreaks to be 'LF' but found 'CRLF'  linebreak-style
  142:74   [1m[31merror[39m[22m[1m  Expected linebreaks to be 'LF' but found 'CRLF'  linebreak-style
  143:80   [1m[31merror[39m[22m[1m  Expected linebreaks to be 'LF' but found 'CRLF'  linebreak-style
  144:58   [1m[31merror[39m[22m[1m  Expected linebreaks to be 'LF' but found 'CRLF'  linebreak-style
  145:64   [1m[31merror[39m[22m[1m  Expected linebreaks to be 'LF' but found 'CRLF'  linebreak-style
  146:21   [1m[31merror[39m[22m[1m  Expected linebreaks to be 'LF' but found 'CRLF'  linebreak-style
  147:99   [1m[31merror[39m[22m[1m  Expected linebreaks to be 'LF' but found 'CRLF'  linebreak-style
  148:22   [1m[31merror[39m[22m[1m  Expected linebreaks to be 'LF' but found 'CRLF'  linebreak-style
  149:21   [1m[31merror[39m[22m[1m  Expected linebreaks to be 'LF' but found 'CRLF'  linebreak-style
  150:117  [1m[31merror[39m[22m[1m  Expected linebreaks to be 'LF' but found 'CRLF'  linebreak-style
  151:22   [1m[31merror[39m[22m[1m  Expected linebreaks to be 'LF' but found 'CRLF'  linebreak-style
  152:20   [1m[31merror[39m[22m[1m  Expected linebreaks to be 'LF' but found 'CRLF'  linebreak-style
  153:16   [1m[31merror[39m[22m[1m  Expected linebreaks to be 'LF' but found 'CRLF'  linebreak-style
  154:17   [1m[31merror[39m[22m[1m  Expected linebreaks to be 'LF' but found 'CRLF'  linebreak-style
  155:21   [1m[31merror[39m[22m[1m  Expected linebreaks to be 'LF' but found 'CRLF'  linebreak-style
  156:21   [1m[31merror[39m[22m[1m  Expected linebreaks to be 'LF' but found 'CRLF'  linebreak-style
  157:21   [1m[31merror[39m[22m[1m  Expected linebreaks to be 'LF' but found 'CRLF'  linebreak-style
  158:21   [1m[31merror[39m[22m[1m  Expected linebreaks to be 'LF' but found 'CRLF'  linebreak-style
  159:110  [1m[31merror[39m[22m[1m  Expected linebreaks to be 'LF' but found 'CRLF'  linebreak-style
  160:18   [1m[31merror[39m[22m[1m  Expected linebreaks to be 'LF' but found 'CRLF'  linebreak-style
  161:19   [1m[31merror[39m[22m[1m  Expected linebreaks to be 'LF' but found 'CRLF'  linebreak-style
  162:17   [1m[31merror[39m[22m[1m  Expected linebreaks to be 'LF' but found 'CRLF'  linebreak-style
  163:9    [1m[31merror[39m[22m[1m  Expected linebreaks to be 'LF' but found 'CRLF'  linebreak-style
  164:11   [1m[31merror[39m[22m[1m  Expected linebreaks to be 'LF' but found 'CRLF'  linebreak-style
  165:5    [1m[31merror[39m[22m[1m  Expected linebreaks to be 'LF' but found 'CRLF'  linebreak-style
  166:3    [1m[31merror[39m[22m[1m  Expected linebreaks to be 'LF' but found 'CRLF'  linebreak-style
  167:1    [1m[31merror[39m[22m[1m  Expected linebreaks to be 'LF' but found 'CRLF'  linebreak-style
  168:27   [1m[31merror[39m[22m[1m  Expected linebreaks to be 'LF' but found 'CRLF'  linebreak-style
  169:69   [1m[31merror[39m[22m[1m  Expected linebreaks to be 'LF' but found 'CRLF'  linebreak-style
  170:26   [1m[31merror[39m[22m[1m  Expected linebreaks to be 'LF' but found 'CRLF'  linebreak-style
  171:30   [1m[31merror[39m[22m[1m  Expected linebreaks to be 'LF' but found 'CRLF'  linebreak-style
  172:27   [1m[31merror[39m[22m[1m  Expected linebreaks to be 'LF' but found 'CRLF'  linebreak-style
  173:3    [1m[31merror[39m[22m[1m  Expected linebreaks to be 'LF' but found 'CRLF'  linebreak-style
  174:1    [1m[31merror[39m[22m[1m  Expected linebreaks to be 'LF' but found 'CRLF'  linebreak-style
  175:29   [1m[31merror[39m[22m[1m  Expected linebreaks to be 'LF' but found 'CRLF'  linebreak-style

C:\Users\blaha5\Downloads\da\reactkys\crmWAcv\src\index.jsx
  1:26  [1m[31merror[39m[22m[1m  Expected linebreaks to be 'LF' but found 'CRLF'  linebreak-style
  2:47  [1m[31merror[39m[22m[1m  Expected linebreaks to be 'LF' but found 'CRLF'  linebreak-style
  3:25  [1m[31merror[39m[22m[1m  Expected linebreaks to be 'LF' but found 'CRLF'  linebreak-style
  4:1   [1m[31merror[39m[22m[1m  Expected linebreaks to be 'LF' but found 'CRLF'  linebreak-style
  5:57  [1m[31merror[39m[22m[1m  Expected linebreaks to be 'LF' but found 'CRLF'  linebreak-style
  6:22  [1m[31merror[39m[22m[1m  Expected linebreaks to be 'LF' but found 'CRLF'  linebreak-style

C:\Users\blaha5\Downloads\da\reactkys\crmWAcv\src\utils\cookie.js
   1:23  [1m[31merror[39m[22m[1m  Expected linebreaks to be 'LF' but found 'CRLF'  linebreak-style
   2:65  [1m[31merror[39m[22m[1m  Expected linebreaks to be 'LF' but found 'CRLF'  linebreak-style
   3:1   [1m[31merror[39m[22m[1m  Expected linebreaks to be 'LF' but found 'CRLF'  linebreak-style
   4:54  [1m[31merror[39m[22m[1m  Expected linebreaks to be 'LF' but found 'CRLF'  linebreak-style
   5:68  [1m[31merror[39m[22m[1m  Expected linebreaks to be 'LF' but found 'CRLF'  linebreak-style
   6:20  [1m[31merror[39m[22m[1m  Expected linebreaks to be 'LF' but found 'CRLF'  linebreak-style
   7:88  [1m[31merror[39m[22m[1m  Expected linebreaks to be 'LF' but found 'CRLF'  linebreak-style
   8:3   [1m[31merror[39m[22m[1m  Expected linebreaks to be 'LF' but found 'CRLF'  linebreak-style
   9:1   [1m[31merror[39m[22m[1m  Expected linebreaks to be 'LF' but found 'CRLF'  linebreak-style
  10:37  [1m[31merror[39m[22m[1m  Expected linebreaks to be 'LF' but found 'CRLF'  linebreak-style
  11:39  [1m[31merror[39m[22m[1m  Expected linebreaks to be 'LF' but found 'CRLF'  linebreak-style
  12:42  [1m[31merror[39m[22m[1m  Expected linebreaks to be 'LF' but found 'CRLF'  linebreak-style
  13:5   [1m[31merror[39m[22m[1m  Expected linebreaks to be 'LF' but found 'CRLF'  linebreak-style
  14:54  [1m[31merror[39m[22m[1m  Expected linebreaks to be 'LF' but found 'CRLF'  linebreak-style
  15:3   [1m[31merror[39m[22m[1m  Expected linebreaks to be 'LF' but found 'CRLF'  linebreak-style
  16:1   [1m[31merror[39m[22m[1m  Expected linebreaks to be 'LF' but found 'CRLF'  linebreak-style
  17:40  [1m[31merror[39m[22m[1m  Expected linebreaks to be 'LF' but found 'CRLF'  linebreak-style
  18:79  [1m[31merror[39m[22m[1m  Expected linebreaks to be 'LF' but found 'CRLF'  linebreak-style
  19:3   [1m[31merror[39m[22m[1m  Expected linebreaks to be 'LF' but found 'CRLF'  linebreak-style

C:\Users\blaha5\Downloads\da\reactkys\crmWAcv\src\utils\czechdates.js
   1:51  [1m[31merror[39m[22m[1m  Expected linebreaks to be 'LF' but found 'CRLF'  linebreak-style
   2:38  [1m[31merror[39m[22m[1m  Expected linebreaks to be 'LF' but found 'CRLF'  linebreak-style
   3:15  [1m[31merror[39m[22m[1m  Expected linebreaks to be 'LF' but found 'CRLF'  linebreak-style
   4:4   [1m[31merror[39m[22m[1m  Expected linebreaks to be 'LF' but found 'CRLF'  linebreak-style
   5:45  [1m[31merror[39m[22m[1m  Expected linebreaks to be 'LF' but found 'CRLF'  linebreak-style
   6:39  [1m[31merror[39m[22m[1m  Expected linebreaks to be 'LF' but found 'CRLF'  linebreak-style
   7:1   [1m[31merror[39m[22m[1m  Expected linebreaks to be 'LF' but found 'CRLF'  linebreak-style
   8:17  [1m[31merror[39m[22m[1m  Expected linebreaks to be 'LF' but found 'CRLF'  linebreak-style
   9:67  [1m[31merror[39m[22m[1m  Expected linebreaks to be 'LF' but found 'CRLF'  linebreak-style
  10:45  [1m[31merror[39m[22m[1m  Expected linebreaks to be 'LF' but found 'CRLF'  linebreak-style
  11:4   [1m[31merror[39m[22m[1m  Expected linebreaks to be 'LF' but found 'CRLF'  linebreak-style
  12:15  [1m[31merror[39m[22m[1m  Expected linebreaks to be 'LF' but found 'CRLF'  linebreak-style
  13:2   [1m[31merror[39m[22m[1m  Expected linebreaks to be 'LF' but found 'CRLF'  linebreak-style
  14:54  [1m[31merror[39m[22m[1m  Expected linebreaks to be 'LF' but found 'CRLF'  linebreak-style
  15:46  [1m[31merror[39m[22m[1m  Expected linebreaks to be 'LF' but found 'CRLF'  linebreak-style
  16:15  [1m[31merror[39m[22m[1m  Expected linebreaks to be 'LF' but found 'CRLF'  linebreak-style
  17:4   [1m[31merror[39m[22m[1m  Expected linebreaks to be 'LF' but found 'CRLF'  linebreak-style
  18:74  [1m[31merror[39m[22m[1m  Expected linebreaks to be 'LF' but found 'CRLF'  linebreak-style
  19:41  [1m[31merror[39m[22m[1m  Expected linebreaks to be 'LF' but found 'CRLF'  linebreak-style
  20:25  [1m[31merror[39m[22m[1m  Expected linebreaks to be 'LF' but found 'CRLF'  linebreak-style
  21:69  [1m[31merror[39m[22m[1m  Expected linebreaks to be 'LF' but found 'CRLF'  linebreak-style
  22:40  [1m[31merror[39m[22m[1m  Expected linebreaks to be 'LF' but found 'CRLF'  linebreak-style
  23:4   [1m[31merror[39m[22m[1m  Expected linebreaks to be 'LF' but found 'CRLF'  linebreak-style
  24:1   [1m[31merror[39m[22m[1m  Expected linebreaks to be 'LF' but found 'CRLF'  linebreak-style
  25:17  [1m[31merror[39m[22m[1m  Expected linebreaks to be 'LF' but found 'CRLF'  linebreak-style
  26:56  [1m[31merror[39m[22m[1m  Expected linebreaks to be 'LF' but found 'CRLF'  linebreak-style
  27:99  [1m[31merror[39m[22m[1m  Expected linebreaks to be 'LF' but found 'CRLF'  linebreak-style
  28:58  [1m[31merror[39m[22m[1m  Expected linebreaks to be 'LF' but found 'CRLF'  linebreak-style
  29:4   [1m[31merror[39m[22m[1m  Expected linebreaks to be 'LF' but found 'CRLF'  linebreak-style
  30:19  [1m[31merror[39m[22m[1m  Expected linebreaks to be 'LF' but found 'CRLF'  linebreak-style
  31:3   [1m[31merror[39m[22m[1m  Expected linebreaks to be 'LF' but found 'CRLF'  linebreak-style
  32:1   [1m[31merror[39m[22m[1m  Expected linebreaks to be 'LF' but found 'CRLF'  linebreak-style
  33:49  [1m[31merror[39m[22m[1m  Expected linebreaks to be 'LF' but found 'CRLF'  linebreak-style
  34:25  [1m[31merror[39m[22m[1m  Expected linebreaks to be 'LF' but found 'CRLF'  linebreak-style
  35:35  [1m[31merror[39m[22m[1m  Expected linebreaks to be 'LF' but found 'CRLF'  linebreak-style
  36:52  [1m[31merror[39m[22m[1m  Expected linebreaks to be 'LF' but found 'CRLF'  linebreak-style
  37:1   [1m[31merror[39m[22m[1m  Expected linebreaks to be 'LF' but found 'CRLF'  linebreak-style
  38:46  [1m[31merror[39m[22m[1m  Expected linebreaks to be 'LF' but found 'CRLF'  linebreak-style
  39:50  [1m[31merror[39m[22m[1m  Expected linebreaks to be 'LF' but found 'CRLF'  linebreak-style
  40:1   [1m[31merror[39m[22m[1m  Expected linebreaks to be 'LF' but found 'CRLF'  linebreak-style
  41:55  [1m[31merror[39m[22m[1m  Expected linebreaks to be 'LF' but found 'CRLF'  linebreak-style
  42:63  [1m[31merror[39m[22m[1m  Expected linebreaks to be 'LF' but found 'CRLF'  linebreak-style
  43:1   [1m[31merror[39m[22m[1m  Expected linebreaks to be 'LF' but found 'CRLF'  linebreak-style
  44:24  [1m[31merror[39m[22m[1m  Expected linebreaks to be 'LF' but found 'CRLF'  linebreak-style
  45:3   [1m[31merror[39m[22m[1m  Expected linebreaks to be 'LF' but found 'CRLF'  linebreak-style
  46:1   [1m[31merror[39m[22m[1m  Expected linebreaks to be 'LF' but found 'CRLF'  linebreak-style
  47:59  [1m[31merror[39m[22m[1m  Expected linebreaks to be 'LF' but found 'CRLF'  linebreak-style
  48:30  [1m[31merror[39m[22m[1m  Expected linebreaks to be 'LF' but found 'CRLF'  linebreak-style
  49:57  [1m[31merror[39m[22m[1m  Expected linebreaks to be 'LF' but found 'CRLF'  linebreak-style
  50:1   [1m[31merror[39m[22m[1m  Expected linebreaks to be 'LF' but found 'CRLF'  linebreak-style
  51:34  [1m[31merror[39m[22m[1m  Expected linebreaks to be 'LF' but found 'CRLF'  linebreak-style
  52:51  [1m[31merror[39m[22m[1m  Expected linebreaks to be 'LF' but found 'CRLF'  linebreak-style
  53:1   [1m[31merror[39m[22m[1m  Expected linebreaks to be 'LF' but found 'CRLF'  linebreak-style
  54:35  [1m[31merror[39m[22m[1m  Expected linebreaks to be 'LF' but found 'CRLF'  linebreak-style
  55:60  [1m[31merror[39m[22m[1m  Expected linebreaks to be 'LF' but found 'CRLF'  linebreak-style
  56:1   [1m[31merror[39m[22m[1m  Expected linebreaks to be 'LF' but found 'CRLF'  linebreak-style
  57:46  [1m[31merror[39m[22m[1m  Expected linebreaks to be 'LF' but found 'CRLF'  linebreak-style
  58:53  [1m[31merror[39m[22m[1m  Expected linebreaks to be 'LF' but found 'CRLF'  linebreak-style
  59:1   [1m[31merror[39m[22m[1m  Expected linebreaks to be 'LF' but found 'CRLF'  linebreak-style
  60:58  [1m[31merror[39m[22m[1m  Expected linebreaks to be 'LF' but found 'CRLF'  linebreak-style
  61:60  [1m[31merror[39m[22m[1m  Expected linebreaks to be 'LF' but found 'CRLF'  linebreak-style
  62:32  [1m[31merror[39m[22m[1m  Expected linebreaks to be 'LF' but found 'CRLF'  linebreak-style
  63:37  [1m[31merror[39m[22m[1m  Expected linebreaks to be 'LF' but found 'CRLF'  linebreak-style
  64:28  [1m[31merror[39m[22m[1m  Expected linebreaks to be 'LF' but found 'CRLF'  linebreak-style
  65:4   [1m[31merror[39m[22m[1m  Expected linebreaks to be 'LF' but found 'CRLF'  linebreak-style
  66:1   [1m[31merror[39m[22m[1m  Expected linebreaks to be 'LF' but found 'CRLF'  linebreak-style
  67:30  [1m[31merror[39m[22m[1m  Expected linebreaks to be 'LF' but found 'CRLF'  linebreak-style
  68:1   [1m[31merror[39m[22m[1m  Expected linebreaks to be 'LF' but found 'CRLF'  linebreak-style
  69:24  [1m[31merror[39m[22m[1m  Expected linebreaks to be 'LF' but found 'CRLF'  linebreak-style
  70:3   [1m[31merror[39m[22m[1m  Expected linebreaks to be 'LF' but found 'CRLF'  linebreak-style

C:\Users\blaha5\Downloads\da\reactkys\crmWAcv\src\utils\mobileDetect.jsx
   1:37  [1m[31merror[39m[22m[1m  Expected linebreaks to be 'LF' but found 'CRLF'  linebreak-style
   2:1   [1m[31merror[39m[22m[1m  Expected linebreaks to be 'LF' but found 'CRLF'  linebreak-style
   3:27  [1m[31merror[39m[22m[1m  Expected linebreaks to be 'LF' but found 'CRLF'  linebreak-style
   4:52  [1m[31merror[39m[22m[1m  Expected linebreaks to be 'LF' but found 'CRLF'  linebreak-style
   5:29  [1m[31merror[39m[22m[1m  Expected linebreaks to be 'LF' but found 'CRLF'  linebreak-style
   6:5   [1m[31merror[39m[22m[1m  Expected linebreaks to be 'LF' but found 'CRLF'  linebreak-style
   7:20  [1m[31merror[39m[22m[1m  Expected linebreaks to be 'LF' but found 'CRLF'  linebreak-style
   8:54  [1m[31merror[39m[22m[1m  Expected linebreaks to be 'LF' but found 'CRLF'  linebreak-style
   9:1   [1m[31merror[39m[22m[1m  Expected linebreaks to be 'LF' but found 'CRLF'  linebreak-style
  10:53  [1m[31merror[39m[22m[1m  Expected linebreaks to be 'LF' but found 'CRLF'  linebreak-style
  11:69  [1m[31merror[39m[22m[1m  Expected linebreaks to be 'LF' but found 'CRLF'  linebreak-style
  12:10  [1m[31merror[39m[22m[1m  Expected linebreaks to be 'LF' but found 'CRLF'  linebreak-style
  13:5   [1m[31merror[39m[22m[1m  Expected linebreaks to be 'LF' but found 'CRLF'  linebreak-style
  14:18  [1m[31merror[39m[22m[1m  Expected linebreaks to be 'LF' but found 'CRLF'  linebreak-style
  15:3   [1m[31merror[39m[22m[1m  Expected linebreaks to be 'LF' but found 'CRLF'  linebreak-style
  16:1   [1m[31merror[39m[22m[1m  Expected linebreaks to be 'LF' but found 'CRLF'  linebreak-style
  17:27  [1m[31merror[39m[22m[1m  Expected linebreaks to be 'LF' but found 'CRLF'  linebreak-style

C:\Users\blaha5\Downloads\da\reactkys\crmWAcv\src\utils\translate.js
   1:32  [1m[31merror[39m[22m[1m  Expected linebreaks to be 'LF' but found 'CRLF'  linebreak-style
   2:20  [1m[31merror[39m[22m[1m  Expected linebreaks to be 'LF' but found 'CRLF'  linebreak-style
   3:24  [1m[31merror[39m[22m[1m  Expected linebreaks to be 'LF' but found 'CRLF'  linebreak-style
   4:22  [1m[31merror[39m[22m[1m  Expected linebreaks to be 'LF' but found 'CRLF'  linebreak-style
   5:23  [1m[31merror[39m[22m[1m  Expected linebreaks to be 'LF' but found 'CRLF'  linebreak-style
   6:28  [1m[31merror[39m[22m[1m  Expected linebreaks to be 'LF' but found 'CRLF'  linebreak-style
   7:13  [1m[31merror[39m[22m[1m  Expected linebreaks to be 'LF' but found 'CRLF'  linebreak-style
   8:21  [1m[31merror[39m[22m[1m  Expected linebreaks to be 'LF' but found 'CRLF'  linebreak-style
   9:4   [1m[31merror[39m[22m[1m  Expected linebreaks to be 'LF' but found 'CRLF'  linebreak-style
  10:3   [1m[31merror[39m[22m[1m  Expected linebreaks to be 'LF' but found 'CRLF'  linebreak-style
  11:26  [1m[31merror[39m[22m[1m  Expected linebreaks to be 'LF' but found 'CRLF'  linebreak-style

Ôťľ 6953 problems (6939 errors, 14 warnings)
  6937 errors and 0 warnings potentially fixable with the `--fix` option.
[39m[22m

[1m[31mERROR[39m[22m in [1m  [1m[31mError[39m[22m[1m: Child compilation [1m[31mfailed[39m[22m[1m:
  Module [1m[31mnot found[39m[22m[1m: [1m[31mError[39m[22m[1m: Can't resolve 'C:\Users\blaha5\Downloads\da\reactkys\  crmWAcv\template\index.html' in 'C:\Users\blaha5\Downloads\da\reactkys\crmWAcv  '
  ModuleNotFoundError: Module [1m[31mnot found[39m[22m[1m: [1m[31mError[39m[22m[1m: Can't resolve 'C:\Users\blaha5\D  ownloads\da\reactkys\crmWAcv\template\index.html' in 'C:\Users\blaha5\Download  s\da\reactkys\crmWAcv'
      at C:\Users\blaha5\Downloads\da\reactkys\crmWAcv\node_modules\webpack\lib\  Compilation.js:2123:28
      at C:\Users\blaha5\Downloads\da\reactkys\crmWAcv\node_modules\webpack\lib\  NormalModuleFactory.js:923:13
      at eval (eval at create (C:\Users\blaha5\Downloads\da\reactkys\crmWAcv\nod  e_modules\tapable\lib\HookCodeFactory.js:33:10), <anonymous>:10:1)
      at C:\Users\blaha5\Downloads\da\reactkys\crmWAcv\node_modules\webpack\lib\  NormalModuleFactory.js:339:22
      at eval (eval at create (C:\Users\blaha5\Downloads\da\reactkys\crmWAcv\nod  e_modules\tapable\lib\HookCodeFactory.js:33:10), <anonymous>:9:1)
      at C:\Users\blaha5\Downloads\da\reactkys\crmWAcv\node_modules\webpack\lib\  NormalModuleFactory.js:520:22
      at C:\Users\blaha5\Downloads\da\reactkys\crmWAcv\node_modules\webpack\lib\  NormalModuleFactory.js:151:10
      at C:\Users\blaha5\Downloads\da\reactkys\crmWAcv\node_modules\webpack\lib\  NormalModuleFactory.js:783:25
      at C:\Users\blaha5\Downloads\da\reactkys\crmWAcv\node_modules\webpack\lib\  NormalModuleFactory.js:1008:8
      at C:\Users\blaha5\Downloads\da\reactkys\crmWAcv\node_modules\webpack\lib\  NormalModuleFactory.js:1137:5
  
  - Compilation.js:2123 
    [crmWAcv]/[webpack]/lib/Compilation.js:2123:28
  
  - NormalModuleFactory.js:923 
    [crmWAcv]/[webpack]/lib/NormalModuleFactory.js:923:13
  
  
  - NormalModuleFactory.js:339 
    [crmWAcv]/[webpack]/lib/NormalModuleFactory.js:339:22
  
  
  - NormalModuleFactory.js:520 
    [crmWAcv]/[webpack]/lib/NormalModuleFactory.js:520:22
  
  - NormalModuleFactory.js:151 
    [crmWAcv]/[webpack]/lib/NormalModuleFactory.js:151:10
  
  - NormalModuleFactory.js:783 
    [crmWAcv]/[webpack]/lib/NormalModuleFactory.js:783:25
  
  - NormalModuleFactory.js:1008 
    [crmWAcv]/[webpack]/lib/NormalModuleFactory.js:1008:8
  
  - NormalModuleFactory.js:1137 
    [crmWAcv]/[webpack]/lib/NormalModuleFactory.js:1137:5
  
  - child-compiler.js:211 
    [crmWAcv]/[html-webpack-plugin]/lib/child-compiler.js:211:18
  
  - Compiler.js:629 finalCallback
    [crmWAcv]/[webpack]/lib/Compiler.js:629:5
  
  - Compiler.js:664 
    [crmWAcv]/[webpack]/lib/Compiler.js:664:11
  
  - Compiler.js:1350 
    [crmWAcv]/[webpack]/lib/Compiler.js:1350:17
  
  
  - Hook.js:18 Hook.CALL_ASYNC_DELEGATE [as _callAsync]
    [crmWAcv]/[tapable]/lib/Hook.js:18:14
  
  - Compiler.js:1346 
    [crmWAcv]/[webpack]/lib/Compiler.js:1346:33
  
  - Compilation.js:2938 finalCallback
    [crmWAcv]/[webpack]/lib/Compilation.js:2938:11
  
  - Compilation.js:3251 
    [crmWAcv]/[webpack]/lib/Compilation.js:3251:11
  
  
[39m[22m

[1m[31m1 ERROR in child compilations (Use 'stats.children: true' resp. '--stats-children' for more details)[39m[22m
webpack 5.97.1 compiled with [1m[31m3 errors[39m[22m and [1m[33m1 warning[39m[22m in 6893 ms
